{
    "601052": {
        "cd": 7.038474436735064e-38
    },
    "-60109953": {
        "speedLevel": 60109953
    },
    "-2": {
        "turnSpeedOverride": 4.1022772734322643e-08
    },
    "-28": {
        "turnSpeedOverride": 2.210671869532338e-34,
        "targetLRSpace": 0.0
    },
    "0": {
        "speedLevel": -96,
        "overtime": 0.0003239103243686259,
        "targetLRSpace": 1.920967163115961e-09
    },
    "24": {
        "speedLevel": -28,
        "turnSpeedOverride": -19.722980499267578,
        "targetLRSpace": 2.802596928649634e-45,
        "targetBackSpace": 0.0
    }
}