{
    "type": "CUTSCENE",
    "delayTime": 369976.03125,
    "durationToBlack": -2.8643767587856195e-14,
    "durationFromBlack": 2.3829596063678386e-38,
    "changeToInteePos": true,
    "useWhiteScreen": false,
    "needWaitClick": true,
    "showClickBtnDelayTime": -7.371502545611414e-38,
    "waitClickBtnTipTime": 3.549492669072655e+37,
    "useCustomColor": false
}