{
    "_type": "CUTSCENE",
    "_delayTime": 369976.03125,
    "_durationToBlack": -2.8643767587856195e-14,
    "_durationFromBlack": 2.3829596063678386e-38,
    "_changeToInteePos": true,
    "_useWhiteScreen": false,
    "_needWaitClick": true,
    "_showClickBtnDelayTime": -7.371502545611414e-38,
    "_waitClickBtnTipTime": 3.549492669072655e+37,
    "_useCustomColor": false
}