{
    "23": [
        {
            "position": {
                "z": 8.911957794715085e-38
            },
            "rotation": {
                "z": -3.73234232141583e-21
            }
        }
    ],
    "189": [
        {
            "position": {},
            "rotation": {
                "y": -0.06343217194080353
            }
        }
    ],
    "473316975": []
}