{
    "23": {
        "position": {
            "x": -6.15143285853282e+30,
            "y": 2.3512759678297616e-38,
            "z": 6.965370937928781e-38
        }
    },
    "1": {
        "position": {},
        "PJOLHGDGNML": {
            "y": -0.06343217194080353
        }
    },
    "473316975": {}
}