{
    "type": "SHOP_EXCHANGE",
    "delayTime": 369976.03125,
    "shakeDinstance": -6.387773625027111e+29,
    "shakeDir": {
        "x": 1.6673736829529022e-24,
        "z": -4.9847412109375
    },
    "useExtendSetting": true,
    "randomSetting": {
        "randomSeed": -3.0574447244287544e+31,
        "energyCurve": {
            "KJGOIINAOBF": []
        }
    }
}