{
    "_type": "SHOP_EXCHANGE",
    "_delayTime": 369976.03125,
    "_shakeDinstance": -6.387773625027111e+29,
    "_shakeDir": {
        "_x": 1.6673736829529022e-24,
        "_z": -4.9847412109375
    },
    "_useExtendSetting": true,
    "_randomSetting": {
        "_randomSeed": -3.0574447244287544e+31,
        "_energyCurve": {
            "ONGFECAECHA": []
        }
    }
}