{
    "-13": {
        "speedLevel": -593172
    },
    "-15503": {
        "EEBHEDIOBGJ": false
    },
    "-1": {
        "speedLevel": 12111,
        "EEBHEDIOBGJ": true,
        "HANLPKCKEKM": -5.991639234874206e+29,
        "LMIEABHOOFE": -3.6587979824684314e-13,
        "BIODEKFNOOC": 1.3696249151356832e-39
    }
}