{
    "-13": {
        "speedLevel": -593172
    },
    "-15503": {
        "EDOHJKOKFKN": false
    },
    "-1": {
        "speedLevel": 12111,
        "EDOHJKOKFKN": true,
        "BGNIOIBPAMH": -5.991639234874206e+29,
        "DIOFGLKKBDC": -3.6587979824684314e-13,
        "LEAGDFNKIFF": 1.3696249151356832e-39
    }
}