{
    "-13": {
        "PBLCCOKIJCD": -593172
    },
    "-15503": {
        "JHKKPLILNAG": false
    },
    "-1": {
        "PBLCCOKIJCD": 12111,
        "JHKKPLILNAG": true,
        "DOEGFPFFAHO": -5.991639234874206e+29,
        "NGEKNHMOFHO": -3.6587979824684314e-13,
        "EDKGAMDFIPF": 1.3696249151356832e-39
    }
}