{
    "-13": {
        "speedLevel": -593172
    },
    "-15503": {
        "CPCHBFPOCCE": false
    },
    "-1": {
        "speedLevel": 12111,
        "CPCHBFPOCCE": true,
        "GGAMONPPEHL": -5.991639234874206e+29,
        "JFPHGKFGKLN": -3.6587979824684314e-13,
        "FMJLDAFCNPM": 1.3696249151356832e-39
    }
}