{
    "sceneId": 40056,
    "actionPoints": [
        {
            "localId": 1,
            "type": "SitPoint",
            "pos": {
                "x": 0.26532280445098877,
                "y": 0.0841599702835083,
                "z": -7.296290874481201
            }
        },
        {
            "localId": 2,
            "type": "SitPoint",
            "pos": {
                "x": 6.69706916809082,
                "y": 0.08217152953147888,
                "z": 3.592766046524048
            }
        },
        {
            "localId": 3,
            "type": "SitPoint",
            "pos": {
                "x": -6.272017002105713,
                "y": 0.08196070790290833,
                "z": 3.4374899864196777
            }
        }
    ]
}