{
    "sceneId": 50053,
    "polygons": [
        {
            "yMin": 1,
            "localPolygonId": 80.0,
            "yMax": -30.0,
            "vertices": [
                {
                    "_x": 18.351818084716797,
                    "_y": 0.22427809238433838,
                    "_z": -15.065202713012695
                },
                {
                    "_x": -18.35445785522461,
                    "_y": 0.23314440250396729,
                    "_z": -15.112367630004883
                },
                {
                    "_x": -18.379348754882812,
                    "_y": 0.20645081996917725,
                    "_z": 21.737489700317383
                },
                {
                    "_x": 18.295242309570312,
                    "_y": 0.20645606517791748,
                    "_z": 21.724424362182617
                }
            ]
        }
    ]
}