{
    "JOPMNNJKAJC": 51019,
    "NABEMCGHLGH": [
        {
            "_localId": 1,
            "_name": "Route_001",
            "_points": [
                {
                    "_pos": {
                        "_x": 46.26515579223633,
                        "_y": 0.06588578224182129,
                        "_z": -41.155757904052734
                    }
                },
                {
                    "_pos": {
                        "_x": 46.277976989746094,
                        "_y": 0.06588578224182129,
                        "_z": -31.27461814880371
                    }
                },
                {
                    "_pos": {
                        "_x": -6.681778907775879,
                        "_y": 0.06588578224182129,
                        "_z": -31.269405364990234
                    }
                }
            ],
            "_rotAngleType": "ROT_ANGLE_Y",
            "_isSimulateTempRouteByTime": true
        }
    ]
}