{
    "sceneId": 45007,
    "polygons": [
        {
            "localPolygonId": 1,
            "yMax": 27.40357208251953,
            "yMin": -15.64406967163086,
            "vertices": [
                {
                    "x": 69.36286926269531,
                    "y": 7.403572082519531,
                    "z": 9.475544929504395
                },
                {
                    "x": 67.95260620117188,
                    "y": 5.186628341674805,
                    "z": 13.28156566619873
                },
                {
                    "x": 65.35386657714844,
                    "y": 4.355930328369141,
                    "z": 10.3217134475708
                }
            ]
        }
    ]
}