{
    "JOPMNNJKAJC": 50066,
    "NABEMCGHLGH": [
        {
            "_localId": 1,
            "_name": "Route_001",
            "_points": [
                {
                    "_pos": {
                        "_x": -84.43811798095703,
                        "_y": -572.6389770507812,
                        "_z": -176.73118591308594
                    },
                    "_targetVelocity": 4.5,
                    "_rotRoundReachDir": {
                        "_x": 2.6170129776000977,
                        "_y": 168.72705078125
                    },
                    "_rotRoundLeaveDir": {
                        "_x": 2.6170129776000977,
                        "_y": 168.72705078125
                    }
                },
                {
                    "_pos": {
                        "_x": -79.37478637695312,
                        "_y": -573.8228759765625,
                        "_z": -202.1331024169922
                    },
                    "_targetVelocity": 4.5,
                    "_rotRoundReachDir": {
                        "_x": 2.6170129776000977,
                        "_y": 168.72705078125
                    },
                    "_rotRoundLeaveDir": {
                        "_x": 2.6170129776000977,
                        "_y": 168.72705078125
                    }
                },
                {
                    "_pos": {
                        "_x": -79.17950439453125,
                        "_y": -573.8685302734375,
                        "_z": -203.11279296875
                    },
                    "_targetVelocity": 4.5,
                    "_rotRoundReachDir": {
                        "_x": 0.031045502051711082,
                        "_y": 153.94093322753906,
                        "_z": 4.1688172358611553e-10
                    },
                    "_rotRoundLeaveDir": {
                        "_x": 0.031045502051711082,
                        "_y": 153.94093322753906,
                        "_z": 4.1688172358611553e-10
                    }
                },
                {
                    "_pos": {
                        "_x": -71.30553436279297,
                        "_y": -573.8782348632812,
                        "_z": -219.2146759033203
                    },
                    "_targetVelocity": 4.5,
                    "_rotRoundReachDir": {
                        "_x": 0.031045502051711082,
                        "_y": 153.94093322753906,
                        "_z": 4.1688172358611553e-10
                    },
                    "_rotRoundLeaveDir": {
                        "_x": 0.031045502051711082,
                        "_y": 153.94093322753906,
                        "_z": 4.1688172358611553e-10
                    }
                },
                {
                    "_pos": {
                        "_x": -70.8662338256836,
                        "_y": -573.8787841796875,
                        "_z": -220.11302185058594
                    },
                    "_targetVelocity": 4.5,
                    "_reachStop": true
                }
            ],
            "_rotType": "ROT_ROUND",
            "_rotAngleType": "ROT_ANGLE_Y"
        }
    ]
}