{
    "JOPMNNJKAJC": 45011,
    "EOJFPAGMDLJ": [
        {
            "JCLLKIGJAOM": 1,
            "LPIPLLJKJNN": 14.107608795166016,
            "GOBPAFNOCKE": -25.909671783447266,
            "CBKMOGJLIHK": [
                {
                    "_x": 126.04443359375,
                    "_y": -5.892390727996826,
                    "_z": -39.09447479248047
                },
                {
                    "_x": 126.68463134765625,
                    "_y": -5.898512363433838,
                    "_z": -34.562232971191406
                },
                {
                    "_x": 122.83924865722656,
                    "_y": -5.909672737121582,
                    "_z": -36.93924331665039
                }
            ]
        }
    ]
}