{
    "JOPMNNJKAJC": 40060,
    "LDBODNMPBNM": [
        {
            "NEPOIBEANND": 1,
            "OMNDEBJIOCP": "SitPoint",
            "ECLBMPMBMLE": {
                "_x": 0.26532280445098877,
                "_y": 0.0841599702835083,
                "_z": -7.296290874481201
            }
        },
        {
            "NEPOIBEANND": 2,
            "OMNDEBJIOCP": "SitPoint",
            "ECLBMPMBMLE": {
                "_x": 6.69706916809082,
                "_y": 0.08217152953147888,
                "_z": 3.592766046524048
            }
        },
        {
            "NEPOIBEANND": 3,
            "OMNDEBJIOCP": "SitPoint",
            "ECLBMPMBMLE": {
                "_x": -6.272017002105713,
                "_y": 0.08196070790290833,
                "_z": 3.4374899864196777
            }
        }
    ]
}