{
    "JOPMNNJKAJC": 50075,
    "NABEMCGHLGH": [
        {
            "_localId": 1,
            "_name": "Route_001",
            "_type": "Reciprocate",
            "_points": [
                {
                    "_pos": {
                        "_x": 462.6856689453125,
                        "_y": 25.930147171020508,
                        "_z": 481.73931884765625
                    },
                    "_waitTime": 2.0,
                    "_targetVelocity": 1.5
                },
                {
                    "_pos": {
                        "_x": 465.5246887207031,
                        "_y": 25.930147171020508,
                        "_z": 484.0248718261719
                    },
                    "_waitTime": 2.0,
                    "_targetVelocity": 1.5
                }
            ],
            "_rotAngleType": "ROT_ANGLE_Y"
        },
        {
            "_localId": 2,
            "_name": "Route_002",
            "_type": "Reciprocate",
            "_points": [
                {
                    "_pos": {
                        "_x": 446.19049072265625,
                        "_y": 25.298425674438477,
                        "_z": 498.90045166015625
                    },
                    "_waitTime": 2.0,
                    "_targetVelocity": 2.0
                },
                {
                    "_pos": {
                        "_x": 438.85546875,
                        "_y": 30.945791244506836,
                        "_z": 501.1553649902344
                    },
                    "_waitTime": 2.0,
                    "_targetVelocity": 2.0
                }
            ],
            "_rotAngleType": "ROT_ANGLE_Y"
        }
    ]
}