{
    "PFKPMBMFFBN": 1000.0,
    "JLEFPCDMAEF": -500.0,
    "BIJJPOLBAGP": [
        {
            "GNAEKAFFDGE": 0,
            "OPLOHKDPPJA": 0,
            "GAPPFDPDMBP": {
                "_y": -1.6615484635187723e+35,
                "_z": -1.0339998012969905e-25
            }
        },
        {
            "GAPPFDPDMBP": {
                "_x": -1200.0,
                "_y": -500.0,
                "_z": -1200.0
            }
        },
        {
            "GNAEKAFFDGE": 0,
            "OPLOHKDPPJA": 0,
            "GAPPFDPDMBP": {
                "_y": -1.661573816530777e+35,
                "_z": -4398148747264.0
            }
        },
        {
            "GAPPFDPDMBP": {
                "_x": 1200.0,
                "_y": -500.0,
                "_z": 1700.0
            }
        }
    ]
}