{
    "ABCPECOGPIG": 1000.0,
    "KOCGPEFGFLG": -500.0,
    "AOJEOJIJFBJ": [
        {
            "CLDGFGALJFK": 0,
            "EAABEACBDOP": 0,
            "CJINDBFJHCI": {
                "y": -1.6615484635187723e+35,
                "z": -1.0339998012969905e-25
            }
        },
        {
            "CJINDBFJHCI": {
                "x": -1200.0,
                "y": -500.0,
                "z": -1200.0
            }
        },
        {
            "CLDGFGALJFK": 0,
            "EAABEACBDOP": 0,
            "CJINDBFJHCI": {
                "y": -1.661573816530777e+35,
                "z": -4398148747264.0
            }
        },
        {
            "CJINDBFJHCI": {
                "x": 1200.0,
                "y": -500.0,
                "z": 1700.0
            }
        }
    ]
}