{
    "JMGKJPBHGBE": [
        {
            "DLHDOPEOCLH": 1,
            "IAGEPKLDDGO": [
                {
                    "IBKGOOODANA": 3750102,
                    "GAABHINBFDA": {
                        "x": 800.5,
                        "y": 318.1564025878906,
                        "z": 124.0
                    },
                    "HKNPDBCEMPM": {
                        "y": 188.15536499023438
                    },
                    "ABDMNGCNJDC": 0
                }
            ],
            "PEDNFGNNGAG": [
                {
                    "pos": {
                        "x": 792.0,
                        "y": 316.70001220703125,
                        "z": 192.0
                    },
                    "rot": {
                        "y": 176.0
                    }
                }
            ]
        },
        {
            "DLHDOPEOCLH": 2,
            "PEDNFGNNGAG": [
                {
                    "pos": {
                        "x": 740.0,
                        "y": 341.0,
                        "z": 311.0
                    },
                    "rot": {
                        "y": 31.0
                    }
                }
            ]
        },
        {
            "DLHDOPEOCLH": 3,
            "PEDNFGNNGAG": [
                {
                    "pos": {
                        "x": 673.0,
                        "y": 411.6000061035156,
                        "z": 551.0
                    },
                    "rot": {
                        "y": 36.0
                    }
                }
            ]
        },
        {
            "DLHDOPEOCLH": 4,
            "PEDNFGNNGAG": [
                {
                    "pos": {
                        "x": 256.0,
                        "y": 524.2000122070312,
                        "z": 766.0
                    },
                    "rot": {
                        "y": -55.0
                    }
                }
            ]
        }
    ],
    "NMBAGDEFEEJ": true,
    "MALENMHDLCC": {
        "x": 798.4270629882812,
        "y": 319.326416015625,
        "z": 108.68922424316406
    },
    "PDLONNJKJBC": {
        "y": 188.15536499023438
    },
    "EKAIPJOILGC": {
        "IBKGOOODANA": 3750102,
        "GAABHINBFDA": {
            "x": 800.5,
            "y": 318.1564025878906,
            "z": 124.0
        },
        "HKNPDBCEMPM": {
            "y": 188.15536499023438
        },
        "ABDMNGCNJDC": 1
    },
    "LALBEBDGHPG": {
        "x": 795.6785278320312,
        "y": 319.6763916015625,
        "z": 110.16404724121094
    },
    "BFJJGFEKHCK": 2
}