{
    "AKOLOBLHDFK": [
        {
            "ANICBLBOBKD": 1,
            "NCIMIKKFLOH": [
                {
                    "FFLCGFGGGND": 3750102,
                    "BPCGGBKIAMG": {
                        "_x": 800.5,
                        "_y": 318.1564025878906,
                        "_z": 124.0
                    },
                    "DIBEELCNODL": {
                        "_y": 188.15536499023438
                    },
                    "JPBKGBJNHMC": 0
                }
            ],
            "BIMBMJKLOEK": [
                {
                    "ECLBMPMBMLE": {
                        "_x": 792.0,
                        "_y": 316.70001220703125,
                        "_z": 192.0
                    },
                    "FANCKABFCPH": {
                        "_y": 176.0
                    }
                }
            ]
        },
        {
            "ANICBLBOBKD": 2,
            "BIMBMJKLOEK": [
                {
                    "ECLBMPMBMLE": {
                        "_x": 740.0,
                        "_y": 341.0,
                        "_z": 311.0
                    },
                    "FANCKABFCPH": {
                        "_y": 31.0
                    }
                }
            ]
        },
        {
            "ANICBLBOBKD": 3,
            "BIMBMJKLOEK": [
                {
                    "ECLBMPMBMLE": {
                        "_x": 673.0,
                        "_y": 411.6000061035156,
                        "_z": 551.0
                    },
                    "FANCKABFCPH": {
                        "_y": 36.0
                    }
                }
            ]
        },
        {
            "ANICBLBOBKD": 4,
            "BIMBMJKLOEK": [
                {
                    "ECLBMPMBMLE": {
                        "_x": 256.0,
                        "_y": 524.2000122070312,
                        "_z": 766.0
                    },
                    "FANCKABFCPH": {
                        "_y": -55.0
                    }
                }
            ]
        }
    ],
    "AAGLCHBNJGC": true,
    "MBICDPDEKDM": {
        "_x": 798.4270629882812,
        "_y": 319.326416015625,
        "_z": 108.68922424316406
    },
    "EJJIOJKFKCO": {
        "_y": 188.15536499023438
    },
    "AMDNOHPGKMI": {
        "FFLCGFGGGND": 3750102,
        "BPCGGBKIAMG": {
            "_x": 800.5,
            "_y": 318.1564025878906,
            "_z": 124.0
        },
        "DIBEELCNODL": {
            "_y": 188.15536499023438
        },
        "JPBKGBJNHMC": 1
    },
    "CJAKHCIFHNP": {
        "_x": 795.6785278320312,
        "_y": 319.6763916015625,
        "_z": 110.16404724121094
    },
    "NDOFFKKGHEH": 2
}