{
    "MLMGEGPCPFO": [
        {
            "PECLNJKBJHB": 1,
            "CIDJGFJNBAL": [
                {
                    "MJOMLPBEGBG": 3750102,
                    "FMIFIEJJEFN": {
                        "x": 800.5,
                        "y": 318.1564025878906,
                        "z": 124.0
                    },
                    "LLIDAKOMAGP": {
                        "y": 188.15536499023438
                    },
                    "MCGNFKLPJBD": 0
                }
            ],
            "PCCGHOPCBOJ": [
                {
                    "pos": {
                        "x": 792.0,
                        "y": 316.70001220703125,
                        "z": 192.0
                    },
                    "rot": {
                        "y": 176.0
                    }
                }
            ]
        },
        {
            "PECLNJKBJHB": 2,
            "PCCGHOPCBOJ": [
                {
                    "pos": {
                        "x": 740.0,
                        "y": 341.0,
                        "z": 311.0
                    },
                    "rot": {
                        "y": 31.0
                    }
                }
            ]
        },
        {
            "PECLNJKBJHB": 3,
            "PCCGHOPCBOJ": [
                {
                    "pos": {
                        "x": 673.0,
                        "y": 411.6000061035156,
                        "z": 551.0
                    },
                    "rot": {
                        "y": 36.0
                    }
                }
            ]
        },
        {
            "PECLNJKBJHB": 4,
            "PCCGHOPCBOJ": [
                {
                    "pos": {
                        "x": 256.0,
                        "y": 524.2000122070312,
                        "z": 766.0
                    },
                    "rot": {
                        "y": -55.0
                    }
                }
            ]
        }
    ],
    "HOKMOGNHGGK": true,
    "KJDNKDGKDIH": {
        "x": 798.4270629882812,
        "y": 319.326416015625,
        "z": 108.68922424316406
    },
    "EFNKJDBEKPO": {
        "y": 188.15536499023438
    },
    "HHMHOIPIAHN": {
        "MJOMLPBEGBG": 3750102,
        "FMIFIEJJEFN": {
            "x": 800.5,
            "y": 318.1564025878906,
            "z": 124.0
        },
        "LLIDAKOMAGP": {
            "y": 188.15536499023438
        },
        "MCGNFKLPJBD": 1
    },
    "HGJEFKHILPI": {
        "x": 795.6785278320312,
        "y": 319.6763916015625,
        "z": 110.16404724121094
    },
    "OAMFIIDNOHL": 2
}