{
    "FDCNNMAJFMH": 8,
    "JOPMNNJKAJC": 3,
    "BOLBJNGCJMA": [
        {
            "$type": "BGFEMIJBKEM",
            "FDCNNMAJFMH": 801,
            "APOBHLMIPNP": [
                {
                    "ECLBMPMBMLE": {
                        "_x": 805.6356201171875,
                        "_y": 222.3090362548828,
                        "_z": 6303.515625
                    },
                    "FANCKABFCPH": {
                        "_y": 31.85760498046875
                    },
                    "MCNOGNBMIDN": {
                        "$type": "LLNPBLICDHC",
                        "GKIBEHOFNBF": true,
                        "BJFNPGBKPHH": 55.18760299682617,
                        "PGAJCDACFCA": "Center",
                        "IJDCDHPEIEK": 51.02778625488281,
                        "KMCIHHPLFHL": 75.83537292480469
                    }
                },
                {
                    "ECLBMPMBMLE": {
                        "_x": 875.64208984375,
                        "_y": 177.6838836669922,
                        "_z": 6326.94140625
                    },
                    "MCNOGNBMIDN": {
                        "$type": "LLNPBLICDHC",
                        "GKIBEHOFNBF": true,
                        "BJFNPGBKPHH": 75.20407104492188,
                        "PGAJCDACFCA": "Center",
                        "IJDCDHPEIEK": 129.3692626953125,
                        "KMCIHHPLFHL": 51.38593292236328
                    }
                },
                {
                    "ECLBMPMBMLE": {
                        "_x": 1055.4697265625,
                        "_y": 122.71998596191406,
                        "_z": 6515.498046875
                    },
                    "MCNOGNBMIDN": {
                        "$type": "AHGOEMFKHDG",
                        "GKIBEHOFNBF": true,
                        "BJFNPGBKPHH": 100.0,
                        "KIFPAPHCOAF": 270.0
                    }
                }
            ],
            "LJCJMJPFIDM": [
                {
                    "FDCNNMAJFMH": 8010001,
                    "OMNDEBJIOCP": "REGION_ENTRANCE",
                    "ECLBMPMBMLE": {
                        "_x": 790.8572998046875,
                        "_y": 214.63955688476562,
                        "_z": 6268.94384765625
                    },
                    "NOLLFBOGIHL": "LOGIC_AND",
                    "KPKNCBHBPNG": [
                        8010002
                    ],
                    "PCJHKFGIPKL": 4294967295,
                    "DBMNOLLKFJK": 4294967295
                }
            ],
            "NMOGJNCCFND": true
        }
    ]
}