{
    "id": 8,
    "sceneId": 3,
    "DHHLJABJGCE": [
        {
            "$type": "NFOKOHJHEPJ",
            "id": 801,
            "EBIGNHGBLJF": [
                {
                    "pos": {
                        "x": 805.6356201171875,
                        "y": 222.3090362548828,
                        "z": 6303.515625
                    },
                    "rot": {
                        "y": 31.85760498046875
                    },
                    "shape": {
                        "$type": "NDFENLCJONG",
                        "KMPIJPHJAEN": true,
                        "height": 55.18760299682617,
                        "GHAGDAIJFHJ": "Center",
                        "width": 51.02778625488281,
                        "length": 75.83537292480469
                    }
                },
                {
                    "pos": {
                        "x": 875.64208984375,
                        "y": 177.6838836669922,
                        "z": 6326.94140625
                    },
                    "shape": {
                        "$type": "NDFENLCJONG",
                        "KMPIJPHJAEN": true,
                        "height": 75.20407104492188,
                        "GHAGDAIJFHJ": "Center",
                        "width": 129.3692626953125,
                        "length": 51.38593292236328
                    }
                },
                {
                    "pos": {
                        "x": 1055.4697265625,
                        "y": 122.71998596191406,
                        "z": 6515.498046875
                    },
                    "shape": {
                        "$type": "KLEALMDLLEH",
                        "KMPIJPHJAEN": true,
                        "height": 100.0,
                        "radius": 270.0
                    }
                }
            ],
            "KCHMJKKMKLB": [
                {
                    "id": 8010001,
                    "type": "REGION_ENTRANCE",
                    "pos": {
                        "x": 790.8572998046875,
                        "y": 214.63955688476562,
                        "z": 6268.94384765625
                    },
                    "MFCIEPKGCCH": "LOGIC_AND",
                    "IBGCPOAAKFD": [
                        8010002
                    ],
                    "AAJEALDDIKO": 4294967295,
                    "PBIAPPHJGKO": 4294967295
                }
            ],
            "CHBLBBNGAHG": true
        }
    ]
}