{
    "minArea": {
        "y": 1.1756961378011503e-37
    },
    "maxArea": {
        "x": 2.4262952434237553e-35,
        "y": 3.791084524187583e-37
    }
}