{
    "FDCNNMAJFMH": 2101,
    "APOBHLMIPNP": [
        {
            "ECLBMPMBMLE": {
                "_x": -1774.363525390625,
                "_y": 214.27830505371094,
                "_z": 3679.12109375
            },
            "FANCKABFCPH": {
                "_y": 357.7494812011719
            },
            "MCNOGNBMIDN": {
                "$type": "LLNPBLICDHC",
                "GKIBEHOFNBF": true,
                "BJFNPGBKPHH": 22.749765396118164,
                "PGAJCDACFCA": "Center",
                "IJDCDHPEIEK": 23.342906951904297,
                "KMCIHHPLFHL": 82.61183166503906
            }
        },
        {
            "ECLBMPMBMLE": {
                "_x": -1790.92333984375,
                "_y": 193.72024536132812,
                "_z": 3629.028564453125
            },
            "MCNOGNBMIDN": {
                "$type": "AHGOEMFKHDG",
                "GKIBEHOFNBF": true,
                "BJFNPGBKPHH": 61.32140350341797,
                "KIFPAPHCOAF": 46.82738494873047
            }
        },
        {
            "ECLBMPMBMLE": {
                "_x": -1775.6165771484375,
                "_y": 251.0062713623047,
                "_z": 3704.324951171875
            },
            "MCNOGNBMIDN": {
                "$type": "AHGOEMFKHDG",
                "GKIBEHOFNBF": true,
                "BJFNPGBKPHH": 79.9432601928711,
                "KIFPAPHCOAF": 14.652266502380371
            }
        }
    ],
    "LJCJMJPFIDM": [
        {
            "FDCNNMAJFMH": 21010004,
            "OMNDEBJIOCP": "REGION_ENTRANCE",
            "ECLBMPMBMLE": {
                "_x": -1776.834228515625,
                "_y": 289.8721923828125,
                "_z": 3700.90625
            },
            "NOLLFBOGIHL": "LOGIC_AND",
            "KPKNCBHBPNG": [
                21010001
            ],
            "PCJHKFGIPKL": 4294967295,
            "DBMNOLLKFJK": 4294967295
        }
    ],
    "NMOGJNCCFND": true,
    "OKJIDAEFIOD": [
        {
            "FDCNNMAJFMH": 21010001,
            "ECLBMPMBMLE": {
                "_x": -1773.319091796875,
                "_y": 214.10000610351562,
                "_z": 3698.417724609375
            },
            "NOLLFBOGIHL": "LOGIC_AND",
            "KPKNCBHBPNG": [
                21010002,
                21010004
            ]
        },
        {
            "FDCNNMAJFMH": 21010002,
            "ECLBMPMBMLE": {
                "_x": -1782.069580078125,
                "_y": 200.57423400878906,
                "_z": 3652.841796875
            },
            "NOLLFBOGIHL": "LOGIC_AND",
            "KPKNCBHBPNG": [
                21010001,
                21010003
            ]
        },
        {
            "FDCNNMAJFMH": 21010003,
            "ECLBMPMBMLE": {
                "_x": -1778.9005126953125,
                "_y": 165.5,
                "_z": 3611.0693359375
            },
            "NOLLFBOGIHL": "LOGIC_AND",
            "KPKNCBHBPNG": [
                21010002
            ]
        },
        {
            "FDCNNMAJFMH": 21010004,
            "OMNDEBJIOCP": "REGION_ENTRANCE",
            "ECLBMPMBMLE": {
                "_x": -1776.834228515625,
                "_y": 289.8721923828125,
                "_z": 3700.90625
            },
            "NOLLFBOGIHL": "LOGIC_AND",
            "KPKNCBHBPNG": [
                21010001
            ],
            "PCJHKFGIPKL": 4294967295,
            "DBMNOLLKFJK": 4294967295
        }
    ]
}