{
    "FDCNNMAJFMH": 401,
    "APOBHLMIPNP": [
        {
            "ECLBMPMBMLE": {
                "_x": 841.1978759765625,
                "_y": 212.30911254882812,
                "_z": 5623.9775390625
            },
            "FANCKABFCPH": {
                "_y": 349.642822265625
            },
            "MCNOGNBMIDN": {
                "$type": "LLNPBLICDHC",
                "GKIBEHOFNBF": true,
                "BJFNPGBKPHH": 50.0,
                "PGAJCDACFCA": "Center",
                "IJDCDHPEIEK": 105.0,
                "KMCIHHPLFHL": 188.8188018798828
            }
        }
    ],
    "LJCJMJPFIDM": [
        {
            "FDCNNMAJFMH": 4010001,
            "OMNDEBJIOCP": "REGION_ENTRANCE",
            "ECLBMPMBMLE": {
                "_x": 857.77783203125,
                "_y": 226.2035369873047,
                "_z": 5719.5166015625
            },
            "NOLLFBOGIHL": "LOGIC_AND",
            "KPKNCBHBPNG": [
                4010002
            ],
            "PCJHKFGIPKL": 4294967295,
            "DBMNOLLKFJK": 4294967295
        }
    ],
    "NMOGJNCCFND": true,
    "OKJIDAEFIOD": [
        {
            "FDCNNMAJFMH": 4010001,
            "OMNDEBJIOCP": "REGION_ENTRANCE",
            "ECLBMPMBMLE": {
                "_x": 857.77783203125,
                "_y": 226.2035369873047,
                "_z": 5719.5166015625
            },
            "NOLLFBOGIHL": "LOGIC_AND",
            "KPKNCBHBPNG": [
                4010002
            ],
            "PCJHKFGIPKL": 4294967295,
            "DBMNOLLKFJK": 4294967295
        },
        {
            "FDCNNMAJFMH": 4010002,
            "ECLBMPMBMLE": {
                "_x": 863.5166015625,
                "_y": 225.0335693359375,
                "_z": 5705.74072265625
            },
            "NOLLFBOGIHL": "LOGIC_AND",
            "KPKNCBHBPNG": [
                4010001,
                4010003
            ]
        },
        {
            "FDCNNMAJFMH": 4010003,
            "ECLBMPMBMLE": {
                "_x": 866.6871337890625,
                "_y": 221.67864990234375,
                "_z": 5694.53759765625
            },
            "NOLLFBOGIHL": "LOGIC_AND",
            "KPKNCBHBPNG": [
                4010002,
                4010004
            ]
        },
        {
            "FDCNNMAJFMH": 4010004,
            "ECLBMPMBMLE": {
                "_x": 855.7930908203125,
                "_y": 217.2744903564453,
                "_z": 5681.3408203125
            },
            "NOLLFBOGIHL": "LOGIC_AND",
            "KPKNCBHBPNG": [
                4010003,
                4010005
            ]
        },
        {
            "FDCNNMAJFMH": 4010005,
            "ECLBMPMBMLE": {
                "_x": 855.71728515625,
                "_y": 213.91000366210938,
                "_z": 5658.82275390625
            },
            "NOLLFBOGIHL": "LOGIC_AND",
            "KPKNCBHBPNG": [
                4010004,
                4010006
            ]
        },
        {
            "FDCNNMAJFMH": 4010006,
            "ECLBMPMBMLE": {
                "_x": 873.0173950195312,
                "_y": 195.53253173828125,
                "_z": 5586.14013671875
            },
            "NOLLFBOGIHL": "LOGIC_AND",
            "KPKNCBHBPNG": [
                4010005,
                4010007
            ]
        },
        {
            "FDCNNMAJFMH": 4010007,
            "ECLBMPMBMLE": {
                "_x": 877.08642578125,
                "_y": 195.09149169921875,
                "_z": 5572.95263671875
            },
            "NOLLFBOGIHL": "LOGIC_AND",
            "KPKNCBHBPNG": [
                4010006,
                4010008
            ]
        },
        {
            "FDCNNMAJFMH": 4010008,
            "ECLBMPMBMLE": {
                "_x": 888.3502807617188,
                "_y": 195.84214782714844,
                "_z": 5564.525390625
            },
            "IIINDEGPAKE": "CAVE_POLYGON",
            "PMIKAILOGPL": {
                "OMNDEBJIOCP": "INSIDE_RADIUS",
                "IOKLMPNGHLD": 10.0
            },
            "NOLLFBOGIHL": "LOGIC_AND",
            "KPKNCBHBPNG": [
                4010007
            ]
        }
    ]
}