{
    "376620489": {},
    "0": {},
    "55873886": {},
    "-34": {
        "turnSpeedOverrideWalk": 2.9669713891157144e-34,
        "turnSpeedOverrideRun": -6004.3837890625,
        "spacial": false,
        "spacialRoll": false
    },
    "36": {
        "turnSpeedOverrideWalk": -2760.32568359375,
        "turnSpeedOverrideRun": -0.0033840553369373083
    },
    "-633251": {
        "turnSpeedOverrideWalk": 6.7561742560876336e-18,
        "turnSpeedOverrideRun": -4.6737277443753555e-05,
        "spacial": true,
        "spacialRoll": true
    },
    "-35": {},
    "-819171": {
        "turnSpeedOverrideRun": 9.45857703271713e-09,
        "spacialRoll": true
    }
}