{
    "FDCNNMAJFMH": 10,
    "JOPMNNJKAJC": 3,
    "BOLBJNGCJMA": [
        {
            "$type": "BGFEMIJBKEM",
            "FDCNNMAJFMH": 1001,
            "APOBHLMIPNP": [
                {
                    "ECLBMPMBMLE": {
                        "_x": 671.2432250976562,
                        "_y": 182.30941772460938,
                        "_z": 6713.03515625
                    },
                    "FANCKABFCPH": {
                        "_y": 340.10430908203125
                    },
                    "MCNOGNBMIDN": {
                        "$type": "LLNPBLICDHC",
                        "GKIBEHOFNBF": true,
                        "BJFNPGBKPHH": 97.65815734863281,
                        "PGAJCDACFCA": "Center",
                        "IJDCDHPEIEK": 150.45777893066406,
                        "KMCIHHPLFHL": 104.79888916015625
                    }
                },
                {
                    "ECLBMPMBMLE": {
                        "_x": 586.695556640625,
                        "_y": 221.493408203125,
                        "_z": 6681.22216796875
                    },
                    "FANCKABFCPH": {
                        "_y": 15.469970703125,
                        "_z": 251.34091186523438
                    },
                    "MCNOGNBMIDN": {
                        "$type": "GBOHOHBOGIJ",
                        "GKIBEHOFNBF": true,
                        "BJFNPGBKPHH": 58.53860092163086,
                        "IJDCDHPEIEK": 18.731487274169922,
                        "KMCIHHPLFHL": 17.827234268188477
                    }
                },
                {
                    "ECLBMPMBMLE": {
                        "_x": 550.336669921875,
                        "_y": 228.92343139648438,
                        "_z": 6689.3330078125
                    },
                    "FANCKABFCPH": {
                        "_x": 1.4473633766174316,
                        "_y": 2.3696789741516113,
                        "_z": 354.31854248046875
                    },
                    "MCNOGNBMIDN": {
                        "$type": "GBOHOHBOGIJ",
                        "GKIBEHOFNBF": true,
                        "BJFNPGBKPHH": 18.510496139526367,
                        "IJDCDHPEIEK": 33.53312301635742,
                        "KMCIHHPLFHL": 24.21186065673828
                    }
                },
                {
                    "ECLBMPMBMLE": {
                        "_x": 661.0826416015625,
                        "_y": 213.79031372070312,
                        "_z": 6534.216796875
                    },
                    "FANCKABFCPH": {
                        "_x": 15.318227767944336
                    },
                    "MCNOGNBMIDN": {
                        "$type": "GBOHOHBOGIJ",
                        "GKIBEHOFNBF": true,
                        "BJFNPGBKPHH": 40.58497619628906,
                        "IJDCDHPEIEK": 65.15800476074219,
                        "KMCIHHPLFHL": 288.88092041015625
                    }
                },
                {
                    "ECLBMPMBMLE": {
                        "_x": 686.0765380859375,
                        "_y": 251.99232482910156,
                        "_z": 6442.42626953125
                    },
                    "FANCKABFCPH": {
                        "_x": 34.943538665771484,
                        "_y": 324.4668884277344,
                        "_z": 7.751157283782959
                    },
                    "MCNOGNBMIDN": {
                        "$type": "GBOHOHBOGIJ",
                        "GKIBEHOFNBF": true,
                        "BJFNPGBKPHH": 39.3233642578125,
                        "IJDCDHPEIEK": 37.29954528808594,
                        "KMCIHHPLFHL": 67.72317504882812
                    }
                },
                {
                    "ECLBMPMBMLE": {
                        "_x": 722.522216796875,
                        "_y": 294.72650146484375,
                        "_z": 6386.0458984375
                    },
                    "FANCKABFCPH": {
                        "_x": 352.5589599609375,
                        "_y": 68.92139434814453,
                        "_z": 22.74146270751953
                    },
                    "MCNOGNBMIDN": {
                        "$type": "GBOHOHBOGIJ",
                        "GKIBEHOFNBF": true,
                        "BJFNPGBKPHH": 25.4403076171875,
                        "IJDCDHPEIEK": 111.7865219116211,
                        "KMCIHHPLFHL": 36.189090728759766
                    }
                }
            ],
            "LJCJMJPFIDM": [
                {
                    "FDCNNMAJFMH": 10010001,
                    "OMNDEBJIOCP": "REGION_ENTRANCE",
                    "ECLBMPMBMLE": {
                        "_x": 537.1275024414062,
                        "_y": 228.1937255859375,
                        "_z": 6693.01708984375
                    },
                    "NOLLFBOGIHL": "LOGIC_AND",
                    "KPKNCBHBPNG": [
                        10010002
                    ],
                    "PCJHKFGIPKL": 4294967295,
                    "DBMNOLLKFJK": 4294967295
                },
                {
                    "FDCNNMAJFMH": 10010022,
                    "ECLBMPMBMLE": {
                        "_x": 673.84765625,
                        "_y": 165.45181274414062,
                        "_z": 6768.33203125
                    },
                    "NOLLFBOGIHL": "LOGIC_AND",
                    "KPKNCBHBPNG": [
                        10010021
                    ],
                    "PCJHKFGIPKL": 1002,
                    "DBMNOLLKFJK": 10020008
                },
                {
                    "FDCNNMAJFMH": 10010023,
                    "OMNDEBJIOCP": "REGION_TRANSPORT",
                    "ECLBMPMBMLE": {
                        "_x": 689.9678344726562,
                        "_y": 159.54293823242188,
                        "_z": 6740.78564453125
                    },
                    "EPGBBIDENKO": 200,
                    "MFMOFPBEPHK": [
                        {
                            "OMNDEBJIOCP": "TRANSPORT_UNLOCKED",
                            "MPAELDGPBLD": 748
                        }
                    ],
                    "NOLLFBOGIHL": "LOGIC_AND",
                    "KPKNCBHBPNG": [
                        10010021
                    ],
                    "PCJHKFGIPKL": 4294967295,
                    "DBMNOLLKFJK": 4294967295
                }
            ]
        },
        {
            "$type": "BGFEMIJBKEM",
            "FDCNNMAJFMH": 1002,
            "APOBHLMIPNP": [
                {
                    "ECLBMPMBMLE": {
                        "_x": 530.7888793945312,
                        "_y": 200.31939697265625,
                        "_z": 6834.921875
                    },
                    "FANCKABFCPH": {
                        "_y": 338.5597839355469
                    },
                    "MCNOGNBMIDN": {
                        "$type": "LLNPBLICDHC",
                        "GKIBEHOFNBF": true,
                        "BJFNPGBKPHH": 108.41436767578125,
                        "PGAJCDACFCA": "Center",
                        "IJDCDHPEIEK": 192.75631713867188,
                        "KMCIHHPLFHL": 170.76771545410156
                    }
                },
                {
                    "ECLBMPMBMLE": {
                        "_x": 656.964599609375,
                        "_y": 174.84368896484375,
                        "_z": 6784.3134765625
                    },
                    "FANCKABFCPH": {
                        "_x": 2.081652879714966,
                        "_y": 41.6026496887207,
                        "_z": 349.2574462890625
                    },
                    "MCNOGNBMIDN": {
                        "$type": "GBOHOHBOGIJ",
                        "GKIBEHOFNBF": true,