{
    "id": 10,
    "sceneId": 3,
    "KIHNIKAMELG": [
        {
            "$type": "JAKLAFDELIJ",
            "id": 1001,
            "LHBPBEHFHOO": [
                {
                    "pos": {
                        "x": 671.2432250976562,
                        "y": 182.30941772460938,
                        "z": 6713.03515625
                    },
                    "rot": {
                        "y": 340.10430908203125
                    },
                    "shape": {
                        "$type": "KLMBGIDHBDA",
                        "MNJJPFENMPD": true,
                        "height": 97.65815734863281,
                        "JELJIJGLKLO": "Center",
                        "width": 150.45777893066406,
                        "length": 104.79888916015625
                    }
                },
                {
                    "pos": {
                        "x": 586.695556640625,
                        "y": 221.493408203125,
                        "z": 6681.22216796875
                    },
                    "rot": {
                        "y": 15.469970703125,
                        "z": 251.34091186523438
                    },
                    "shape": {
                        "$type": "BGPFMKBNBDK",
                        "MNJJPFENMPD": true,
                        "height": 58.53860092163086,
                        "width": 18.731487274169922,
                        "length": 17.827234268188477
                    }
                },
                {
                    "pos": {
                        "x": 550.336669921875,
                        "y": 228.92343139648438,
                        "z": 6689.3330078125
                    },
                    "rot": {
                        "x": 1.4473633766174316,
                        "y": 2.3696789741516113,
                        "z": 354.31854248046875
                    },
                    "shape": {
                        "$type": "BGPFMKBNBDK",
                        "MNJJPFENMPD": true,
                        "height": 18.510496139526367,
                        "width": 33.53312301635742,
                        "length": 24.21186065673828
                    }
                },
                {
                    "pos": {
                        "x": 661.0826416015625,
                        "y": 213.79031372070312,
                        "z": 6534.216796875
                    },
                    "rot": {
                        "x": 15.318227767944336
                    },
                    "shape": {
                        "$type": "BGPFMKBNBDK",
                        "MNJJPFENMPD": true,
                        "height": 40.58497619628906,
                        "width": 65.15800476074219,
                        "length": 288.88092041015625
                    }
                },
                {
                    "pos": {
                        "x": 686.0765380859375,
                        "y": 251.99232482910156,
                        "z": 6442.42626953125
                    },
                    "rot": {
                        "x": 34.943538665771484,
                        "y": 324.4668884277344,
                        "z": 7.751157283782959
                    },
                    "shape": {
                        "$type": "BGPFMKBNBDK",
                        "MNJJPFENMPD": true,
                        "height": 39.3233642578125,
                        "width": 37.29954528808594,
                        "length": 67.72317504882812
                    }
                },
                {
                    "pos": {
                        "x": 722.522216796875,
                        "y": 294.72650146484375,
                        "z": 6386.0458984375
                    },
                    "rot": {
                        "x": 352.5589599609375,
                        "y": 68.92139434814453,
                        "z": 22.74146270751953
                    },
                    "shape": {
                        "$type": "BGPFMKBNBDK",
                        "MNJJPFENMPD": true,
                        "height": 25.4403076171875,
                        "width": 111.7865219116211,
                        "length": 36.189090728759766
                    }
                }
            ],
            "PEGEAJOOKMP": [
                {
                    "id": 10010001,
                    "type": "REGION_ENTRANCE",
                    "pos": {
                        "x": 537.1275024414062,
                        "y": 228.1937255859375,
                        "z": 6693.01708984375
                    },
                    "BMFIHMPCCEA": "LOGIC_AND",
                    "BBGBHHNJOIE": [
                        10010002
                    ],
                    "LEDBNFMONEA": 4294967295,
                    "PPHBCJMIMDK": 4294967295
                },
                {
                    "id": 10010022,
                    "pos": {
                        "x": 673.84765625,
                        "y": 165.45181274414062,
                        "z": 6768.33203125
                    },
                    "BMFIHMPCCEA": "LOGIC_AND",
                    "BBGBHHNJOIE": [
                        10010021
                    ],
                    "LEDBNFMONEA": 1002,
                    "PPHBCJMIMDK": 10020008
                },
                {
                    "id": 10010023,
                    "type": "REGION_TRANSPORT",
                    "pos": {
                        "x": 689.9678344726562,
                        "y": 159.54293823242188,
                        "z": 6740.78564453125
                    },
                    "priority": 200,
                    "BIJOAGFIDPC": [
                        {
                            "type": "TRANSPORT_UNLOCKED",
                            "BAMDAIKLNCN": 748
                        }
                    ],
                    "BMFIHMPCCEA": "LOGIC_AND",
                    "BBGBHHNJOIE": [
                        10010021
                    ],
                    "LEDBNFMONEA": 4294967295,
                    "PPHBCJMIMDK": 4294967295
                }
            ]
        },
        {
            "$type": "JAKLAFDELIJ",
            "id": 1002,
            "LHBPBEHFHOO": [
                {
                    "pos": {
                        "x": 530.7888793945312,
                        "y": 200.31939697265625,
                        "z": 6834.921875
                    },
                    "rot": {
                        "y": 338.5597839355469
                    },
                    "shape": {
                        "$type": "KLMBGIDHBDA",
                        "MNJJPFENMPD": true,
                        "height": 108.41436767578125,
                        "JELJIJGLKLO": "Center",
                        "width": 192.75631713867188,
                        "length": 170.76771545410156
                    }
                },
                {
                    "pos": {
                        "x": 656.964599609375,
                        "y": 174.84368896484375,
                        "z": 6784.3134765625
                    },
                    "rot": {
                        "x": 2.081652879714966,
                        "y": 41.6026496887207,
                        "z": 349.2574462890625
                    },
                    "shape": {
                        "$type": "BGPFMKBNBDK",
                        "MNJJPFENMPD": true,
                        "height": 11.429308891296387,
                        "width": 65.9430923461914,
                        "length": 20.134408950805664
                    }
                },
                {
                    "pos": {
                        "x": 403.587158203125,
                        "y": 232.01922607421875,
                        "z": 6793.1318359375
                    },