{
    "id": 301,
    "LHBPBEHFHOO": [
        {
            "pos": {
                "x": 463.3146057128906,
                "y": 235.074951171875,
                "z": 6083.53662109375
            },
            "rot": {
                "y": 311.37615966796875
            },
            "shape": {
                "$type": "KLMBGIDHBDA",
                "MNJJPFENMPD": true,
                "height": 50.0,
                "JELJIJGLKLO": "Center",
                "width": 90.0,
                "length": 175.0
            }
        }
    ],
    "PEGEAJOOKMP": [
        {
            "id": 3010001,
            "type": "REGION_ENTRANCE",
            "pos": {
                "x": 512.8953857421875,
                "y": 255.37564086914062,
                "z": 6008.75634765625
            },
            "priority": 255,
            "BMFIHMPCCEA": "LOGIC_AND",
            "BBGBHHNJOIE": [
                3010002
            ],
            "LEDBNFMONEA": 4294967295,
            "PPHBCJMIMDK": 4294967295
        }
    ],
    "HDHBPPHEKOH": true,
    "NAFEKMENODO": [
        {
            "id": 3010001,
            "type": "REGION_ENTRANCE",
            "pos": {
                "x": 512.8953857421875,
                "y": 255.37564086914062,
                "z": 6008.75634765625
            },
            "priority": 255,
            "BMFIHMPCCEA": "LOGIC_AND",
            "BBGBHHNJOIE": [
                3010002
            ],
            "LEDBNFMONEA": 4294967295,
            "PPHBCJMIMDK": 4294967295
        },
        {
            "id": 3010002,
            "pos": {
                "x": 498.443115234375,
                "y": 247.93215942382812,
                "z": 6027.4208984375
            },
            "BMFIHMPCCEA": "LOGIC_AND",
            "BBGBHHNJOIE": [
                3010001,
                3010003
            ]
        },
        {
            "id": 3010003,
            "pos": {
                "x": 480.4530334472656,
                "y": 213.79234313964844,
                "z": 6063.80029296875
            },
            "BMFIHMPCCEA": "LOGIC_AND",
            "BBGBHHNJOIE": [
                3010002,
                3010004
            ]
        },
        {
            "id": 3010004,
            "pos": {
                "x": 460.3299560546875,
                "y": 213.98855590820312,
                "z": 6078.74853515625
            },
            "BILGCCPBBBO": "CAVE_POLYGON",
            "OCMNODKIJNE": {
                "type": "INSIDE_RADIUS",
                "FIGLEPDHHEP": 30.0
            },
            "BMFIHMPCCEA": "LOGIC_AND",
            "BBGBHHNJOIE": [
                3010003
            ]
        }
    ]
}