{
    "FDCNNMAJFMH": 301,
    "APOBHLMIPNP": [
        {
            "ECLBMPMBMLE": {
                "_x": 463.3146057128906,
                "_y": 235.074951171875,
                "_z": 6083.53662109375
            },
            "FANCKABFCPH": {
                "_y": 311.37615966796875
            },
            "MCNOGNBMIDN": {
                "$type": "LLNPBLICDHC",
                "GKIBEHOFNBF": true,
                "BJFNPGBKPHH": 50.0,
                "PGAJCDACFCA": "Center",
                "IJDCDHPEIEK": 90.0,
                "KMCIHHPLFHL": 175.0
            }
        }
    ],
    "LJCJMJPFIDM": [
        {
            "FDCNNMAJFMH": 3010001,
            "OMNDEBJIOCP": "REGION_ENTRANCE",
            "ECLBMPMBMLE": {
                "_x": 512.8953857421875,
                "_y": 255.37564086914062,
                "_z": 6008.75634765625
            },
            "EPGBBIDENKO": 255,
            "NOLLFBOGIHL": "LOGIC_AND",
            "KPKNCBHBPNG": [
                3010002
            ],
            "PCJHKFGIPKL": 4294967295,
            "DBMNOLLKFJK": 4294967295
        }
    ],
    "NMOGJNCCFND": true,
    "OKJIDAEFIOD": [
        {
            "FDCNNMAJFMH": 3010001,
            "OMNDEBJIOCP": "REGION_ENTRANCE",
            "ECLBMPMBMLE": {
                "_x": 512.8953857421875,
                "_y": 255.37564086914062,
                "_z": 6008.75634765625
            },
            "EPGBBIDENKO": 255,
            "NOLLFBOGIHL": "LOGIC_AND",
            "KPKNCBHBPNG": [
                3010002
            ],
            "PCJHKFGIPKL": 4294967295,
            "DBMNOLLKFJK": 4294967295
        },
        {
            "FDCNNMAJFMH": 3010002,
            "ECLBMPMBMLE": {
                "_x": 498.443115234375,
                "_y": 247.93215942382812,
                "_z": 6027.4208984375
            },
            "NOLLFBOGIHL": "LOGIC_AND",
            "KPKNCBHBPNG": [
                3010001,
                3010003
            ]
        },
        {
            "FDCNNMAJFMH": 3010003,
            "ECLBMPMBMLE": {
                "_x": 480.4530334472656,
                "_y": 213.79234313964844,
                "_z": 6063.80029296875
            },
            "NOLLFBOGIHL": "LOGIC_AND",
            "KPKNCBHBPNG": [
                3010002,
                3010004
            ]
        },
        {
            "FDCNNMAJFMH": 3010004,
            "ECLBMPMBMLE": {
                "_x": 460.3299560546875,
                "_y": 213.98855590820312,
                "_z": 6078.74853515625
            },
            "IIINDEGPAKE": "CAVE_POLYGON",
            "PMIKAILOGPL": {
                "OMNDEBJIOCP": "INSIDE_RADIUS",
                "IOKLMPNGHLD": 30.0
            },
            "NOLLFBOGIHL": "LOGIC_AND",
            "KPKNCBHBPNG": [
                3010003
            ]
        }
    ]
}