{
    "delayTime": 1.1437593058362931e-19,
    "duration": 2.369499854358306e-38,
    "isContinue": true
}