{
    "_delayTime": 1.2030516121440942e-19,
    "_duration": 2.369499854358306e-38,
    "_isContinue": true
}