{
    "delayTime": 1.1437593058362931e-19,
    "duration": 2.3696455893985956e-38,
    "blackScreenType": "TO_BLACK"
}