{
    "_delayTime": 1.2030516121440942e-19,
    "_duration": 2.3696455893985956e-38,
    "_emotionName": ""
}