{
    "AKOLOBLHDFK": [
        {
            "ANICBLBOBKD": 1,
            "NCIMIKKFLOH": [
                {
                    "FFLCGFGGGND": 375103,
                    "BPCGGBKIAMG": {
                        "_x": 259.0400085449219,
                        "_y": 186.53700256347656,
                        "_z": 540.780029296875
                    },
                    "DIBEELCNODL": {
                        "_y": 90.0
                    },
                    "JPBKGBJNHMC": 0
                }
            ],
            "BIMBMJKLOEK": [
                {
                    "ECLBMPMBMLE": {
                        "_x": 170.3699951171875,
                        "_y": 206.6199951171875,
                        "_z": 568.6699829101562
                    },
                    "FANCKABFCPH": {
                        "_y": -47.810001373291016
                    }
                }
            ]
        },
        {
            "ANICBLBOBKD": 2,
            "BIMBMJKLOEK": [
                {
                    "ECLBMPMBMLE": {
                        "_x": 295.25,
                        "_y": 204.0800018310547,
                        "_z": 404.260009765625
                    },
                    "FANCKABFCPH": {
                        "_y": -64.30000305175781
                    }
                }
            ]
        },
        {
            "ANICBLBOBKD": 3,
            "BIMBMJKLOEK": [
                {
                    "ECLBMPMBMLE": {
                        "_x": 620.760009765625,
                        "_y": 204.3699951171875,
                        "_z": 407.6000061035156
                    },
                    "FANCKABFCPH": {
                        "_y": -32.2400016784668
                    }
                }
            ]
        },
        {
            "ANICBLBOBKD": 4,
            "BIMBMJKLOEK": [
                {
                    "ECLBMPMBMLE": {
                        "_x": 777.4199829101562,
                        "_y": 205.22000122070312,
                        "_z": 648.6400146484375
                    },
                    "FANCKABFCPH": {
                        "_y": -36.599998474121094
                    }
                }
            ]
        }
    ],
    "AAGLCHBNJGC": true,
    "MBICDPDEKDM": {
        "_x": 273.0,
        "_y": 186.0,
        "_z": 540.0
    },
    "EJJIOJKFKCO": {
        "_y": 128.0
    },
    "AMDNOHPGKMI": {
        "FFLCGFGGGND": 375103,
        "BPCGGBKIAMG": {
            "_x": 259.0400085449219,
            "_y": 186.53700256347656,
            "_z": 540.780029296875
        },
        "DIBEELCNODL": {
            "_y": 90.0
        },
        "JPBKGBJNHMC": 1
    },
    "CJAKHCIFHNP": {
        "_x": 268.5,
        "_y": 186.0,
        "_z": 551.0
    },
    "NDOFFKKGHEH": 3
}