{
    "-55867136": {},
    "0": {
        "innerDistance": 4.9091124054712054e-08,
        "speedLevelOuter": -35
    },
    "8": {
        "startDistance": -1354.4925537109375,
        "stopDistance": 152.0,
        "middleDistance": 2864.41748046875
    },
    "-4": {
        "stopDistance": 7.055117378336157e-41,
        "middleDistance": -6.348622360025131e+19,
        "speedLevelOuter": -26,
        "speedLevelInner": -35,
        "outerAngle": -5.281334722849473e-13,
        "turnSpeedOverrideOuter": 1.6608622278259817e-24,
        "useMeleeSlot": true,
        "moveOutDampRange": 2879.2783203125
    },
    "-35": {
        "startDistance": -1345.808837890625,
        "stopDistance": 152.0,
        "middleDistance": 2830.1640625
    },
    "12": {
        "startDistance": 2875.1455078125,
        "stopDistance": -7.664706000963528e-13,
        "speedLevelInner": 2658
    },
    "9": {
        "startDistance": 7.252129334779829e-16,
        "middleDistance": 7.055257508182589e-41,
        "startAngle": -1.7966769936746327e-33,
        "outerAngle": 1.59698993866446e+23,
        "useMeleeSlot": true,
        "moveOutDampRange": 7.055117378336157e-41
    },
    "34": {
        "innerDistance": 8.552753882895558e-08,
        "speedLevelOuter": -35
    }
}