{
    "-55867136": {},
    "0": {
        "IOCNMLCIBCI": 4.9091124054712054e-08,
        "JMPGKJIEBCM": -35
    },
    "8": {
        "GDDBKMNOLGL": -1354.4925537109375,
        "OEJKPHIHDBC": 152.0,
        "NHGHFPNGGHF": 2864.41748046875
    },
    "-4": {
        "OEJKPHIHDBC": 7.055117378336157e-41,
        "NHGHFPNGGHF": -6.348622360025131e+19,
        "JMPGKJIEBCM": -26,
        "IBFCHAEAAAG": -35,
        "OFEHJKDODLL": -5.281334722849473e-13,
        "BLNKNNIBOEI": 1.6608622278259817e-24,
        "CCFILMCOKHN": true,
        "EMPNLMNFPNL": 2879.2783203125
    },
    "-35": {
        "GDDBKMNOLGL": -1345.808837890625,
        "OEJKPHIHDBC": 152.0,
        "NHGHFPNGGHF": 2830.1640625
    },
    "12": {
        "GDDBKMNOLGL": 2875.1455078125,
        "OEJKPHIHDBC": -7.664706000963528e-13,
        "IBFCHAEAAAG": 2658
    },
    "9": {
        "GDDBKMNOLGL": 7.252129334779829e-16,
        "NHGHFPNGGHF": 7.055257508182589e-41,
        "HBPJGMCHLGM": -1.7966769936746327e-33,
        "OFEHJKDODLL": 1.59698993866446e+23,
        "CCFILMCOKHN": true,
        "EMPNLMNFPNL": 7.055117378336157e-41
    },
    "34": {
        "IOCNMLCIBCI": 8.552753882895558e-08,
        "JMPGKJIEBCM": -35
    }
}