{
    "0": {
        "LEBJOFHOLGF": -1.7949906132099244e+38,
        "HILKKNCEJKG": 0.0003762289707083255
    },
    "-4297": {},
    "-41": {
        "PBLCCOKIJCD": -34,
        "LEBJOFHOLGF": 4736.89599609375,
        "EKAEHBOIAAC": 7.183719158172607
    },
    "-4835": {
        "EKAEHBOIAAC": 4.012084934337419e+34,
        "HILKKNCEJKG": 1.79030702591976e-21
    },
    "23": {
        "PBLCCOKIJCD": -547,
        "LEBJOFHOLGF": -9.193360947126938e-36,
        "EKAEHBOIAAC": 1.4863875814420795e-34,
        "HILKKNCEJKG": -3041.964111328125
    },
    "70316454": {
        "PBLCCOKIJCD": 566459,
        "LEBJOFHOLGF": 8.985405293060467e-05,
        "HILKKNCEJKG": -2.518288267949912e-37
    },
    "-34": {
        "LEBJOFHOLGF": 1.4863783978924637e-34,
        "EKAEHBOIAAC": -2955.68994140625
    },
    "70274970": {
        "PBLCCOKIJCD": 566554,
        "HILKKNCEJKG": 0.003471137722954154
    },
    "-788387": {
        "PBLCCOKIJCD": -34,
        "EKAEHBOIAAC": 4776.92529296875
    },
    "-4": {
        "LEBJOFHOLGF": 6311.62646484375,
        "EKAEHBOIAAC": -1.778215352743473e-10,
        "HILKKNCEJKG": 1.4864551953261258e-34
    },
    "-5": {
        "HILKKNCEJKG": -22.4713077545166
    },
    "-4290": {
        "PBLCCOKIJCD": 566582,
        "LEBJOFHOLGF": 5.779788494110107
    },
    "-4451": {
        "PBLCCOKIJCD": 4290,
        "LEBJOFHOLGF": 4753.83984375
    }
}