{
    "0": {
        "landingAngleMax": -1.7949906132099244e+38,
        "landingTerrainAltitude": 0.0003762289707083255
    },
    "-4297": {},
    "-41": {
        "speedLevel": -34,
        "landingAngleMax": 4736.89599609375,
        "landingAngleMin": 7.183719158172607
    },
    "-4835": {
        "landingAngleMin": 4.012084934337419e+34,
        "landingTerrainAltitude": 1.79030702591976e-21
    },
    "23": {
        "speedLevel": -547,
        "landingAngleMax": -9.193360947126938e-36,
        "landingAngleMin": 1.4863875814420795e-34,
        "landingTerrainAltitude": -3041.964111328125
    },
    "70316454": {
        "speedLevel": 566459,
        "landingAngleMax": 8.985405293060467e-05,
        "landingTerrainAltitude": -2.518288267949912e-37
    },
    "-34": {
        "landingAngleMax": 1.4863783978924637e-34,
        "landingAngleMin": -2955.68994140625
    },
    "70274970": {
        "speedLevel": 566554,
        "landingTerrainAltitude": 0.003471137722954154
    },
    "-788387": {
        "speedLevel": -34,
        "landingAngleMin": 4776.92529296875
    },
    "-4": {
        "landingAngleMax": 6311.62646484375,
        "landingAngleMin": -1.778215352743473e-10,
        "landingTerrainAltitude": 1.4864551953261258e-34
    },
    "-5": {
        "landingTerrainAltitude": -22.4713077545166
    },
    "-4290": {
        "speedLevel": 566582,
        "landingAngleMax": 5.779788494110107
    },
    "-4451": {
        "speedLevel": 4290,
        "landingAngleMax": 4753.83984375
    }
}