{
    "0": {},
    "-39": {
        "turnSpeedOverrideWalk": 196.8000030517578,
        "turnSpeedOverrideRun": -567468795887616.0
    },
    "-10": {
        "turnSpeedOverrideWalk": 196.83407592773438,
        "spacial": true
    },
    "-52": {
        "turnSpeedOverrideWalk": 1.6816621424892806e+38,
        "spacial": true,
        "spacialRoll": true
    },
    "-562663": {
        "turnSpeedOverrideWalk": 4527.4150390625,
        "turnSpeedOverrideRun": 2.025756440083066e-26
    },
    "-4451": {},
    "-35": {
        "turnSpeedOverrideWalk": -2358.02001953125,
        "turnSpeedOverrideRun": 197.25323486328125,
        "spacial": true
    },
    "-611": {
        "turnSpeedOverrideWalk": 3.035423014557746e-30,
        "turnSpeedOverrideRun": -36311719936.0
    },
    "-18": {
        "spacial": true
    },
    "-12": {
        "turnSpeedOverrideWalk": 0.05182196572422981,
        "spacialRoll": true
    },
    "-19": {
        "turnSpeedOverrideRun": -1.8436339938059614e+35,
        "spacial": true,
        "spacialRoll": true
    },
    "-560986": {
        "turnSpeedOverrideWalk": 4544.51171875,
        "turnSpeedOverrideRun": 2.6008264488580607e-27
    },
    "-2723": {
        "turnSpeedOverrideWalk": -7.588557536394365e-31,
        "spacial": true,
        "spacialRoll": true
    }
}