{
    "id": 101,
    "LHBPBEHFHOO": [
        {
            "pos": {
                "x": -213.880615234375,
                "y": 231.221923828125,
                "z": 3491.052978515625
            },
            "shape": {
                "$type": "KLMBGIDHBDA",
                "MNJJPFENMPD": true,
                "height": 44.926918029785156,
                "JELJIJGLKLO": "Center",
                "width": 54.44209289550781,
                "length": 105.5530776977539
            }
        },
        {
            "pos": {
                "x": -175.44528198242188,
                "y": 231.48968505859375,
                "z": 3482.35546875
            },
            "shape": {
                "$type": "KLMBGIDHBDA",
                "MNJJPFENMPD": true,
                "height": 30.74859619140625,
                "JELJIJGLKLO": "Center",
                "width": 27.823558807373047,
                "length": 12.170675277709961
            }
        }
    ],
    "PEGEAJOOKMP": [
        {
            "id": 1010001,
            "type": "REGION_ENTRANCE",
            "pos": {
                "x": -239.07781982421875,
                "y": 245.3573760986328,
                "z": 3444.949462890625
            },
            "BIJOAGFIDPC": [
                {
                    "BAMDAIKLNCN": 7368901,
                    "OKOAAHBBPLL": 3,
                    "ALDONPGCICN": true
                },
                {
                    "type": "TRANSPORT_UNLOCKED",
                    "BAMDAIKLNCN": 463
                }
            ],
            "BMFIHMPCCEA": "LOGIC_AND",
            "BBGBHHNJOIE": [
                1010002
            ],
            "LEDBNFMONEA": 4294967295,
            "PPHBCJMIMDK": 4294967295
        },
        {
            "id": 1010015,
            "pos": {
                "x": -172.73309326171875,
                "y": 233.90451049804688,
                "z": 3481.480712890625
            },
            "BMFIHMPCCEA": "LOGIC_AND",
            "BBGBHHNJOIE": [
                1010007
            ],
            "LEDBNFMONEA": 102,
            "PPHBCJMIMDK": 1020001
        }
    ],
    "NAFEKMENODO": [
        {
            "id": 1010001,
            "type": "REGION_ENTRANCE",
            "pos": {
                "x": -239.07781982421875,
                "y": 245.3573760986328,
                "z": 3444.949462890625
            },
            "BIJOAGFIDPC": [
                {
                    "BAMDAIKLNCN": 7368901,
                    "OKOAAHBBPLL": 3,
                    "ALDONPGCICN": true
                },
                {
                    "type": "TRANSPORT_UNLOCKED",
                    "BAMDAIKLNCN": 463
                }
            ],
            "BMFIHMPCCEA": "LOGIC_AND",
            "BBGBHHNJOIE": [
                1010002
            ],
            "LEDBNFMONEA": 4294967295,
            "PPHBCJMIMDK": 4294967295
        },
        {
            "id": 1010002,
            "pos": {
                "x": -233.372314453125,
                "y": 239.34548950195312,
                "z": 3462.292236328125
            },
            "BMFIHMPCCEA": "LOGIC_AND",
            "BBGBHHNJOIE": [
                1010001,
                1010003
            ]
        },
        {
            "id": 1010003,
            "pos": {
                "x": -222.96136474609375,
                "y": 235.45358276367188,
                "z": 3472.93359375
            },
            "CFGJAJKCBGC": true,
            "BMFIHMPCCEA": "LOGIC_AND",
            "BBGBHHNJOIE": [
                1010002,
                1010004
            ]
        },
        {
            "id": 1010004,
            "pos": {
                "x": -211.90652465820312,
                "y": 232.4855499267578,
                "z": 3480.288330078125
            },
            "CFGJAJKCBGC": true,
            "BMFIHMPCCEA": "LOGIC_AND",
            "BBGBHHNJOIE": [
                1010003,
                1010005
            ]
        },
        {
            "id": 1010005,
            "pos": {
                "x": -205.0828857421875,
                "y": 230.46417236328125,
                "z": 3484.840576171875
            },
            "BMFIHMPCCEA": "LOGIC_AND",
            "BBGBHHNJOIE": [
                1010004,
                1010006,
                1010008
            ]
        },
        {
            "id": 1010006,
            "pos": {
                "x": -192.8575439453125,
                "y": 230.90771484375,
                "z": 3481.2919921875
            },
            "BMFIHMPCCEA": "LOGIC_AND",
            "BBGBHHNJOIE": [
                1010005,
                1010007
            ]
        },
        {
            "id": 1010007,
            "pos": {
                "x": -179.2391357421875,
                "y": 232.91213989257812,
                "z": 3480.809326171875
            },
            "BILGCCPBBBO": "CAVE_POLYGON",
            "OCMNODKIJNE": {
                "type": "INSIDE_RADIUS",
                "FIGLEPDHHEP": 3.0
            },
            "BMFIHMPCCEA": "LOGIC_AND",
            "BBGBHHNJOIE": [
                1010006,
                1010015
            ]
        },
        {
            "id": 1010008,
            "pos": {
                "x": -204.3745574951172,
                "y": 230.46153259277344,
                "z": 3495.249755859375
            },
            "BMFIHMPCCEA": "LOGIC_AND",
            "BBGBHHNJOIE": [
                1010009,
                1010005,
                1010011
            ]
        },
        {
            "id": 1010009,
            "pos": {
                "x": -195.17633056640625,
                "y": 226.3292236328125,
                "z": 3505.23779296875
            },
            "priority": 10,
            "BMFIHMPCCEA": "LOGIC_AND",
            "BBGBHHNJOIE": [
                1010008,
                1010010
            ]
        },
        {
            "id": 1010010,
            "pos": {
                "x": -193.2806396484375,
                "y": 227.19541931152344,
                "z": 3519.174560546875
            },
            "BIJOAGFIDPC": [
                {
                    "type": "QUEST_GLOBAL_VAR",
                    "BAMDAIKLNCN": 1302601,
                    "OKOAAHBBPLL": 1
                }
            ],
            "BMFIHMPCCEA": "LOGIC_AND",
            "BBGBHHNJOIE": [
                1010009,
                1010014
            ]
        },
        {
            "id": 1010011,
            "pos": {
                "x": -210.331787109375,
                "y": 227.23248291015625,
                "z": 3499.06640625
            },
            "BMFIHMPCCEA": "LOGIC_AND",
            "BBGBHHNJOIE": [
                1010012,
                1010008
            ]
        },
        {
            "id": 1010012,
            "pos": {
                "x": -220.05084228515625,
                "y": 227.32760620117188,
                "z": 3505.577880859375
            },
            "BMFIHMPCCEA": "LOGIC_AND",
            "BBGBHHNJOIE": [
                1010011,
                1010013
            ]
        },
        {
            "id": 1010013,
            "pos": {
                "x": -224.92578125,
                "y": 226.2001495361328,
                "z": 3515.07763671875
            },
            "BMFIHMPCCEA": "LOGIC_AND",
            "BBGBHHNJOIE": [
                1010012,
                1010014
            ]
        },
        {
            "id": 1010014,
            "pos": {
                "x": -209.63478088378906,
                "y": 225.99000549316406,
                "z": 3526.357177734375
            },
            "BILGCCPBBBO": "CAVE_POLYGON",
            "OCMNODKIJNE": {
                "type": "INSIDE_POLYGON",
                "HBEPPOBMNHJ": {
                    "minArea": {
                        "x": -214.18576049804688,
                        "y": 225.0974578857422,
                        "z": 3513.865478515625
                    },