{
    "FDCNNMAJFMH": 101,
    "APOBHLMIPNP": [
        {
            "ECLBMPMBMLE": {
                "_x": -213.880615234375,
                "_y": 231.221923828125,
                "_z": 3491.052978515625
            },
            "MCNOGNBMIDN": {
                "$type": "LLNPBLICDHC",
                "GKIBEHOFNBF": true,
                "BJFNPGBKPHH": 44.926918029785156,
                "PGAJCDACFCA": "Center",
                "IJDCDHPEIEK": 54.44209289550781,
                "KMCIHHPLFHL": 105.5530776977539
            }
        },
        {
            "ECLBMPMBMLE": {
                "_x": -175.44528198242188,
                "_y": 231.48968505859375,
                "_z": 3482.35546875
            },
            "MCNOGNBMIDN": {
                "$type": "LLNPBLICDHC",
                "GKIBEHOFNBF": true,
                "BJFNPGBKPHH": 30.74859619140625,
                "PGAJCDACFCA": "Center",
                "IJDCDHPEIEK": 27.823558807373047,
                "KMCIHHPLFHL": 12.170675277709961
            }
        }
    ],
    "LJCJMJPFIDM": [
        {
            "FDCNNMAJFMH": 1010001,
            "OMNDEBJIOCP": "REGION_ENTRANCE",
            "ECLBMPMBMLE": {
                "_x": -239.07781982421875,
                "_y": 245.3573760986328,
                "_z": 3444.949462890625
            },
            "MFMOFPBEPHK": [
                {
                    "MPAELDGPBLD": 7368901,
                    "BLLCIDEKJHA": 3,
                    "OPDHKCDNFIB": true
                },
                {
                    "OMNDEBJIOCP": "TRANSPORT_UNLOCKED",
                    "MPAELDGPBLD": 463
                }
            ],
            "NOLLFBOGIHL": "LOGIC_AND",
            "KPKNCBHBPNG": [
                1010002
            ],
            "PCJHKFGIPKL": 4294967295,
            "DBMNOLLKFJK": 4294967295
        },
        {
            "FDCNNMAJFMH": 1010015,
            "ECLBMPMBMLE": {
                "_x": -172.73309326171875,
                "_y": 233.90451049804688,
                "_z": 3481.480712890625
            },
            "NOLLFBOGIHL": "LOGIC_AND",
            "KPKNCBHBPNG": [
                1010007
            ],
            "PCJHKFGIPKL": 102,
            "DBMNOLLKFJK": 1020001
        }
    ],
    "OKJIDAEFIOD": [
        {
            "FDCNNMAJFMH": 1010001,
            "OMNDEBJIOCP": "REGION_ENTRANCE",
            "ECLBMPMBMLE": {
                "_x": -239.07781982421875,
                "_y": 245.3573760986328,
                "_z": 3444.949462890625
            },
            "MFMOFPBEPHK": [
                {
                    "MPAELDGPBLD": 7368901,
                    "BLLCIDEKJHA": 3,
                    "OPDHKCDNFIB": true
                },
                {
                    "OMNDEBJIOCP": "TRANSPORT_UNLOCKED",
                    "MPAELDGPBLD": 463
                }
            ],
            "NOLLFBOGIHL": "LOGIC_AND",
            "KPKNCBHBPNG": [
                1010002
            ],
            "PCJHKFGIPKL": 4294967295,
            "DBMNOLLKFJK": 4294967295
        },
        {
            "FDCNNMAJFMH": 1010002,
            "ECLBMPMBMLE": {
                "_x": -233.372314453125,
                "_y": 239.34548950195312,
                "_z": 3462.292236328125
            },
            "NOLLFBOGIHL": "LOGIC_AND",
            "KPKNCBHBPNG": [
                1010001,
                1010003
            ]
        },
        {
            "FDCNNMAJFMH": 1010003,
            "ECLBMPMBMLE": {
                "_x": -222.96136474609375,
                "_y": 235.45358276367188,
                "_z": 3472.93359375
            },
            "FKLEFCBNPFJ": true,
            "NOLLFBOGIHL": "LOGIC_AND",
            "KPKNCBHBPNG": [
                1010002,
                1010004
            ]
        },
        {
            "FDCNNMAJFMH": 1010004,
            "ECLBMPMBMLE": {
                "_x": -211.90652465820312,
                "_y": 232.4855499267578,
                "_z": 3480.288330078125
            },
            "FKLEFCBNPFJ": true,
            "NOLLFBOGIHL": "LOGIC_AND",
            "KPKNCBHBPNG": [
                1010003,
                1010005
            ]
        },
        {
            "FDCNNMAJFMH": 1010005,
            "ECLBMPMBMLE": {
                "_x": -205.0828857421875,
                "_y": 230.46417236328125,
                "_z": 3484.840576171875
            },
            "NOLLFBOGIHL": "LOGIC_AND",
            "KPKNCBHBPNG": [
                1010004,
                1010006,
                1010008
            ]
        },
        {
            "FDCNNMAJFMH": 1010006,
            "ECLBMPMBMLE": {
                "_x": -192.8575439453125,
                "_y": 230.90771484375,
                "_z": 3481.2919921875
            },
            "NOLLFBOGIHL": "LOGIC_AND",
            "KPKNCBHBPNG": [
                1010005,
                1010007
            ]
        },
        {
            "FDCNNMAJFMH": 1010007,
            "ECLBMPMBMLE": {
                "_x": -179.2391357421875,
                "_y": 232.91213989257812,
                "_z": 3480.809326171875
            },
            "IIINDEGPAKE": "CAVE_POLYGON",
            "PMIKAILOGPL": {
                "OMNDEBJIOCP": "INSIDE_RADIUS",
                "IOKLMPNGHLD": 3.0
            },
            "NOLLFBOGIHL": "LOGIC_AND",
            "KPKNCBHBPNG": [
                1010006,
                1010015
            ]
        },
        {
            "FDCNNMAJFMH": 1010008,
            "ECLBMPMBMLE": {
                "_x": -204.3745574951172,
                "_y": 230.46153259277344,
                "_z": 3495.249755859375
            },
            "NOLLFBOGIHL": "LOGIC_AND",
            "KPKNCBHBPNG": [
                1010009,
                1010005,
                1010011
            ]
        },
        {
            "FDCNNMAJFMH": 1010009,
            "ECLBMPMBMLE": {
                "_x": -195.17633056640625,
                "_y": 226.3292236328125,
                "_z": 3505.23779296875
            },
            "EPGBBIDENKO": 10,
            "NOLLFBOGIHL": "LOGIC_AND",
            "KPKNCBHBPNG": [
                1010008,
                1010010
            ]
        },
        {
            "FDCNNMAJFMH": 1010010,
            "ECLBMPMBMLE": {
                "_x": -193.2806396484375,
                "_y": 227.19541931152344,
                "_z": 3519.174560546875
            },
            "MFMOFPBEPHK": [
                {
                    "OMNDEBJIOCP": "QUEST_GLOBAL_VAR",
                    "MPAELDGPBLD": 1302601,
                    "BLLCIDEKJHA": 1
                }
            ],
            "NOLLFBOGIHL": "LOGIC_AND",
            "KPKNCBHBPNG": [
                1010009,
                1010014
            ]
        },
        {
            "FDCNNMAJFMH": 1010011,
            "ECLBMPMBMLE": {
                "_x": -210.331787109375,
                "_y": 227.23248291015625,
                "_z": 3499.06640625
            },
            "NOLLFBOGIHL": "LOGIC_AND",
            "KPKNCBHBPNG": [
                1010012,
                1010008
            ]
        },
        {
            "FDCNNMAJFMH": 1010012,
            "ECLBMPMBMLE": {
                "_x": -220.05084228515625,
                "_y": 227.32760620117188,
                "_z": 3505.577880859375
            },
            "NOLLFBOGIHL": "LOGIC_AND",
            "KPKNCBHBPNG": [
                1010011,
                1010013
            ]
        },
        {
            "FDCNNMAJFMH": 1010013,
            "ECLBMPMBMLE": {
                "_x": -224.92578125,
                "_y": 226.2001495361328,
                "_z": 3515.07763671875
            },
            "NOLLFBOGIHL": "LOGIC_AND",
            "KPKNCBHBPNG": [
                1010012,
                1010014
            ]
        },
        {
            "FDCNNMAJFMH": 1010014,
            "ECLBMPMBMLE": {
                "_x": -209.63478088378906,