{
    "0": {
        "DIBNCCEDELK": true,
        "KAEODCHJHID": 1097.3797607421875,
        "JHBNLEOLGNM": true
    },
    "56": {
        "PBLCCOKIJCD": 7072,
        "HIMLAIHOGIG": 1.0400953095293108e-34,
        "JHBNLEOLGNM": true
    },
    "552080": {},
    "-2239": {
        "OEJKPHIHDBC": 1.584575906227461e+29,
        "KAEODCHJHID": -5.685444760202635e-32
    },
    "34": {
        "PBLCCOKIJCD": -21,
        "HIMLAIHOGIG": 6.211148944436463e-39,
        "GDDBKMNOLGL": -0.0029821395874023438
    },
    "-557806": {
        "PBLCCOKIJCD": 70689278,
        "HIMLAIHOGIG": 240.0,
        "GDDBKMNOLGL": 1163.1534423828125
    },
    "-4": {
        "GDDBKMNOLGL": 6.227681463718567e-39,
        "OEJKPHIHDBC": 2.597809964262145e+38,
        "KAEODCHJHID": 1.4784348570635379e-34,
        "JHBNLEOLGNM": true
    },
    "-4360": {
        "PBLCCOKIJCD": -64,
        "HIMLAIHOGIG": 6.229165438792287e-39,
        "GDDBKMNOLGL": 1.1648982763290405e-05
    },
    "-557705": {
        "PBLCCOKIJCD": -71001428,
        "HIMLAIHOGIG": 240.0,
        "GDDBKMNOLGL": 1094.871337890625
    },
    "12": {
        "GDDBKMNOLGL": 1.584575906227461e+29,
        "JHBNLEOLGNM": true
    },
    "-32": {},
    "-4356": {
        "PBLCCOKIJCD": -70783063,
        "HIMLAIHOGIG": 240.0,
        "GDDBKMNOLGL": 1097.8118896484375
    }
}