{
    "_delayTime": 3.791429355713684e-37,
    "_duration": 8.581932051876459e-37,
    "_durationToBlack": 9.477715794624044e-38,
    "_durationFromBlack": 2.3694281078769324e-38,
    "_changeToInteePos": true,
    "_textShake": true,
    "_useWhiteScreen": true
}