{
    "delayTime": 3.791429355713684e-37,
    "duration": 8.581932051876459e-37,
    "durationToBlack": 9.477715794624044e-38,
    "durationFromBlack": 2.3694281078769324e-38,
    "changeToInteePos": true,
    "textShake": true,
    "useWhiteScreen": true
}