{
    "radius": 15.0,
    "height": 30.0,
    "furnitureUnits": [
        {
            "furnitureID": 376102,
            "position": {
                "x": 9.21856689453125,
                "z": 0.073486328125
            }
        },
        {
            "furnitureID": 376103,
            "position": {
                "x": -9.082122802734375,
                "z": -0.0902099609375
            }
        }
    ]
}