{
    "0": {},
    "4240": {},
    "-33": {
        "GOHEFAAABGI": 4.049444647110014e-25
    },
    "-3": {},
    "-64": {
        "NHNLJFODBFE": -2.0679675551197065e-25,
        "GOHEFAAABGI": -4.335896277610203e+35
    },
    "11": {
        "NHNLJFODBFE": -9.082122802734375,
        "HIMLAIHOGIG": -0.0902099609375
    }
}