{
    "0": {},
    "4240": {},
    "-33": {
        "ABLBCEPEDBC": 4.049444647110014e-25
    },
    "-3": {},
    "-64": {
        "CIAFALLLDPM": -2.0679675551197065e-25,
        "ABLBCEPEDBC": -4.335896277610203e+35
    },
    "11": {
        "CIAFALLLDPM": -9.082122802734375,
        "turnSpeedOverride": -0.0902099609375
    }
}