{
    "AKOLOBLHDFK": [
        {
            "ANICBLBOBKD": 1,
            "NCIMIKKFLOH": [
                {
                    "FFLCGFGGGND": 375104,
                    "BPCGGBKIAMG": {
                        "_x": 554.5800170898438,
                        "_y": 382.6700134277344,
                        "_z": 222.6999969482422
                    },
                    "DIBEELCNODL": {
                        "_y": -13.333000183105469
                    },
                    "JPBKGBJNHMC": 0
                }
            ],
            "BIMBMJKLOEK": [
                {
                    "ECLBMPMBMLE": {
                        "_x": 598.401123046875,
                        "_y": 383.32470703125,
                        "_z": 265.13238525390625
                    },
                    "FANCKABFCPH": {
                        "_y": 166.343994140625
                    }
                }
            ]
        },
        {
            "ANICBLBOBKD": 2,
            "BIMBMJKLOEK": [
                {
                    "ECLBMPMBMLE": {
                        "_x": 398.24261474609375,
                        "_y": 341.3645935058594,
                        "_z": 275.3016052246094
                    },
                    "FANCKABFCPH": {
                        "_y": -21.402000427246094
                    }
                }
            ]
        },
        {
            "ANICBLBOBKD": 3,
            "BIMBMJKLOEK": [
                {
                    "ECLBMPMBMLE": {
                        "_x": 547.964111328125,
                        "_y": 363.8970947265625,
                        "_z": 607.5360717773438
                    },
                    "FANCKABFCPH": {
                        "_y": 165.7830047607422
                    }
                }
            ]
        },
        {
            "ANICBLBOBKD": 4,
            "BIMBMJKLOEK": [
                {
                    "ECLBMPMBMLE": {
                        "_x": 388.8666076660156,
                        "_y": 385.02679443359375,
                        "_z": 654.8355712890625
                    },
                    "FANCKABFCPH": {
                        "_y": -15.442000389099121
                    }
                }
            ]
        }
    ],
    "AAGLCHBNJGC": true,
    "MBICDPDEKDM": {
        "_x": 551.5482177734375,
        "_y": 405.660888671875,
        "_z": 235.32640075683594
    },
    "EJJIOJKFKCO": {
        "_y": -13.338000297546387
    },
    "AMDNOHPGKMI": {
        "FFLCGFGGGND": 375104,
        "BPCGGBKIAMG": {
            "_x": 554.5800170898438,
            "_y": 382.6700134277344,
            "_z": 222.6999969482422
        },
        "DIBEELCNODL": {
            "_y": -13.333000183105469
        },
        "JPBKGBJNHMC": 1
    },
    "CJAKHCIFHNP": {
        "_x": 558.9841918945312,
        "_y": 405.6610107421875,
        "_z": 233.64120483398438
    },
    "NDOFFKKGHEH": 3
}