{
    "AIKJOLGKALO": [
        {
            "OLFOEGPKCIM": 1,
            "LKLNONLPKNP": [
                {
                    "GKKMBMFGANJ": 375104,
                    "HHKFCMAPHJO": {
                        "x": 554.5800170898438,
                        "y": 382.6700134277344,
                        "z": 222.6999969482422
                    },
                    "ABJFCPKBOMM": {
                        "y": -13.333000183105469
                    },
                    "POAPFGAMFIC": 0
                }
            ],
            "HEAGMHGHCHP": [
                {
                    "pos": {
                        "x": 598.401123046875,
                        "y": 383.32470703125,
                        "z": 265.13238525390625
                    },
                    "rot": {
                        "y": 166.343994140625
                    }
                }
            ]
        },
        {
            "OLFOEGPKCIM": 2,
            "HEAGMHGHCHP": [
                {
                    "pos": {
                        "x": 398.24261474609375,
                        "y": 341.3645935058594,
                        "z": 275.3016052246094
                    },
                    "rot": {
                        "y": -21.402000427246094
                    }
                }
            ]
        },
        {
            "OLFOEGPKCIM": 3,
            "HEAGMHGHCHP": [
                {
                    "pos": {
                        "x": 547.964111328125,
                        "y": 363.8970947265625,
                        "z": 607.5360717773438
                    },
                    "rot": {
                        "y": 165.7830047607422
                    }
                }
            ]
        },
        {
            "OLFOEGPKCIM": 4,
            "HEAGMHGHCHP": [
                {
                    "pos": {
                        "x": 388.8666076660156,
                        "y": 385.02679443359375,
                        "z": 654.8355712890625
                    },
                    "rot": {
                        "y": -15.442000389099121
                    }
                }
            ]
        }
    ],
    "FEMFCJOCMED": true,
    "PAMKEAFHNNI": {
        "x": 551.5482177734375,
        "y": 405.660888671875,
        "z": 235.32640075683594
    },
    "IBIEBOAOMEB": {
        "y": -13.338000297546387
    },
    "GNMDAGHNNHJ": {
        "GKKMBMFGANJ": 375104,
        "HHKFCMAPHJO": {
            "x": 554.5800170898438,
            "y": 382.6700134277344,
            "z": 222.6999969482422
        },
        "ABJFCPKBOMM": {
            "y": -13.333000183105469
        },
        "POAPFGAMFIC": 1
    },
    "MIFPKOOPFAP": {
        "x": 558.9841918945312,
        "y": 405.6610107421875,
        "z": 233.64120483398438
    },
    "GACDNGILEME": 3
}