{
    "FDCNNMAJFMH": 22,
    "JOPMNNJKAJC": 3,
    "BOLBJNGCJMA": [
        {
            "$type": "BGFEMIJBKEM",
            "FDCNNMAJFMH": 2201,
            "APOBHLMIPNP": [
                {
                    "ECLBMPMBMLE": {
                        "_x": -1746.440673828125,
                        "_y": 30.859176635742188,
                        "_z": 3261.77490234375
                    },
                    "MCNOGNBMIDN": {
                        "$type": "AHGOEMFKHDG",
                        "GKIBEHOFNBF": true,
                        "BJFNPGBKPHH": 96.12741088867188,
                        "KIFPAPHCOAF": 54.5316047668457
                    }
                },
                {
                    "ECLBMPMBMLE": {
                        "_x": -1869.3594970703125,
                        "_y": 4.346053123474121,
                        "_z": 3269.4453125
                    },
                    "MCNOGNBMIDN": {
                        "$type": "LLNPBLICDHC",
                        "GKIBEHOFNBF": true,
                        "BJFNPGBKPHH": 77.9990005493164,
                        "PGAJCDACFCA": "Center",
                        "IJDCDHPEIEK": 219.4585723876953,
                        "KMCIHHPLFHL": 267.53985595703125
                    }
                },
                {
                    "ECLBMPMBMLE": {
                        "_x": -1739.6090087890625,
                        "_y": 97.37251281738281,
                        "_z": 3254.44775390625
                    },
                    "MCNOGNBMIDN": {
                        "$type": "AHGOEMFKHDG",
                        "GKIBEHOFNBF": true,
                        "BJFNPGBKPHH": 39.477237701416016,
                        "KIFPAPHCOAF": 8.707536697387695
                    }
                }
            ],
            "LJCJMJPFIDM": [
                {
                    "FDCNNMAJFMH": 22010016,
                    "OMNDEBJIOCP": "REGION_ENTRANCE",
                    "ECLBMPMBMLE": {
                        "_x": -1738.3001708984375,
                        "_y": 116.34976196289062,
                        "_z": 3255.09912109375
                    },
                    "NOLLFBOGIHL": "LOGIC_AND",
                    "KPKNCBHBPNG": [
                        22010001
                    ],
                    "PCJHKFGIPKL": 4294967295,
                    "DBMNOLLKFJK": 4294967295
                }
            ],
            "NMOGJNCCFND": true
        }
    ]
}