{
    "id": 22,
    "sceneId": 3,
    "DHHLJABJGCE": [
        {
            "$type": "NFOKOHJHEPJ",
            "id": 2201,
            "EBIGNHGBLJF": [
                {
                    "pos": {
                        "x": -1746.440673828125,
                        "y": 30.859176635742188,
                        "z": 3261.77490234375
                    },
                    "shape": {
                        "$type": "KLEALMDLLEH",
                        "KMPIJPHJAEN": true,
                        "height": 96.12741088867188,
                        "radius": 54.5316047668457
                    }
                },
                {
                    "pos": {
                        "x": -1869.3594970703125,
                        "y": 4.346053123474121,
                        "z": 3269.4453125
                    },
                    "shape": {
                        "$type": "NDFENLCJONG",
                        "KMPIJPHJAEN": true,
                        "height": 77.9990005493164,
                        "GHAGDAIJFHJ": "Center",
                        "width": 219.4585723876953,
                        "length": 267.53985595703125
                    }
                },
                {
                    "pos": {
                        "x": -1739.6090087890625,
                        "y": 97.37251281738281,
                        "z": 3254.44775390625
                    },
                    "shape": {
                        "$type": "KLEALMDLLEH",
                        "KMPIJPHJAEN": true,
                        "height": 39.477237701416016,
                        "radius": 8.707536697387695
                    }
                }
            ],
            "KCHMJKKMKLB": [
                {
                    "id": 22010016,
                    "type": "REGION_ENTRANCE",
                    "pos": {
                        "x": -1738.3001708984375,
                        "y": 116.34976196289062,
                        "z": 3255.09912109375
                    },
                    "MFCIEPKGCCH": "LOGIC_AND",
                    "IBGCPOAAKFD": [
                        22010001
                    ],
                    "AAJEALDDIKO": 4294967295,
                    "PBIAPPHJGKO": 4294967295
                }
            ],
            "CHBLBBNGAHG": true
        }
    ]
}