{
    "delayTime": 1.1437593058362931e-19,
    "duration": 2.3694281078769324e-38,
    "isContinue": true
}