{
    "_delayTime": 1.2030516121440942e-19,
    "_duration": 2.3694281078769324e-38,
    "_isContinue": true
}