{
    "id": 5,
    "sceneId": 3,
    "DHHLJABJGCE": [
        {
            "$type": "NFOKOHJHEPJ",
            "id": 501,
            "EBIGNHGBLJF": [
                {
                    "pos": {
                        "x": 610.3402099609375,
                        "y": 316.2148132324219,
                        "z": 5648.05322265625
                    },
                    "rot": {
                        "y": 316.099609375
                    },
                    "shape": {
                        "$type": "NDFENLCJONG",
                        "KMPIJPHJAEN": true,
                        "height": 12.723979949951172,
                        "GHAGDAIJFHJ": "Center",
                        "width": 40.21186065673828,
                        "length": 108.9280014038086
                    }
                }
            ],
            "KCHMJKKMKLB": [
                {
                    "id": 5010001,
                    "type": "REGION_ENTRANCE",
                    "pos": {
                        "x": 623.2017822265625,
                        "y": 311.04718017578125,
                        "z": 5617.91845703125
                    },
                    "priority": 255,
                    "MFCIEPKGCCH": "LOGIC_AND",
                    "IBGCPOAAKFD": [
                        5010002
                    ],
                    "AAJEALDDIKO": 4294967295,
                    "PBIAPPHJGKO": 4294967295
                }
            ],
            "CHBLBBNGAHG": true
        }
    ]
}