{
    "FDCNNMAJFMH": 5,
    "JOPMNNJKAJC": 3,
    "BOLBJNGCJMA": [
        {
            "$type": "BGFEMIJBKEM",
            "FDCNNMAJFMH": 501,
            "APOBHLMIPNP": [
                {
                    "ECLBMPMBMLE": {
                        "_x": 610.3402099609375,
                        "_y": 316.2148132324219,
                        "_z": 5648.05322265625
                    },
                    "FANCKABFCPH": {
                        "_y": 316.099609375
                    },
                    "MCNOGNBMIDN": {
                        "$type": "LLNPBLICDHC",
                        "GKIBEHOFNBF": true,
                        "BJFNPGBKPHH": 12.723979949951172,
                        "PGAJCDACFCA": "Center",
                        "IJDCDHPEIEK": 40.21186065673828,
                        "KMCIHHPLFHL": 108.9280014038086
                    }
                }
            ],
            "LJCJMJPFIDM": [
                {
                    "FDCNNMAJFMH": 5010001,
                    "OMNDEBJIOCP": "REGION_ENTRANCE",
                    "ECLBMPMBMLE": {
                        "_x": 623.2017822265625,
                        "_y": 311.04718017578125,
                        "_z": 5617.91845703125
                    },
                    "EPGBBIDENKO": 255,
                    "NOLLFBOGIHL": "LOGIC_AND",
                    "KPKNCBHBPNG": [
                        5010002
                    ],
                    "PCJHKFGIPKL": 4294967295,
                    "DBMNOLLKFJK": 4294967295
                }
            ],
            "NMOGJNCCFND": true
        }
    ]
}