{
    "4684": {
        "HIMLAIHOGIG": 6.251596616139014e+18,
        "AEOGHAGMFIO": 1.1994315859530785e-13,
        "EEJEJKABCFD": -2.5347899487615013e-24
    },
    "-37": {
        "HIMLAIHOGIG": -734957824.0,
        "AEOGHAGMFIO": -607055308128256.0,
        "EEJEJKABCFD": 1247362.375
    },
    "19": {
        "AEOGHAGMFIO": 6378.90087890625
    },
    "-4": {
        "HIMLAIHOGIG": -2.5334248249650164e-24,
        "NFKPHLBKLJP": 1.517633645972056e+28,
        "EEJEJKABCFD": 1.487859015679271e-34
    },
    "-34": {
        "NFKPHLBKLJP": 6.805304632026608e-16,
        "AOCBBGFBPGM": 1.4881720599267995e-34
    },
    "-70533048": {
        "NFKPHLBKLJP": 2.787452777278099e-12,
        "AOCBBGFBPGM": 1.4881523152951255e-34
    },
    "6": {
        "AEOGHAGMFIO": 1247338.625,
        "EEJEJKABCFD": -3.8312253549796853e-29
    },
    "4455": {
        "PBLCCOKIJCD": 0,
        "HIMLAIHOGIG": -2.521882606630275e-24,
        "AEOGHAGMFIO": 4.056277651802664e-23
    },
    "0": {
        "AEOGHAGMFIO": -2.1339561767506665e-16,
        "NFKPHLBKLJP": 1247342.5
    },
    "-2": {
        "NFKPHLBKLJP": 1247361.75
    }
}