{
    "id": 2301,
    "EBIGNHGBLJF": [
        {
            "pos": {
                "x": 101.7787094116211,
                "y": 236.11802673339844,
                "z": 2417.657470703125
            },
            "rot": {
                "y": 308.7381591796875
            },
            "shape": {
                "$type": "NDFENLCJONG",
                "KMPIJPHJAEN": true,
                "height": 33.120849609375,
                "GHAGDAIJFHJ": "Center",
                "width": 44.05498123168945,
                "length": 72.48164367675781
            }
        },
        {
            "pos": {
                "x": 162.53208923339844,
                "y": 240.16632080078125,
                "z": 2388.51416015625
            },
            "rot": {
                "y": 343.09857177734375
            },
            "shape": {
                "$type": "NDFENLCJONG",
                "KMPIJPHJAEN": true,
                "height": 36.0469970703125,
                "GHAGDAIJFHJ": "Center",
                "width": 131.41258239746094,
                "length": 59.454524993896484
            }
        },
        {
            "pos": {
                "x": 259.4826965332031,
                "y": 223.1231689453125,
                "z": 2467.7294921875
            },
            "rot": {
                "y": 320.4398498535156
            },
            "shape": {
                "$type": "NDFENLCJONG",
                "KMPIJPHJAEN": true,
                "height": 85.74369812011719,
                "GHAGDAIJFHJ": "Center",
                "width": 336.7979736328125,
                "length": 113.98440551757812
            }
        },
        {
            "pos": {
                "x": 238.9102325439453,
                "y": 264.72296142578125,
                "z": 2480.6142578125
            },
            "shape": {
                "$type": "KLEALMDLLEH",
                "KMPIJPHJAEN": true,
                "height": 16.50223159790039,
                "radius": 27.774015426635742
            }
        }
    ],
    "KCHMJKKMKLB": [
        {
            "id": 23010001,
            "type": "REGION_ENTRANCE",
            "pos": {
                "x": 80.93456268310547,
                "y": 234.7918701171875,
                "z": 2434.90869140625
            },
            "MFCIEPKGCCH": "LOGIC_AND",
            "IBGCPOAAKFD": [
                23010002
            ],
            "AAJEALDDIKO": 4294967295,
            "PBIAPPHJGKO": 4294967295
        }
    ],
    "CHBLBBNGAHG": true,
    "NEKGGALFGNE": [
        {
            "id": 23010001,
            "type": "REGION_ENTRANCE",
            "pos": {
                "x": 80.93456268310547,
                "y": 234.7918701171875,
                "z": 2434.90869140625
            },
            "MFCIEPKGCCH": "LOGIC_AND",
            "IBGCPOAAKFD": [
                23010002
            ],
            "AAJEALDDIKO": 4294967295,
            "PBIAPPHJGKO": 4294967295
        },
        {
            "id": 23010002,
            "pos": {
                "x": 131.78543090820312,
                "y": 233.529541015625,
                "z": 2383.6015625
            },
            "MFCIEPKGCCH": "LOGIC_AND",
            "IBGCPOAAKFD": [
                23010001
            ]
        }
    ]
}