{
    "CMCIDKOKMJK": 2.3697148135427333e-38,
    "cd": 3.791084524187583e-37
}