{
    "FDCNNMAJFMH": 1,
    "JOPMNNJKAJC": 3,
    "BOLBJNGCJMA": [
        {
            "$type": "BGFEMIJBKEM",
            "FDCNNMAJFMH": 101,
            "APOBHLMIPNP": [
                {
                    "ECLBMPMBMLE": {
                        "_x": -213.880615234375,
                        "_y": 231.221923828125,
                        "_z": 3491.052978515625
                    },
                    "MCNOGNBMIDN": {
                        "$type": "LLNPBLICDHC",
                        "GKIBEHOFNBF": true,
                        "BJFNPGBKPHH": 44.926918029785156,
                        "PGAJCDACFCA": "Center",
                        "IJDCDHPEIEK": 54.44209289550781,
                        "KMCIHHPLFHL": 105.5530776977539
                    }
                },
                {
                    "ECLBMPMBMLE": {
                        "_x": -175.44528198242188,
                        "_y": 231.48968505859375,
                        "_z": 3482.35546875
                    },
                    "MCNOGNBMIDN": {
                        "$type": "LLNPBLICDHC",
                        "GKIBEHOFNBF": true,
                        "BJFNPGBKPHH": 30.74859619140625,
                        "PGAJCDACFCA": "Center",
                        "IJDCDHPEIEK": 27.823558807373047,
                        "KMCIHHPLFHL": 12.170675277709961
                    }
                }
            ],
            "LJCJMJPFIDM": [
                {
                    "FDCNNMAJFMH": 1010001,
                    "OMNDEBJIOCP": "REGION_ENTRANCE",
                    "ECLBMPMBMLE": {
                        "_x": -239.07781982421875,
                        "_y": 245.3573760986328,
                        "_z": 3444.949462890625
                    },
                    "MFMOFPBEPHK": [
                        {
                            "MPAELDGPBLD": 7368901,
                            "BLLCIDEKJHA": 3,
                            "OPDHKCDNFIB": true
                        },
                        {
                            "OMNDEBJIOCP": "TRANSPORT_UNLOCKED",
                            "MPAELDGPBLD": 463
                        }
                    ],
                    "NOLLFBOGIHL": "LOGIC_AND",
                    "KPKNCBHBPNG": [
                        1010002
                    ],
                    "PCJHKFGIPKL": 4294967295,
                    "DBMNOLLKFJK": 4294967295
                },
                {
                    "FDCNNMAJFMH": 1010015,
                    "ECLBMPMBMLE": {
                        "_x": -172.73309326171875,
                        "_y": 233.90451049804688,
                        "_z": 3481.480712890625
                    },
                    "NOLLFBOGIHL": "LOGIC_AND",
                    "KPKNCBHBPNG": [
                        1010007
                    ],
                    "PCJHKFGIPKL": 102,
                    "DBMNOLLKFJK": 1020001
                }
            ]
        },
        {
            "$type": "BGFEMIJBKEM",
            "FDCNNMAJFMH": 102,
            "APOBHLMIPNP": [
                {
                    "ECLBMPMBMLE": {
                        "_x": -173.58489990234375,
                        "_y": 234.12965393066406,
                        "_z": 3482.695068359375
                    },
                    "MCNOGNBMIDN": {
                        "$type": "LLNPBLICDHC",
                        "GKIBEHOFNBF": true,
                        "BJFNPGBKPHH": 26.456851959228516,
                        "PGAJCDACFCA": "Center",
                        "IJDCDHPEIEK": 33.07529830932617,
                        "KMCIHHPLFHL": 11.897966384887695
                    }
                },
                {
                    "ECLBMPMBMLE": {
                        "_x": -141.08135986328125,
                        "_y": 246.51327514648438,
                        "_z": 3472.938232421875
                    },
                    "MCNOGNBMIDN": {
                        "$type": "HNNCAEDAGKH",
                        "KIFPAPHCOAF": 25.110944747924805
                    }
                }
            ],
            "LJCJMJPFIDM": [
                {
                    "FDCNNMAJFMH": 1020001,
                    "ECLBMPMBMLE": {
                        "_x": -170.0997314453125,
                        "_y": 234.41786193847656,
                        "_z": 3482.281005859375
                    },
                    "NOLLFBOGIHL": "LOGIC_AND",
                    "KPKNCBHBPNG": [
                        1020002
                    ],
                    "PCJHKFGIPKL": 101,
                    "DBMNOLLKFJK": 1010015
                },
                {
                    "FDCNNMAJFMH": 1020011,
                    "OMNDEBJIOCP": "REGION_TRANSPORT",
                    "ECLBMPMBMLE": {
                        "_x": -144.51124572753906,
                        "_y": 246.136962890625,
                        "_z": 3468.016357421875
                    },
                    "MFMOFPBEPHK": [
                        {
                            "OMNDEBJIOCP": "TRANSPORT_UNLOCKED",
                            "MPAELDGPBLD": 464
                        }
                    ],
                    "NOLLFBOGIHL": "LOGIC_AND",
                    "KPKNCBHBPNG": [
                        1020005
                    ],
                    "PCJHKFGIPKL": 4294967295,
                    "DBMNOLLKFJK": 4294967295
                },
                {
                    "FDCNNMAJFMH": 1020014,
                    "OMNDEBJIOCP": "REGION_ENTRANCE",
                    "ECLBMPMBMLE": {
                        "_x": -122.813232421875,
                        "_y": 249.60308837890625,
                        "_z": 3460.103759765625
                    },
                    "NOLLFBOGIHL": "LOGIC_AND",
                    "KPKNCBHBPNG": [
                        1020013
                    ],
                    "PCJHKFGIPKL": 4294967295,
                    "DBMNOLLKFJK": 4294967295
                }
            ]
        }
    ]
}