{
    "id": 1,
    "sceneId": 3,
    "KIHNIKAMELG": [
        {
            "$type": "JAKLAFDELIJ",
            "id": 101,
            "LHBPBEHFHOO": [
                {
                    "pos": {
                        "x": -213.880615234375,
                        "y": 231.221923828125,
                        "z": 3491.052978515625
                    },
                    "shape": {
                        "$type": "KLMBGIDHBDA",
                        "MNJJPFENMPD": true,
                        "height": 44.926918029785156,
                        "JELJIJGLKLO": "Center",
                        "width": 54.44209289550781,
                        "length": 105.5530776977539
                    }
                },
                {
                    "pos": {
                        "x": -175.44528198242188,
                        "y": 231.48968505859375,
                        "z": 3482.35546875
                    },
                    "shape": {
                        "$type": "KLMBGIDHBDA",
                        "MNJJPFENMPD": true,
                        "height": 30.74859619140625,
                        "JELJIJGLKLO": "Center",
                        "width": 27.823558807373047,
                        "length": 12.170675277709961
                    }
                }
            ],
            "PEGEAJOOKMP": [
                {
                    "id": 1010001,
                    "type": "REGION_ENTRANCE",
                    "pos": {
                        "x": -239.07781982421875,
                        "y": 245.3573760986328,
                        "z": 3444.949462890625
                    },
                    "BIJOAGFIDPC": [
                        {
                            "BAMDAIKLNCN": 7368901,
                            "OKOAAHBBPLL": 3,
                            "ALDONPGCICN": true
                        },
                        {
                            "type": "TRANSPORT_UNLOCKED",
                            "BAMDAIKLNCN": 463
                        }
                    ],
                    "BMFIHMPCCEA": "LOGIC_AND",
                    "BBGBHHNJOIE": [
                        1010002
                    ],
                    "LEDBNFMONEA": 4294967295,
                    "PPHBCJMIMDK": 4294967295
                },
                {
                    "id": 1010015,
                    "pos": {
                        "x": -172.73309326171875,
                        "y": 233.90451049804688,
                        "z": 3481.480712890625
                    },
                    "BMFIHMPCCEA": "LOGIC_AND",
                    "BBGBHHNJOIE": [
                        1010007
                    ],
                    "LEDBNFMONEA": 102,
                    "PPHBCJMIMDK": 1020001
                }
            ]
        },
        {
            "$type": "JAKLAFDELIJ",
            "id": 102,
            "LHBPBEHFHOO": [
                {
                    "pos": {
                        "x": -173.58489990234375,
                        "y": 234.12965393066406,
                        "z": 3482.695068359375
                    },
                    "shape": {
                        "$type": "KLMBGIDHBDA",
                        "MNJJPFENMPD": true,
                        "height": 26.456851959228516,
                        "JELJIJGLKLO": "Center",
                        "width": 33.07529830932617,
                        "length": 11.897966384887695
                    }
                },
                {
                    "pos": {
                        "x": -141.08135986328125,
                        "y": 246.51327514648438,
                        "z": 3472.938232421875
                    },
                    "shape": {
                        "$type": "BNIHNFKCLCH",
                        "radius": 25.110944747924805
                    }
                }
            ],
            "PEGEAJOOKMP": [
                {
                    "id": 1020001,
                    "pos": {
                        "x": -170.0997314453125,
                        "y": 234.41786193847656,
                        "z": 3482.281005859375
                    },
                    "BMFIHMPCCEA": "LOGIC_AND",
                    "BBGBHHNJOIE": [
                        1020002
                    ],
                    "LEDBNFMONEA": 101,
                    "PPHBCJMIMDK": 1010015
                },
                {
                    "id": 1020011,
                    "type": "REGION_TRANSPORT",
                    "pos": {
                        "x": -144.51124572753906,
                        "y": 246.136962890625,
                        "z": 3468.016357421875
                    },
                    "BIJOAGFIDPC": [
                        {
                            "type": "TRANSPORT_UNLOCKED",
                            "BAMDAIKLNCN": 464
                        }
                    ],
                    "BMFIHMPCCEA": "LOGIC_AND",
                    "BBGBHHNJOIE": [
                        1020005
                    ],
                    "LEDBNFMONEA": 4294967295,
                    "PPHBCJMIMDK": 4294967295
                },
                {
                    "id": 1020014,
                    "type": "REGION_ENTRANCE",
                    "pos": {
                        "x": -122.813232421875,
                        "y": 249.60308837890625,
                        "z": 3460.103759765625
                    },
                    "BMFIHMPCCEA": "LOGIC_AND",
                    "BBGBHHNJOIE": [
                        1020013
                    ],
                    "LEDBNFMONEA": 4294967295,
                    "PPHBCJMIMDK": 4294967295
                }
            ]
        }
    ]
}