{
    "id": 1002,
    "LHBPBEHFHOO": [
        {
            "pos": {
                "x": 530.7888793945312,
                "y": 200.31939697265625,
                "z": 6834.921875
            },
            "rot": {
                "y": 338.5597839355469
            },
            "shape": {
                "$type": "KLMBGIDHBDA",
                "MNJJPFENMPD": true,
                "height": 108.41436767578125,
                "JELJIJGLKLO": "Center",
                "width": 192.75631713867188,
                "length": 170.76771545410156
            }
        },
        {
            "pos": {
                "x": 656.964599609375,
                "y": 174.84368896484375,
                "z": 6784.3134765625
            },
            "rot": {
                "x": 2.081652879714966,
                "y": 41.6026496887207,
                "z": 349.2574462890625
            },
            "shape": {
                "$type": "BGPFMKBNBDK",
                "MNJJPFENMPD": true,
                "height": 11.429308891296387,
                "width": 65.9430923461914,
                "length": 20.134408950805664
            }
        },
        {
            "pos": {
                "x": 403.587158203125,
                "y": 232.01922607421875,
                "z": 6793.1318359375
            },
            "rot": {
                "x": 359.83251953125,
                "y": 306.4628601074219,
                "z": 349.1833801269531
            },
            "shape": {
                "$type": "BGPFMKBNBDK",
                "MNJJPFENMPD": true,
                "height": 37.55031967163086,
                "width": 123.15078735351562,
                "length": 53.66035842895508
            }
        }
    ],
    "PEGEAJOOKMP": [
        {
            "id": 10020001,
            "type": "REGION_ENTRANCE",
            "pos": {
                "x": 370.9358825683594,
                "y": 231.31082153320312,
                "z": 6742.76904296875
            },
            "BMFIHMPCCEA": "LOGIC_AND",
            "BBGBHHNJOIE": [
                10020002
            ],
            "LEDBNFMONEA": 4294967295,
            "PPHBCJMIMDK": 4294967295
        },
        {
            "id": 10020008,
            "pos": {
                "x": 673.396728515625,
                "y": 165.58261108398438,
                "z": 6768.88330078125
            },
            "BMFIHMPCCEA": "LOGIC_AND",
            "BBGBHHNJOIE": [
                10020007
            ],
            "LEDBNFMONEA": 1001,
            "PPHBCJMIMDK": 10010022
        },
        {
            "id": 10020010,
            "pos": {
                "x": 557.186767578125,
                "y": 164.64544677734375,
                "z": 6769.9072265625
            },
            "BMFIHMPCCEA": "LOGIC_AND",
            "BBGBHHNJOIE": [
                10020009
            ],
            "LEDBNFMONEA": 1003,
            "PPHBCJMIMDK": 10030001
        }
    ],
    "HDHBPPHEKOH": true,
    "NAFEKMENODO": [
        {
            "id": 10020001,
            "type": "REGION_ENTRANCE",
            "pos": {
                "x": 370.9358825683594,
                "y": 231.31082153320312,
                "z": 6742.76904296875
            },
            "BMFIHMPCCEA": "LOGIC_AND",
            "BBGBHHNJOIE": [
                10020002
            ],
            "LEDBNFMONEA": 4294967295,
            "PPHBCJMIMDK": 4294967295
        },
        {
            "id": 10020002,
            "pos": {
                "x": 379.9798583984375,
                "y": 232.2242431640625,
                "z": 6776.26123046875
            },
            "BMFIHMPCCEA": "LOGIC_AND",
            "BBGBHHNJOIE": [
                10020001,
                10020003
            ]
        },
        {
            "id": 10020003,
            "pos": {
                "x": 406.8464660644531,
                "y": 223.19308471679688,
                "z": 6820.30078125
            },
            "BMFIHMPCCEA": "LOGIC_AND",
            "BBGBHHNJOIE": [
                10020002,
                10020004
            ]
        },
        {
            "id": 10020004,
            "pos": {
                "x": 525.3463134765625,
                "y": 184.95147705078125,
                "z": 6822.673828125
            },
            "BMFIHMPCCEA": "LOGIC_AND",
            "BBGBHHNJOIE": [
                10020003,
                10020005,
                10020009
            ]
        },
        {
            "id": 10020005,
            "pos": {
                "x": 615.4024658203125,
                "y": 179.6801300048828,
                "z": 6832.3486328125
            },
            "BMFIHMPCCEA": "LOGIC_AND",
            "BBGBHHNJOIE": [
                10020004,
                10020006
            ]
        },
        {
            "id": 10020006,
            "pos": {
                "x": 641.8701171875,
                "y": 174.70176696777344,
                "z": 6796.80224609375
            },
            "BMFIHMPCCEA": "LOGIC_AND",
            "BBGBHHNJOIE": [
                10020005,
                10020007
            ]
        },
        {
            "id": 10020007,
            "pos": {
                "x": 665.7011108398438,
                "y": 169.91329956054688,
                "z": 6784.06396484375
            },
            "BMFIHMPCCEA": "LOGIC_AND",
            "BBGBHHNJOIE": [
                10020006,
                10020008
            ]
        },
        {
            "id": 10020008,
            "pos": {
                "x": 673.396728515625,
                "y": 165.58261108398438,
                "z": 6768.88330078125
            },
            "BMFIHMPCCEA": "LOGIC_AND",
            "BBGBHHNJOIE": [
                10020007
            ],
            "LEDBNFMONEA": 1001,
            "PPHBCJMIMDK": 10010022
        },
        {
            "id": 10020009,
            "pos": {
                "x": 558.4315795898438,
                "y": 164.11830139160156,
                "z": 6781.962890625
            },
            "BMFIHMPCCEA": "LOGIC_AND",
            "BBGBHHNJOIE": [
                10020004,
                10020010,
                10020011
            ]
        },
        {
            "id": 10020010,
            "pos": {
                "x": 557.186767578125,
                "y": 164.64544677734375,
                "z": 6769.9072265625
            },
            "BMFIHMPCCEA": "LOGIC_AND",
            "BBGBHHNJOIE": [
                10020009
            ],
            "LEDBNFMONEA": 1003,
            "PPHBCJMIMDK": 10030001
        },
        {
            "id": 10020011,
            "pos": {
                "x": 559.9751586914062,
                "y": 163.91470336914062,
                "z": 6782.3349609375
            },
            "BILGCCPBBBO": "CAVE_POLYGON",
            "OCMNODKIJNE": {
                "type": "INSIDE_RADIUS",
                "FIGLEPDHHEP": 6.0
            },
            "BIJOAGFIDPC": [
                {
                    "BAMDAIKLNCN": 7325115,
                    "OKOAAHBBPLL": 2,
                    "ALDONPGCICN": true
                }
            ],
            "BMFIHMPCCEA": "LOGIC_AND",
            "BBGBHHNJOIE": [
                10020009
            ]
        }
    ]
}