{
    "FDCNNMAJFMH": 1002,
    "APOBHLMIPNP": [
        {
            "ECLBMPMBMLE": {
                "_x": 530.7888793945312,
                "_y": 200.31939697265625,
                "_z": 6834.921875
            },
            "FANCKABFCPH": {
                "_y": 338.5597839355469
            },
            "MCNOGNBMIDN": {
                "$type": "LLNPBLICDHC",
                "GKIBEHOFNBF": true,
                "BJFNPGBKPHH": 108.41436767578125,
                "PGAJCDACFCA": "Center",
                "IJDCDHPEIEK": 192.75631713867188,
                "KMCIHHPLFHL": 170.76771545410156
            }
        },
        {
            "ECLBMPMBMLE": {
                "_x": 656.964599609375,
                "_y": 174.84368896484375,
                "_z": 6784.3134765625
            },
            "FANCKABFCPH": {
                "_x": 2.081652879714966,
                "_y": 41.6026496887207,
                "_z": 349.2574462890625
            },
            "MCNOGNBMIDN": {
                "$type": "GBOHOHBOGIJ",
                "GKIBEHOFNBF": true,
                "BJFNPGBKPHH": 11.429308891296387,
                "IJDCDHPEIEK": 65.9430923461914,
                "KMCIHHPLFHL": 20.134408950805664
            }
        },
        {
            "ECLBMPMBMLE": {
                "_x": 403.587158203125,
                "_y": 232.01922607421875,
                "_z": 6793.1318359375
            },
            "FANCKABFCPH": {
                "_x": 359.83251953125,
                "_y": 306.4628601074219,
                "_z": 349.1833801269531
            },
            "MCNOGNBMIDN": {
                "$type": "GBOHOHBOGIJ",
                "GKIBEHOFNBF": true,
                "BJFNPGBKPHH": 37.55031967163086,
                "IJDCDHPEIEK": 123.15078735351562,
                "KMCIHHPLFHL": 53.66035842895508
            }
        }
    ],
    "LJCJMJPFIDM": [
        {
            "FDCNNMAJFMH": 10020001,
            "OMNDEBJIOCP": "REGION_ENTRANCE",
            "ECLBMPMBMLE": {
                "_x": 370.9358825683594,
                "_y": 231.31082153320312,
                "_z": 6742.76904296875
            },
            "NOLLFBOGIHL": "LOGIC_AND",
            "KPKNCBHBPNG": [
                10020002
            ],
            "PCJHKFGIPKL": 4294967295,
            "DBMNOLLKFJK": 4294967295
        },
        {
            "FDCNNMAJFMH": 10020008,
            "ECLBMPMBMLE": {
                "_x": 673.396728515625,
                "_y": 165.58261108398438,
                "_z": 6768.88330078125
            },
            "NOLLFBOGIHL": "LOGIC_AND",
            "KPKNCBHBPNG": [
                10020007
            ],
            "PCJHKFGIPKL": 1001,
            "DBMNOLLKFJK": 10010022
        },
        {
            "FDCNNMAJFMH": 10020010,
            "ECLBMPMBMLE": {
                "_x": 557.186767578125,
                "_y": 164.64544677734375,
                "_z": 6769.9072265625
            },
            "NOLLFBOGIHL": "LOGIC_AND",
            "KPKNCBHBPNG": [
                10020009
            ],
            "PCJHKFGIPKL": 1003,
            "DBMNOLLKFJK": 10030001
        }
    ],
    "NMOGJNCCFND": true,
    "OKJIDAEFIOD": [
        {
            "FDCNNMAJFMH": 10020001,
            "OMNDEBJIOCP": "REGION_ENTRANCE",
            "ECLBMPMBMLE": {
                "_x": 370.9358825683594,
                "_y": 231.31082153320312,
                "_z": 6742.76904296875
            },
            "NOLLFBOGIHL": "LOGIC_AND",
            "KPKNCBHBPNG": [
                10020002
            ],
            "PCJHKFGIPKL": 4294967295,
            "DBMNOLLKFJK": 4294967295
        },
        {
            "FDCNNMAJFMH": 10020002,
            "ECLBMPMBMLE": {
                "_x": 379.9798583984375,
                "_y": 232.2242431640625,
                "_z": 6776.26123046875
            },
            "NOLLFBOGIHL": "LOGIC_AND",
            "KPKNCBHBPNG": [
                10020001,
                10020003
            ]
        },
        {
            "FDCNNMAJFMH": 10020003,
            "ECLBMPMBMLE": {
                "_x": 406.8464660644531,
                "_y": 223.19308471679688,
                "_z": 6820.30078125
            },
            "NOLLFBOGIHL": "LOGIC_AND",
            "KPKNCBHBPNG": [
                10020002,
                10020004
            ]
        },
        {
            "FDCNNMAJFMH": 10020004,
            "ECLBMPMBMLE": {
                "_x": 525.3463134765625,
                "_y": 184.95147705078125,
                "_z": 6822.673828125
            },
            "NOLLFBOGIHL": "LOGIC_AND",
            "KPKNCBHBPNG": [
                10020003,
                10020005,
                10020009
            ]
        },
        {
            "FDCNNMAJFMH": 10020005,
            "ECLBMPMBMLE": {
                "_x": 615.4024658203125,
                "_y": 179.6801300048828,
                "_z": 6832.3486328125
            },
            "NOLLFBOGIHL": "LOGIC_AND",
            "KPKNCBHBPNG": [
                10020004,
                10020006
            ]
        },
        {
            "FDCNNMAJFMH": 10020006,
            "ECLBMPMBMLE": {
                "_x": 641.8701171875,
                "_y": 174.70176696777344,
                "_z": 6796.80224609375
            },
            "NOLLFBOGIHL": "LOGIC_AND",
            "KPKNCBHBPNG": [
                10020005,
                10020007
            ]
        },
        {
            "FDCNNMAJFMH": 10020007,
            "ECLBMPMBMLE": {
                "_x": 665.7011108398438,
                "_y": 169.91329956054688,
                "_z": 6784.06396484375
            },
            "NOLLFBOGIHL": "LOGIC_AND",
            "KPKNCBHBPNG": [
                10020006,
                10020008
            ]
        },
        {
            "FDCNNMAJFMH": 10020008,
            "ECLBMPMBMLE": {
                "_x": 673.396728515625,
                "_y": 165.58261108398438,
                "_z": 6768.88330078125
            },
            "NOLLFBOGIHL": "LOGIC_AND",
            "KPKNCBHBPNG": [
                10020007
            ],
            "PCJHKFGIPKL": 1001,
            "DBMNOLLKFJK": 10010022
        },
        {
            "FDCNNMAJFMH": 10020009,
            "ECLBMPMBMLE": {
                "_x": 558.4315795898438,
                "_y": 164.11830139160156,
                "_z": 6781.962890625
            },
            "NOLLFBOGIHL": "LOGIC_AND",
            "KPKNCBHBPNG": [
                10020004,
                10020010,
                10020011
            ]
        },
        {
            "FDCNNMAJFMH": 10020010,
            "ECLBMPMBMLE": {
                "_x": 557.186767578125,
                "_y": 164.64544677734375,
                "_z": 6769.9072265625
            },
            "NOLLFBOGIHL": "LOGIC_AND",
            "KPKNCBHBPNG": [
                10020009
            ],
            "PCJHKFGIPKL": 1003,
            "DBMNOLLKFJK": 10030001
        },
        {
            "FDCNNMAJFMH": 10020011,
            "ECLBMPMBMLE": {
                "_x": 559.9751586914062,
                "_y": 163.91470336914062,
                "_z": 6782.3349609375
            },
            "IIINDEGPAKE": "CAVE_POLYGON",
            "PMIKAILOGPL": {
                "OMNDEBJIOCP": "INSIDE_RADIUS",
                "IOKLMPNGHLD": 6.0
            },
            "MFMOFPBEPHK": [
                {
                    "MPAELDGPBLD": 7325115,
                    "BLLCIDEKJHA": 2,
                    "OPDHKCDNFIB": true
                },
                {
                    "MPAELDGPBLD": 7325136,
                    "BLLCIDEKJHA": 2,
                    "OPDHKCDNFIB": true
                }
            ],
            "NOLLFBOGIHL": "LOGIC_OR",
            "KPKNCBHBPNG": [
                10020009
            ]
        }
    ]
}