{
    "AOOGPAEJDFN": {
        "_x": 1022.144775390625,
        "_y": -1000.0,
        "_z": -955.2838134765625
    },
    "ELJHMKDBOIJ": {
        "_x": 1255.5091552734375,
        "_y": 1000.0,
        "_z": -612.6366577148438
    },
    "DELPMEEHPHO": [
        {
            "_x": 1225.50634765625,
            "_y": 120.0000228881836,
            "_z": -612.6366577148438
        },
        {
            "_x": 1024.6641845703125,
            "_y": 120.0,
            "_z": -633.045654296875
        },
        {
            "_x": 1022.144775390625,
            "_y": 120.0,
            "_z": -955.2838134765625
        },
        {
            "_x": 1255.5091552734375,
            "_y": 120.0,
            "_z": -933.9008178710938
        }
    ]
}