{
    "minArea": {
        "x": 1022.144775390625,
        "y": -1000.0,
        "z": -955.2838134765625
    },
    "maxArea": {
        "x": 1255.5091552734375,
        "y": 1000.0,
        "z": -612.6366577148438
    },
    "roadPoints": [
        {
            "x": 1225.50634765625,
            "y": 120.0000228881836,
            "z": -612.6366577148438
        },
        {
            "x": 1024.6641845703125,
            "y": 120.0,
            "z": -633.045654296875
        },
        {
            "x": 1022.144775390625,
            "y": 120.0,
            "z": -955.2838134765625
        },
        {
            "x": 1255.5091552734375,
            "y": 120.0,
            "z": -933.9008178710938
        }
    ]
}