{
    "FDCNNMAJFMH": 2201,
    "APOBHLMIPNP": [
        {
            "ECLBMPMBMLE": {
                "_x": -1746.440673828125,
                "_y": 30.859176635742188,
                "_z": 3261.77490234375
            },
            "MCNOGNBMIDN": {
                "$type": "AHGOEMFKHDG",
                "GKIBEHOFNBF": true,
                "BJFNPGBKPHH": 96.12741088867188,
                "KIFPAPHCOAF": 54.5316047668457
            }
        },
        {
            "ECLBMPMBMLE": {
                "_x": -1869.3594970703125,
                "_y": 4.346053123474121,
                "_z": 3269.4453125
            },
            "MCNOGNBMIDN": {
                "$type": "LLNPBLICDHC",
                "GKIBEHOFNBF": true,
                "BJFNPGBKPHH": 77.9990005493164,
                "PGAJCDACFCA": "Center",
                "IJDCDHPEIEK": 219.4585723876953,
                "KMCIHHPLFHL": 267.53985595703125
            }
        },
        {
            "ECLBMPMBMLE": {
                "_x": -1739.6090087890625,
                "_y": 97.37251281738281,
                "_z": 3254.44775390625
            },
            "MCNOGNBMIDN": {
                "$type": "AHGOEMFKHDG",
                "GKIBEHOFNBF": true,
                "BJFNPGBKPHH": 39.477237701416016,
                "KIFPAPHCOAF": 8.707536697387695
            }
        }
    ],
    "LJCJMJPFIDM": [
        {
            "FDCNNMAJFMH": 22010016,
            "OMNDEBJIOCP": "REGION_ENTRANCE",
            "ECLBMPMBMLE": {
                "_x": -1738.3001708984375,
                "_y": 116.34976196289062,
                "_z": 3255.09912109375
            },
            "NOLLFBOGIHL": "LOGIC_AND",
            "KPKNCBHBPNG": [
                22010001
            ],
            "PCJHKFGIPKL": 4294967295,
            "DBMNOLLKFJK": 4294967295
        }
    ],
    "NMOGJNCCFND": true,
    "OKJIDAEFIOD": [
        {
            "FDCNNMAJFMH": 22010001,
            "ECLBMPMBMLE": {
                "_x": -1743.068359375,
                "_y": 3.232142448425293,
                "_z": 3260.058837890625
            },
            "NOLLFBOGIHL": "LOGIC_AND",
            "KPKNCBHBPNG": [
                22010002,
                22010016
            ]
        },
        {
            "FDCNNMAJFMH": 22010002,
            "ECLBMPMBMLE": {
                "_x": -1764.573486328125,
                "_y": -1.2234830856323242,
                "_z": 3313.2734375
            },
            "NOLLFBOGIHL": "LOGIC_AND",
            "KPKNCBHBPNG": [
                22010001,
                22010003
            ]
        },
        {
            "FDCNNMAJFMH": 22010003,
            "ECLBMPMBMLE": {
                "_x": -1785.573974609375,
                "_y": -6.102261543273926,
                "_z": 3322.1298828125
            },
            "NOLLFBOGIHL": "LOGIC_AND",
            "KPKNCBHBPNG": [
                22010002,
                22010004
            ]
        },
        {
            "FDCNNMAJFMH": 22010004,
            "ECLBMPMBMLE": {
                "_x": -1806.505615234375,
                "_y": 0.0067882537841796875,
                "_z": 3315.99365234375
            },
            "NOLLFBOGIHL": "LOGIC_AND",
            "KPKNCBHBPNG": [
                22010003,
                22010005
            ]
        },
        {
            "FDCNNMAJFMH": 22010005,
            "ECLBMPMBMLE": {
                "_x": -1845.4197998046875,
                "_y": -4.505150318145752,
                "_z": 3302.2919921875
            },
            "NOLLFBOGIHL": "LOGIC_AND",
            "KPKNCBHBPNG": [
                22010004,
                22010006,
                22010015
            ]
        },
        {
            "FDCNNMAJFMH": 22010006,
            "ECLBMPMBMLE": {
                "_x": -1835.7584228515625,
                "_y": -3.4120006561279297,
                "_z": 3279.19482421875
            },
            "NOLLFBOGIHL": "LOGIC_AND",
            "KPKNCBHBPNG": [
                22010005,
                22010007
            ]
        },
        {
            "FDCNNMAJFMH": 22010007,
            "ECLBMPMBMLE": {
                "_x": -1811.9130859375,
                "_y": -8.190010070800781,
                "_z": 3243.42236328125
            },
            "NOLLFBOGIHL": "LOGIC_AND",
            "KPKNCBHBPNG": [
                22010006,
                22010008
            ]
        },
        {
            "FDCNNMAJFMH": 22010008,
            "ECLBMPMBMLE": {
                "_x": -1810.9345703125,
                "_y": -8.190010070800781,
                "_z": 3222.67822265625
            },
            "NOLLFBOGIHL": "LOGIC_AND",
            "KPKNCBHBPNG": [
                22010007,
                22010009
            ]
        },
        {
            "FDCNNMAJFMH": 22010009,
            "ECLBMPMBMLE": {
                "_x": -1818.94677734375,
                "_y": -5.7770538330078125,
                "_z": 3203.778564453125
            },
            "NOLLFBOGIHL": "LOGIC_AND",
            "KPKNCBHBPNG": [
                22010008,
                22010010
            ]
        },
        {
            "FDCNNMAJFMH": 22010010,
            "ECLBMPMBMLE": {
                "_x": -1839.6265869140625,
                "_y": 4.142549991607666,
                "_z": 3193.28271484375
            },
            "NOLLFBOGIHL": "LOGIC_AND",
            "KPKNCBHBPNG": [
                22010009,
                22010011
            ]
        },
        {
            "FDCNNMAJFMH": 22010011,
            "ECLBMPMBMLE": {
                "_x": -1873.0604248046875,
                "_y": 8.890731811523438,
                "_z": 3187.8603515625
            },
            "NOLLFBOGIHL": "LOGIC_AND",
            "KPKNCBHBPNG": [
                22010010,
                22010012
            ]
        },
        {
            "FDCNNMAJFMH": 22010012,
            "ECLBMPMBMLE": {
                "_x": -1917.9024658203125,
                "_y": 12.138769149780273,
                "_z": 3194.900634765625
            },
            "NOLLFBOGIHL": "LOGIC_AND",
            "KPKNCBHBPNG": [
                22010011,
                22010013
            ]
        },
        {
            "FDCNNMAJFMH": 22010013,
            "ECLBMPMBMLE": {
                "_x": -1928.6009521484375,
                "_y": 14.06562328338623,
                "_z": 3227.474365234375
            },
            "NOLLFBOGIHL": "LOGIC_AND",
            "KPKNCBHBPNG": [
                22010012,
                22010014
            ]
        },
        {
            "FDCNNMAJFMH": 22010014,
            "ECLBMPMBMLE": {
                "_x": -1918.1722412109375,
                "_y": 15.723197937011719,
                "_z": 3254.957763671875
            },
            "NOLLFBOGIHL": "LOGIC_AND",
            "KPKNCBHBPNG": [
                22010013,
                22010015
            ]
        },
        {
            "FDCNNMAJFMH": 22010015,
            "ECLBMPMBMLE": {
                "_x": -1884.974609375,
                "_y": 2.425704002380371,
                "_z": 3289.51416015625
            },
            "NOLLFBOGIHL": "LOGIC_AND",
            "KPKNCBHBPNG": [
                22010014,
                22010005
            ]
        },
        {
            "FDCNNMAJFMH": 22010016,
            "OMNDEBJIOCP": "REGION_ENTRANCE",
            "ECLBMPMBMLE": {
                "_x": -1738.3001708984375,
                "_y": 116.34976196289062,
                "_z": 3255.09912109375
            },
            "NOLLFBOGIHL": "LOGIC_AND",
            "KPKNCBHBPNG": [
                22010001
            ],
            "PCJHKFGIPKL": 4294967295,
            "DBMNOLLKFJK": 4294967295
        }
    ]
}