{
    "0": {},
    "10": {
        "yLow": -14.0
    },
    "-5": {
        "speedLevel": 30,
        "yLow": -6.1578264236450195,
        "yHigh": -1.068964557984168e-14
    },
    "-568293": {
        "speedLevel": -44,
        "yLow": -103316616.0,
        "yHigh": -9.724544142156027e-27
    },
    "-568297": {
        "speedLevel": -4235,
        "yLow": -8.624581874648896e+21,
        "yHigh": 513.0086059570312
    },
    "-4439": {
        "speedLevel": 3,
        "yLow": 5.872773726878222e-06,
        "yHigh": -9.725251343631606e-27
    },
    "35": {
        "yHigh": -3406251264.0
    },
    "6": {
        "speedLevel": 4392,
        "yHigh": 0.03936837986111641
    },
    "4438": {
        "speedLevel": -13,
        "yLow": 0.00037584343226626515,
        "yHigh": -5.421639437962445e+16
    },
    "29": {
        "speedLevel": -35,
        "yHigh": 1.5702355806292638e-31
    },
    "-5283": {
        "yLow": 0.05279599502682686,
        "yHigh": 145247387648.0
    },
    "-25": {
        "yHigh": 0.0029461842495948076
    },
    "32": {
        "speedLevel": -3,
        "yHigh": 4.49518942633684e+37
    },
    "-803": {
        "speedLevel": 67244761,
        "yHigh": 5624.63671875
    }
}