{
    "0": {},
    "10": {
        "PIOLEKDEEKA": -14.0
    },
    "-5": {
        "PBLCCOKIJCD": 30,
        "PIOLEKDEEKA": -6.1578264236450195,
        "HPHBANFNNMI": -1.068964557984168e-14
    },
    "-568293": {
        "PBLCCOKIJCD": -44,
        "PIOLEKDEEKA": -103316616.0,
        "HPHBANFNNMI": -9.724544142156027e-27
    },
    "-568297": {
        "PBLCCOKIJCD": -4235,
        "PIOLEKDEEKA": -8.624581874648896e+21,
        "HPHBANFNNMI": 513.0086059570312
    },
    "-4439": {
        "PBLCCOKIJCD": 3,
        "PIOLEKDEEKA": 5.872773726878222e-06,
        "HPHBANFNNMI": -9.725251343631606e-27
    },
    "35": {
        "HPHBANFNNMI": -3406251264.0
    },
    "6": {
        "PBLCCOKIJCD": 4392,
        "HPHBANFNNMI": 0.03936837986111641
    },
    "4438": {
        "PBLCCOKIJCD": -13,
        "PIOLEKDEEKA": 0.00037584343226626515,
        "HPHBANFNNMI": -5.421639437962445e+16
    },
    "29": {
        "PBLCCOKIJCD": -35,
        "HPHBANFNNMI": 1.5702355806292638e-31
    },
    "-5283": {
        "PIOLEKDEEKA": 0.05279599502682686,
        "HPHBANFNNMI": 145247387648.0
    },
    "-25": {
        "HPHBANFNNMI": 0.0029461842495948076
    },
    "32": {
        "PBLCCOKIJCD": -3,
        "HPHBANFNNMI": 4.49518942633684e+37
    },
    "-803": {
        "PBLCCOKIJCD": 67244761,
        "HPHBANFNNMI": 5624.63671875
    }
}