{
    "MGHGPNINJCF": 2.3697148135427333e-38,
    "cd": 2.3694278276172396e-38
}