{
    "FPMPLDBNECG": [
        {
            "MCCOFAELJPA": 50,
            "NIMIAKBEEBO": {
                "x": 237.76400756835938,
                "y": 184.1300048828125,
                "z": 282.625
            }
        },
        {
            "MCCOFAELJPA": 51,
            "NIMIAKBEEBO": {
                "x": 237.76400756835938,
                "y": 184.1300048828125,
                "z": 282.625
            },
            "KPEAGLJFJEP": {
                "y": 180.0,
                "z": 180.0
            }
        }
    ]
}