{
    "GIDJIDNMGJC": [
        {
            "DLHDOPEOCLH": 50,
            "OFHOKJAKGHA": {
                "x": 237.76400756835938,
                "y": 184.1300048828125,
                "z": 282.625
            }
        },
        {
            "DLHDOPEOCLH": 51,
            "OFHOKJAKGHA": {
                "x": 237.76400756835938,
                "y": 184.1300048828125,
                "z": 282.625
            },
            "BHCECCLHODO": {
                "y": 180.0,
                "z": 180.0
            }
        }
    ]
}