{
    "EOJFPAGMDLJ": [
        {
            "EOJIBLCFGLK": 50,
            "BPDPIAHNGBH": {
                "_x": 237.76400756835938,
                "_y": 184.1300048828125,
                "_z": 282.625
            }
        },
        {
            "EOJIBLCFGLK": 51,
            "BPDPIAHNGBH": {
                "_x": 237.76400756835938,
                "_y": 184.1300048828125,
                "_z": 282.625
            },
            "ALOADFDDKLJ": {
                "_y": 180.0,
                "_z": 180.0
            }
        }
    ]
}