{
    "polygons": [
        {
            "LFJEKDGLPMM": 50,
            "min": {
                "x": 237.76400756835938,
                "y": 184.1300048828125,
                "z": 282.625
            }
        },
        {
            "LFJEKDGLPMM": 51,
            "min": {
                "x": 237.76400756835938,
                "y": 184.1300048828125,
                "z": 282.625
            },
            "max": {
                "y": 180.0,
                "z": 180.0
            }
        }
    ]
}