{
    "id": 1003,
    "EBIGNHGBLJF": [
        {
            "pos": {
                "x": 448.2332458496094,
                "y": 81.77175903320312,
                "z": 6295.7646484375
            },
            "shape": {
                "$type": "NDFENLCJONG",
                "KMPIJPHJAEN": true,
                "height": 196.73304748535156,
                "GHAGDAIJFHJ": "Center",
                "width": 430.0433654785156,
                "length": 234.095703125
            }
        },
        {
            "pos": {
                "x": 497.01007080078125,
                "y": 141.65615844726562,
                "z": 6516.1064453125
            },
            "rot": {
                "x": 351.9304504394531,
                "y": 26.150156021118164
            },
            "shape": {
                "$type": "HDOILMPEADO",
                "KMPIJPHJAEN": true,
                "height": 106.12722778320312,
                "width": 138.08868408203125,
                "length": 294.54156494140625
            }
        },
        {
            "pos": {
                "x": 524.03076171875,
                "y": 159.24298095703125,
                "z": 6682.646484375
            },
            "rot": {
                "x": 6.65557861328125,
                "y": 73.75666809082031,
                "z": 350.11865234375
            },
            "shape": {
                "$type": "HDOILMPEADO",
                "KMPIJPHJAEN": true,
                "height": 44.4246940612793,
                "width": 158.85096740722656,
                "length": 147.41033935546875
            }
        }
    ],
    "KCHMJKKMKLB": [
        {
            "id": 10030001,
            "pos": {
                "x": 557.1499633789062,
                "y": 164.64535522460938,
                "z": 6768.77685546875
            },
            "MFCIEPKGCCH": "LOGIC_AND",
            "IBGCPOAAKFD": [
                10030002
            ],
            "AAJEALDDIKO": 1002,
            "PBIAPPHJGKO": 10020010
        },
        {
            "id": 10030014,
            "type": "REGION_TRANSPORT",
            "pos": {
                "x": 542.1640014648438,
                "y": 143.06607055664062,
                "z": 6678.77490234375
            },
            "priority": 200,
            "FDGGIOJFDKF": [
                {
                    "type": "TRANSPORT_UNLOCKED",
                    "OPDGLGIIICE": 745
                }
            ],
            "MFCIEPKGCCH": "LOGIC_AND",
            "IBGCPOAAKFD": [
                10030004
            ],
            "AAJEALDDIKO": 4294967295,
            "PBIAPPHJGKO": 4294967295
        },
        {
            "id": 10030016,
            "type": "REGION_TRANSPORT",
            "pos": {
                "x": 481.67559814453125,
                "y": 124.78726196289062,
                "z": 6348.873046875
            },
            "priority": 200,
            "FDGGIOJFDKF": [
                {
                    "type": "TRANSPORT_UNLOCKED",
                    "OPDGLGIIICE": 747
                }
            ],
            "MFCIEPKGCCH": "LOGIC_AND",
            "IBGCPOAAKFD": [
                10030015
            ],
            "AAJEALDDIKO": 4294967295,
            "PBIAPPHJGKO": 4294967295
        }
    ],
    "NEKGGALFGNE": [
        {
            "id": 10030002,
            "pos": {
                "x": 555.8858642578125,
                "y": 163.77020263671875,
                "z": 6728.72412109375
            },
            "MFCIEPKGCCH": "LOGIC_AND",
            "IBGCPOAAKFD": [
                10030001,
                10030003
            ]
        },
        {
            "id": 10030001,
            "pos": {
                "x": 557.1499633789062,
                "y": 164.64535522460938,
                "z": 6768.77685546875
            },
            "MFCIEPKGCCH": "LOGIC_AND",
            "IBGCPOAAKFD": [
                10030002
            ],
            "AAJEALDDIKO": 1002,
            "PBIAPPHJGKO": 10020010
        },
        {
            "id": 10030003,
            "pos": {
                "x": 529.567138671875,
                "y": 163.39793395996094,
                "z": 6708.65576171875
            },
            "MFCIEPKGCCH": "LOGIC_AND",
            "IBGCPOAAKFD": [
                10030002,
                10030004
            ]
        },
        {
            "id": 10030004,
            "pos": {
                "x": 559.1798706054688,
                "y": 142.83956909179688,
                "z": 6678.21142578125
            },
            "HKLHNJFAODA": true,
            "MFCIEPKGCCH": "LOGIC_AND",
            "IBGCPOAAKFD": [
                10030003,
                10030005,
                10030013,
                10030014
            ]
        },
        {
            "id": 10030005,
            "pos": {
                "x": 581.4611206054688,
                "y": 136.08607482910156,
                "z": 6647.08544921875
            },
            "MFCIEPKGCCH": "LOGIC_AND",
            "IBGCPOAAKFD": [
                10030004,
                10030006
            ]
        },
        {
            "id": 10030006,
            "pos": {
                "x": 547.8040161132812,
                "y": 111.75248718261719,
                "z": 6559.6455078125
            },
            "MFCIEPKGCCH": "LOGIC_AND",
            "IBGCPOAAKFD": [
                10030005,
                10030007
            ]
        },
        {
            "id": 10030007,
            "pos": {
                "x": 492.88665771484375,
                "y": 139.5608367919922,
                "z": 6566.326171875
            },
            "MFCIEPKGCCH": "LOGIC_AND",
            "IBGCPOAAKFD": [
                10030006,
                10030008
            ]
        },
        {
            "id": 10030008,
            "pos": {
                "x": 467.26263427734375,
                "y": 146.47158813476562,
                "z": 6555.10595703125
            },
            "MFCIEPKGCCH": "LOGIC_AND",
            "IBGCPOAAKFD": [
                10030007,
                10030009
            ]
        },
        {
            "id": 10030009,
            "pos": {
                "x": 481.99615478515625,
                "y": 136.18133544921875,
                "z": 6522.6064453125
            },
            "MFCIEPKGCCH": "LOGIC_AND",
            "IBGCPOAAKFD": [
                10030008,
                10030010
            ]
        },
        {
            "id": 10030010,
            "pos": {
                "x": 472.5972595214844,
                "y": 118.10196685791016,
                "z": 6483.93505859375
            },
            "MFCIEPKGCCH": "LOGIC_AND",
            "IBGCPOAAKFD": [
                10030009,
                10030011
            ]
        },
        {
            "id": 10030011,
            "pos": {
                "x": 468.20751953125,
                "y": 127.2625503540039,
                "z": 6376.41015625
            },
            "MFCIEPKGCCH": "LOGIC_AND",
            "IBGCPOAAKFD": [
                10030010,
                10030015
            ]
        },
        {
            "id": 10030012,
            "pos": {
                "x": 467.1253356933594,
                "y": 123.17417907714844,
                "z": 6350.3359375
            },
            "IDJBLEDAEJJ": "CAVE_POLYGON",
            "PGCEHNLCGNC": {
                "type": "INSIDE_POLYGON",
                "LBOFPADEKKP": {
                    "minArea": {
                        "x": 237.31109619140625,
                        "y": -8.576271057128906,
                        "z": 6180.03857421875
                    },
                    "maxArea": {
                        "x": 662.529541015625,
                        "y": 172.14035034179688,
                        "z": 6409.0029296875
                    },
                    "roadPoints": [
                        {
                            "x": 662.529541015625,