{
    "FDCNNMAJFMH": 1003,
    "APOBHLMIPNP": [
        {
            "ECLBMPMBMLE": {
                "_x": 448.2332458496094,
                "_y": 81.77175903320312,
                "_z": 6295.7646484375
            },
            "MCNOGNBMIDN": {
                "$type": "LLNPBLICDHC",
                "GKIBEHOFNBF": true,
                "BJFNPGBKPHH": 196.73304748535156,
                "PGAJCDACFCA": "Center",
                "IJDCDHPEIEK": 430.0433654785156,
                "KMCIHHPLFHL": 234.095703125
            }
        },
        {
            "ECLBMPMBMLE": {
                "_x": 497.01007080078125,
                "_y": 141.65615844726562,
                "_z": 6516.1064453125
            },
            "FANCKABFCPH": {
                "_x": 351.9304504394531,
                "_y": 26.150156021118164
            },
            "MCNOGNBMIDN": {
                "$type": "GBOHOHBOGIJ",
                "GKIBEHOFNBF": true,
                "BJFNPGBKPHH": 106.12722778320312,
                "IJDCDHPEIEK": 138.08868408203125,
                "KMCIHHPLFHL": 294.54156494140625
            }
        },
        {
            "ECLBMPMBMLE": {
                "_x": 524.03076171875,
                "_y": 159.24298095703125,
                "_z": 6682.646484375
            },
            "FANCKABFCPH": {
                "_x": 6.65557861328125,
                "_y": 73.75666809082031,
                "_z": 350.11865234375
            },
            "MCNOGNBMIDN": {
                "$type": "GBOHOHBOGIJ",
                "GKIBEHOFNBF": true,
                "BJFNPGBKPHH": 44.4246940612793,
                "IJDCDHPEIEK": 158.85096740722656,
                "KMCIHHPLFHL": 147.41033935546875
            }
        }
    ],
    "LJCJMJPFIDM": [
        {
            "FDCNNMAJFMH": 10030001,
            "ECLBMPMBMLE": {
                "_x": 557.1499633789062,
                "_y": 164.64535522460938,
                "_z": 6768.77685546875
            },
            "NOLLFBOGIHL": "LOGIC_AND",
            "KPKNCBHBPNG": [
                10030002
            ],
            "PCJHKFGIPKL": 1002,
            "DBMNOLLKFJK": 10020010
        },
        {
            "FDCNNMAJFMH": 10030014,
            "OMNDEBJIOCP": "REGION_TRANSPORT",
            "ECLBMPMBMLE": {
                "_x": 542.1640014648438,
                "_y": 143.06607055664062,
                "_z": 6678.77490234375
            },
            "EPGBBIDENKO": 200,
            "MFMOFPBEPHK": [
                {
                    "OMNDEBJIOCP": "TRANSPORT_UNLOCKED",
                    "MPAELDGPBLD": 745
                }
            ],
            "NOLLFBOGIHL": "LOGIC_AND",
            "KPKNCBHBPNG": [
                10030004
            ],
            "PCJHKFGIPKL": 4294967295,
            "DBMNOLLKFJK": 4294967295
        },
        {
            "FDCNNMAJFMH": 10030016,
            "OMNDEBJIOCP": "REGION_TRANSPORT",
            "ECLBMPMBMLE": {
                "_x": 481.67559814453125,
                "_y": 124.78726196289062,
                "_z": 6348.873046875
            },
            "EPGBBIDENKO": 200,
            "MFMOFPBEPHK": [
                {
                    "OMNDEBJIOCP": "TRANSPORT_UNLOCKED",
                    "MPAELDGPBLD": 747
                }
            ],
            "NOLLFBOGIHL": "LOGIC_AND",
            "KPKNCBHBPNG": [
                10030015
            ],
            "PCJHKFGIPKL": 4294967295,
            "DBMNOLLKFJK": 4294967295
        }
    ],
    "OKJIDAEFIOD": [
        {
            "FDCNNMAJFMH": 10030002,
            "ECLBMPMBMLE": {
                "_x": 555.8858642578125,
                "_y": 163.77020263671875,
                "_z": 6728.72412109375
            },
            "NOLLFBOGIHL": "LOGIC_AND",
            "KPKNCBHBPNG": [
                10030001,
                10030003
            ]
        },
        {
            "FDCNNMAJFMH": 10030001,
            "ECLBMPMBMLE": {
                "_x": 557.1499633789062,
                "_y": 164.64535522460938,
                "_z": 6768.77685546875
            },
            "NOLLFBOGIHL": "LOGIC_AND",
            "KPKNCBHBPNG": [
                10030002
            ],
            "PCJHKFGIPKL": 1002,
            "DBMNOLLKFJK": 10020010
        },
        {
            "FDCNNMAJFMH": 10030003,
            "ECLBMPMBMLE": {
                "_x": 529.567138671875,
                "_y": 163.39793395996094,
                "_z": 6708.65576171875
            },
            "NOLLFBOGIHL": "LOGIC_AND",
            "KPKNCBHBPNG": [
                10030002,
                10030004
            ]
        },
        {
            "FDCNNMAJFMH": 10030004,
            "ECLBMPMBMLE": {
                "_x": 559.1798706054688,
                "_y": 142.83956909179688,
                "_z": 6678.21142578125
            },
            "FKLEFCBNPFJ": true,
            "NOLLFBOGIHL": "LOGIC_AND",
            "KPKNCBHBPNG": [
                10030003,
                10030005,
                10030013,
                10030014
            ]
        },
        {
            "FDCNNMAJFMH": 10030005,
            "ECLBMPMBMLE": {
                "_x": 581.4611206054688,
                "_y": 136.08607482910156,
                "_z": 6647.08544921875
            },
            "NOLLFBOGIHL": "LOGIC_AND",
            "KPKNCBHBPNG": [
                10030004,
                10030006
            ]
        },
        {
            "FDCNNMAJFMH": 10030006,
            "ECLBMPMBMLE": {
                "_x": 547.8040161132812,
                "_y": 111.75248718261719,
                "_z": 6559.6455078125
            },
            "NOLLFBOGIHL": "LOGIC_AND",
            "KPKNCBHBPNG": [
                10030005,
                10030007
            ]
        },
        {
            "FDCNNMAJFMH": 10030007,
            "ECLBMPMBMLE": {
                "_x": 492.88665771484375,
                "_y": 139.5608367919922,
                "_z": 6566.326171875
            },
            "NOLLFBOGIHL": "LOGIC_AND",
            "KPKNCBHBPNG": [
                10030006,
                10030008
            ]
        },
        {
            "FDCNNMAJFMH": 10030008,
            "ECLBMPMBMLE": {
                "_x": 467.26263427734375,
                "_y": 146.47158813476562,
                "_z": 6555.10595703125
            },
            "NOLLFBOGIHL": "LOGIC_AND",
            "KPKNCBHBPNG": [
                10030007,
                10030009
            ]
        },
        {
            "FDCNNMAJFMH": 10030009,
            "ECLBMPMBMLE": {
                "_x": 481.99615478515625,
                "_y": 136.18133544921875,
                "_z": 6522.6064453125
            },
            "NOLLFBOGIHL": "LOGIC_AND",
            "KPKNCBHBPNG": [
                10030008,
                10030010
            ]
        },
        {
            "FDCNNMAJFMH": 10030010,
            "ECLBMPMBMLE": {
                "_x": 472.5972595214844,
                "_y": 118.10196685791016,
                "_z": 6483.93505859375
            },
            "NOLLFBOGIHL": "LOGIC_AND",
            "KPKNCBHBPNG": [
                10030009,
                10030011
            ]
        },
        {
            "FDCNNMAJFMH": 10030011,
            "ECLBMPMBMLE": {
                "_x": 468.20751953125,
                "_y": 127.2625503540039,
                "_z": 6376.41015625
            },
            "NOLLFBOGIHL": "LOGIC_AND",
            "KPKNCBHBPNG": [
                10030010,
                10030015
            ]
        },
        {
            "FDCNNMAJFMH": 10030012,
            "ECLBMPMBMLE": {
                "_x": 467.1253356933594,
                "_y": 123.17417907714844,
                "_z": 6350.3359375
            },
            "IIINDEGPAKE": "CAVE_POLYGON",
            "PMIKAILOGPL": {
                "OMNDEBJIOCP": "INSIDE_POLYGON",