{
    "EOJFPAGMDLJ": [
        {
            "EOJIBLCFGLK": 52,
            "BPDPIAHNGBH": {
                "_x": 171.1999969482422,
                "_y": 186.83999633789062,
                "_z": 282.625
            }
        },
        {
            "EOJIBLCFGLK": 53,
            "BPDPIAHNGBH": {
                "_x": 171.1999969482422,
                "_y": 186.83999633789062,
                "_z": 282.625
            },
            "ALOADFDDKLJ": {
                "_y": 180.0,
                "_z": 180.0
            }
        },
        {
            "EOJIBLCFGLK": 54,
            "BPDPIAHNGBH": {
                "_x": 171.1999969482422,
                "_y": 186.83999633789062,
                "_z": 282.625
            }
        }
    ]
}