{
    "GIDJIDNMGJC": [
        {
            "DLHDOPEOCLH": 52,
            "OFHOKJAKGHA": {
                "x": 171.1999969482422,
                "y": 186.83999633789062,
                "z": 282.625
            }
        },
        {
            "DLHDOPEOCLH": 53,
            "OFHOKJAKGHA": {
                "x": 171.1999969482422,
                "y": 186.83999633789062,
                "z": 282.625
            },
            "BHCECCLHODO": {
                "y": 180.0,
                "z": 180.0
            }
        },
        {
            "DLHDOPEOCLH": 54,
            "OFHOKJAKGHA": {
                "x": 171.1999969482422,
                "y": 186.83999633789062,
                "z": 282.625
            }
        }
    ]
}