{
    "FPMPLDBNECG": [
        {
            "MCCOFAELJPA": 52,
            "NIMIAKBEEBO": {
                "x": 171.1999969482422,
                "y": 186.83999633789062,
                "z": 282.625
            }
        },
        {
            "MCCOFAELJPA": 53,
            "NIMIAKBEEBO": {
                "x": 171.1999969482422,
                "y": 186.83999633789062,
                "z": 282.625
            },
            "KPEAGLJFJEP": {
                "y": 180.0,
                "z": 180.0
            }
        },
        {
            "MCCOFAELJPA": 54,
            "NIMIAKBEEBO": {
                "x": 171.1999969482422,
                "y": 186.83999633789062,
                "z": 282.625
            }
        }
    ]
}