{
    "preTaskCfg": {
        "duration": -1.375723442656302e+32
    },
    "canSkip": true,
    "fadeInDuration": 2.3694278276172396e-38,
    "forceGC": true
}