{
    "_preTaskCfg": {
        "_duration": -1.375723442656302e+32
    },
    "_canSkip": true,
    "_fadeInDuration": 2.3694278276172396e-38,
    "_forceGC": true
}