{
    "FDCNNMAJFMH": 23,
    "JOPMNNJKAJC": 3,
    "BOLBJNGCJMA": [
        {
            "$type": "BGFEMIJBKEM",
            "FDCNNMAJFMH": 2301,
            "APOBHLMIPNP": [
                {
                    "ECLBMPMBMLE": {
                        "_x": 101.7787094116211,
                        "_y": 236.11802673339844,
                        "_z": 2417.657470703125
                    },
                    "FANCKABFCPH": {
                        "_y": 308.7381591796875
                    },
                    "MCNOGNBMIDN": {
                        "$type": "LLNPBLICDHC",
                        "GKIBEHOFNBF": true,
                        "BJFNPGBKPHH": 33.120849609375,
                        "PGAJCDACFCA": "Center",
                        "IJDCDHPEIEK": 44.05498123168945,
                        "KMCIHHPLFHL": 72.48164367675781
                    }
                },
                {
                    "ECLBMPMBMLE": {
                        "_x": 162.53208923339844,
                        "_y": 240.16632080078125,
                        "_z": 2388.51416015625
                    },
                    "FANCKABFCPH": {
                        "_y": 343.09857177734375
                    },
                    "MCNOGNBMIDN": {
                        "$type": "LLNPBLICDHC",
                        "GKIBEHOFNBF": true,
                        "BJFNPGBKPHH": 36.0469970703125,
                        "PGAJCDACFCA": "Center",
                        "IJDCDHPEIEK": 131.41258239746094,
                        "KMCIHHPLFHL": 59.454524993896484
                    }
                },
                {
                    "ECLBMPMBMLE": {
                        "_x": 259.4826965332031,
                        "_y": 223.1231689453125,
                        "_z": 2467.7294921875
                    },
                    "FANCKABFCPH": {
                        "_y": 320.4398498535156
                    },
                    "MCNOGNBMIDN": {
                        "$type": "LLNPBLICDHC",
                        "GKIBEHOFNBF": true,
                        "BJFNPGBKPHH": 85.74369812011719,
                        "PGAJCDACFCA": "Center",
                        "IJDCDHPEIEK": 336.7979736328125,
                        "KMCIHHPLFHL": 113.98440551757812
                    }
                },
                {
                    "ECLBMPMBMLE": {
                        "_x": 238.9102325439453,
                        "_y": 264.72296142578125,
                        "_z": 2480.6142578125
                    },
                    "MCNOGNBMIDN": {
                        "$type": "AHGOEMFKHDG",
                        "GKIBEHOFNBF": true,
                        "BJFNPGBKPHH": 16.50223159790039,
                        "KIFPAPHCOAF": 27.774015426635742
                    }
                }
            ],
            "LJCJMJPFIDM": [
                {
                    "FDCNNMAJFMH": 23010001,
                    "OMNDEBJIOCP": "REGION_ENTRANCE",
                    "ECLBMPMBMLE": {
                        "_x": 80.93456268310547,
                        "_y": 234.7918701171875,
                        "_z": 2434.90869140625
                    },
                    "NOLLFBOGIHL": "LOGIC_AND",
                    "KPKNCBHBPNG": [
                        23010002
                    ],
                    "PCJHKFGIPKL": 4294967295,
                    "DBMNOLLKFJK": 4294967295
                }
            ],
            "NMOGJNCCFND": true
        }
    ]
}