{
    "0": {},
    "61": {
        "turnSpeedOverride": 1.2038340353605715e-25
    },
    "-3": {
        "CIAFALLLDPM": 306.10870361328125,
        "turnSpeedOverride": 4368.5302734375
    },
    "-4": {
        "CIAFALLLDPM": 6764836683776.0,
        "ABLBCEPEDBC": 7.115301681182018e-10
    },
    "-41": {
        "ABLBCEPEDBC": -0.4688054621219635,
        "turnSpeedOverride": -2.5700895633917753e-08
    },
    "4299": {
        "CIAFALLLDPM": 1.4856302829818867e-34,
        "ABLBCEPEDBC": -1986.99169921875
    },
    "37": {
        "turnSpeedOverride": 1.5572048339744242e+28
    },
    "57": {
        "CIAFALLLDPM": 5.311544325245448e-33,
        "turnSpeedOverride": -1.9972938763995054e-25
    },
    "-34": {
        "ABLBCEPEDBC": 1.485557847734292e-34
    },
    "-104874": {
        "CIAFALLLDPM": 300.5456848144531,
        "turnSpeedOverride": 4198.28759765625
    }
}