{
    "id": 4,
    "sceneId": 3,
    "KIHNIKAMELG": [
        {
            "$type": "JAKLAFDELIJ",
            "id": 401,
            "LHBPBEHFHOO": [
                {
                    "pos": {
                        "x": 841.1978759765625,
                        "y": 212.30911254882812,
                        "z": 5623.9775390625
                    },
                    "rot": {
                        "y": 349.642822265625
                    },
                    "shape": {
                        "$type": "KLMBGIDHBDA",
                        "MNJJPFENMPD": true,
                        "height": 50.0,
                        "JELJIJGLKLO": "Center",
                        "width": 105.0,
                        "length": 188.8188018798828
                    }
                }
            ],
            "PEGEAJOOKMP": [
                {
                    "id": 4010001,
                    "type": "REGION_ENTRANCE",
                    "pos": {
                        "x": 857.77783203125,
                        "y": 226.2035369873047,
                        "z": 5719.5166015625
                    },
                    "BMFIHMPCCEA": "LOGIC_AND",
                    "BBGBHHNJOIE": [
                        4010002
                    ],
                    "LEDBNFMONEA": 4294967295,
                    "PPHBCJMIMDK": 4294967295
                }
            ],
            "HDHBPPHEKOH": true
        }
    ]
}