{
    "id": 4,
    "sceneId": 3,
    "DHHLJABJGCE": [
        {
            "$type": "NFOKOHJHEPJ",
            "id": 401,
            "EBIGNHGBLJF": [
                {
                    "pos": {
                        "x": 841.1978759765625,
                        "y": 212.30911254882812,
                        "z": 5623.9775390625
                    },
                    "rot": {
                        "y": 349.642822265625
                    },
                    "shape": {
                        "$type": "NDFENLCJONG",
                        "KMPIJPHJAEN": true,
                        "height": 50.0,
                        "GHAGDAIJFHJ": "Center",
                        "width": 105.0,
                        "length": 188.8188018798828
                    }
                }
            ],
            "KCHMJKKMKLB": [
                {
                    "id": 4010001,
                    "type": "REGION_ENTRANCE",
                    "pos": {
                        "x": 857.77783203125,
                        "y": 226.2035369873047,
                        "z": 5719.5166015625
                    },
                    "MFCIEPKGCCH": "LOGIC_AND",
                    "IBGCPOAAKFD": [
                        4010002
                    ],
                    "AAJEALDDIKO": 4294967295,
                    "PBIAPPHJGKO": 4294967295
                }
            ],
            "CHBLBBNGAHG": true
        }
    ]
}