{
    "FDCNNMAJFMH": 4,
    "JOPMNNJKAJC": 3,
    "BOLBJNGCJMA": [
        {
            "$type": "BGFEMIJBKEM",
            "FDCNNMAJFMH": 401,
            "APOBHLMIPNP": [
                {
                    "ECLBMPMBMLE": {
                        "_x": 841.1978759765625,
                        "_y": 212.30911254882812,
                        "_z": 5623.9775390625
                    },
                    "FANCKABFCPH": {
                        "_y": 349.642822265625
                    },
                    "MCNOGNBMIDN": {
                        "$type": "LLNPBLICDHC",
                        "GKIBEHOFNBF": true,
                        "BJFNPGBKPHH": 50.0,
                        "PGAJCDACFCA": "Center",
                        "IJDCDHPEIEK": 105.0,
                        "KMCIHHPLFHL": 188.8188018798828
                    }
                }
            ],
            "LJCJMJPFIDM": [
                {
                    "FDCNNMAJFMH": 4010001,
                    "OMNDEBJIOCP": "REGION_ENTRANCE",
                    "ECLBMPMBMLE": {
                        "_x": 857.77783203125,
                        "_y": 226.2035369873047,
                        "_z": 5719.5166015625
                    },
                    "NOLLFBOGIHL": "LOGIC_AND",
                    "KPKNCBHBPNG": [
                        4010002
                    ],
                    "PCJHKFGIPKL": 4294967295,
                    "DBMNOLLKFJK": 4294967295
                }
            ],
            "NMOGJNCCFND": true
        }
    ]
}