{
    "polygons": [
        {
            "LFJEKDGLPMM": 48,
            "min": {
                "x": 243.5749969482422,
                "y": 187.8300018310547,
                "z": 250.41000366210938
            }
        },
        {
            "LFJEKDGLPMM": 49,
            "min": {
                "x": 243.5749969482422,
                "y": 187.8300018310547,
                "z": 250.41000366210938
            },
            "max": {
                "y": 180.0,
                "z": 180.0
            }
        }
    ]
}