{
    "FPMPLDBNECG": [
        {
            "MCCOFAELJPA": 48,
            "NIMIAKBEEBO": {
                "x": 243.5749969482422,
                "y": 187.8300018310547,
                "z": 250.41000366210938
            }
        },
        {
            "MCCOFAELJPA": 49,
            "NIMIAKBEEBO": {
                "x": 243.5749969482422,
                "y": 187.8300018310547,
                "z": 250.41000366210938
            },
            "KPEAGLJFJEP": {
                "y": 180.0,
                "z": 180.0
            }
        }
    ]
}