{
    "EOJFPAGMDLJ": [
        {
            "EOJIBLCFGLK": 48,
            "BPDPIAHNGBH": {
                "_x": 243.5749969482422,
                "_y": 187.8300018310547,
                "_z": 250.41000366210938
            }
        },
        {
            "EOJIBLCFGLK": 49,
            "BPDPIAHNGBH": {
                "_x": 243.5749969482422,
                "_y": 187.8300018310547,
                "_z": 250.41000366210938
            },
            "ALOADFDDKLJ": {
                "_y": 180.0,
                "_z": 180.0
            }
        }
    ]
}