{
    "GIDJIDNMGJC": [
        {
            "DLHDOPEOCLH": 48,
            "OFHOKJAKGHA": {
                "x": 243.5749969482422,
                "y": 187.8300018310547,
                "z": 250.41000366210938
            }
        },
        {
            "DLHDOPEOCLH": 49,
            "OFHOKJAKGHA": {
                "x": 243.5749969482422,
                "y": 187.8300018310547,
                "z": 250.41000366210938
            },
            "BHCECCLHODO": {
                "y": 180.0,
                "z": 180.0
            }
        }
    ]
}