{
    "AKOLOBLHDFK": [
        {
            "ANICBLBOBKD": 1,
            "NCIMIKKFLOH": [
                {
                    "FFLCGFGGGND": 3750102,
                    "BPCGGBKIAMG": {
                        "_x": 347.17779541015625,
                        "_y": 396.3992004394531,
                        "_z": 761.7860717773438
                    },
                    "DIBEELCNODL": {
                        "_x": -0.78774493932724,
                        "_z": 0.616001546382904
                    },
                    "JPBKGBJNHMC": 0
                }
            ],
            "BIMBMJKLOEK": [
                {
                    "ECLBMPMBMLE": {
                        "_x": 291.0,
                        "_y": 396.3999938964844,
                        "_z": 702.0
                    },
                    "FANCKABFCPH": {
                        "_y": 81.0
                    }
                }
            ]
        },
        {
            "ANICBLBOBKD": 2,
            "BIMBMJKLOEK": [
                {
                    "ECLBMPMBMLE": {
                        "_x": 312.0,
                        "_y": 406.79998779296875,
                        "_z": 594.0
                    },
                    "FANCKABFCPH": {
                        "_y": -132.0
                    }
                }
            ]
        },
        {
            "ANICBLBOBKD": 4,
            "BIMBMJKLOEK": [
                {
                    "ECLBMPMBMLE": {
                        "_x": 573.0,
                        "_y": 459.79998779296875,
                        "_z": 504.0
                    },
                    "FANCKABFCPH": {
                        "_y": 140.0
                    }
                }
            ]
        },
        {
            "ANICBLBOBKD": 3,
            "BIMBMJKLOEK": [
                {
                    "ECLBMPMBMLE": {
                        "_x": 497.0,
                        "_y": 433.6000061035156,
                        "_z": 620.1900024414062
                    },
                    "FANCKABFCPH": {
                        "_y": 97.0
                    }
                }
            ]
        }
    ],
    "AAGLCHBNJGC": true,
    "MBICDPDEKDM": {
        "_x": 334.9332275390625,
        "_y": 397.5692138671875,
        "_z": 771.208740234375
    },
    "EJJIOJKFKCO": {
        "_y": 308.02471923828125
    },
    "AMDNOHPGKMI": {
        "FFLCGFGGGND": 3750102,
        "BPCGGBKIAMG": {
            "_x": 347.17779541015625,
            "_y": 396.3992004394531,
            "_z": 761.7860717773438
        },
        "DIBEELCNODL": {
            "_y": 308.02471923828125
        },
        "JPBKGBJNHMC": 1
    },
    "CJAKHCIFHNP": {
        "_x": 337.58099365234375,
        "_y": 397.919189453125,
        "_z": 772.8577270507812
    },
    "NDOFFKKGHEH": 1
}