{
    "JMGKJPBHGBE": [
        {
            "DLHDOPEOCLH": 1,
            "IAGEPKLDDGO": [
                {
                    "IBKGOOODANA": 3750102,
                    "GAABHINBFDA": {
                        "x": 347.17779541015625,
                        "y": 396.3992004394531,
                        "z": 761.7860717773438
                    },
                    "HKNPDBCEMPM": {
                        "x": -0.78774493932724,
                        "z": 0.616001546382904
                    },
                    "ABDMNGCNJDC": 0
                }
            ],
            "PEDNFGNNGAG": [
                {
                    "pos": {
                        "x": 291.0,
                        "y": 396.3999938964844,
                        "z": 702.0
                    },
                    "rot": {
                        "y": 81.0
                    }
                }
            ]
        },
        {
            "DLHDOPEOCLH": 2,
            "PEDNFGNNGAG": [
                {
                    "pos": {
                        "x": 312.0,
                        "y": 406.79998779296875,
                        "z": 594.0
                    },
                    "rot": {
                        "y": -132.0
                    }
                }
            ]
        },
        {
            "DLHDOPEOCLH": 4,
            "PEDNFGNNGAG": [
                {
                    "pos": {
                        "x": 573.0,
                        "y": 459.79998779296875,
                        "z": 504.0
                    },
                    "rot": {
                        "y": 140.0
                    }
                }
            ]
        },
        {
            "DLHDOPEOCLH": 3,
            "PEDNFGNNGAG": [
                {
                    "pos": {
                        "x": 497.0,
                        "y": 433.6000061035156,
                        "z": 620.1900024414062
                    },
                    "rot": {
                        "y": 97.0
                    }
                }
            ]
        }
    ],
    "NMBAGDEFEEJ": true,
    "MALENMHDLCC": {
        "x": 334.9332275390625,
        "y": 397.5692138671875,
        "z": 771.208740234375
    },
    "PDLONNJKJBC": {
        "y": 308.02471923828125
    },
    "EKAIPJOILGC": {
        "IBKGOOODANA": 3750102,
        "GAABHINBFDA": {
            "x": 347.17779541015625,
            "y": 396.3992004394531,
            "z": 761.7860717773438
        },
        "HKNPDBCEMPM": {
            "y": 308.02471923828125
        },
        "ABDMNGCNJDC": 1
    },
    "LALBEBDGHPG": {
        "x": 337.58099365234375,
        "y": 397.919189453125,
        "z": 772.8577270507812
    },
    "BFJJGFEKHCK": 1
}