{
    "id": 21,
    "sceneId": 3,
    "DHHLJABJGCE": [
        {
            "$type": "NFOKOHJHEPJ",
            "id": 2101,
            "EBIGNHGBLJF": [
                {
                    "pos": {
                        "x": -1774.363525390625,
                        "y": 214.27830505371094,
                        "z": 3679.12109375
                    },
                    "rot": {
                        "y": 357.7494812011719
                    },
                    "shape": {
                        "$type": "NDFENLCJONG",
                        "KMPIJPHJAEN": true,
                        "height": 22.749765396118164,
                        "GHAGDAIJFHJ": "Center",
                        "width": 23.342906951904297,
                        "length": 82.61183166503906
                    }
                },
                {
                    "pos": {
                        "x": -1790.92333984375,
                        "y": 193.72024536132812,
                        "z": 3629.028564453125
                    },
                    "shape": {
                        "$type": "KLEALMDLLEH",
                        "KMPIJPHJAEN": true,
                        "height": 61.32140350341797,
                        "radius": 46.82738494873047
                    }
                },
                {
                    "pos": {
                        "x": -1775.6165771484375,
                        "y": 251.0062713623047,
                        "z": 3704.324951171875
                    },
                    "shape": {
                        "$type": "KLEALMDLLEH",
                        "KMPIJPHJAEN": true,
                        "height": 79.9432601928711,
                        "radius": 14.652266502380371
                    }
                }
            ],
            "KCHMJKKMKLB": [
                {
                    "id": 21010004,
                    "type": "REGION_ENTRANCE",
                    "pos": {
                        "x": -1776.834228515625,
                        "y": 289.8721923828125,
                        "z": 3700.90625
                    },
                    "MFCIEPKGCCH": "LOGIC_AND",
                    "IBGCPOAAKFD": [
                        21010001
                    ],
                    "AAJEALDDIKO": 4294967295,
                    "PBIAPPHJGKO": 4294967295
                }
            ],
            "CHBLBBNGAHG": true
        }
    ]
}