{
    "delayTime": 9.920530593505772e-38,
    "duration": 2.369789642880728e-38,
    "isContinue": true
}