{
    "delayTime": 1.2030516121440942e-19,
    "duration": 2.369573842917222e-38,
    "isContinue": true
}