{
    "_delayTime": 1.2030516121440942e-19,
    "_duration": 2.369573842917222e-38,
    "_isContinue": true
}