{
    "delayTime": 1.1437593058362931e-19,
    "duration": 2.369573842917222e-38,
    "isContinue": true
}