{
    "id": 102,
    "EBIGNHGBLJF": [
        {
            "pos": {
                "x": -173.58489990234375,
                "y": 234.12965393066406,
                "z": 3482.695068359375
            },
            "shape": {
                "$type": "NDFENLCJONG",
                "KMPIJPHJAEN": true,
                "height": 26.456851959228516,
                "GHAGDAIJFHJ": "Center",
                "width": 33.07529830932617,
                "length": 11.897966384887695
            }
        },
        {
            "pos": {
                "x": -141.08135986328125,
                "y": 246.51327514648438,
                "z": 3472.938232421875
            },
            "shape": {
                "$type": "COIJCJPKJNM",
                "radius": 25.110944747924805
            }
        }
    ],
    "KCHMJKKMKLB": [
        {
            "id": 1020001,
            "pos": {
                "x": -170.0997314453125,
                "y": 234.41786193847656,
                "z": 3482.281005859375
            },
            "MFCIEPKGCCH": "LOGIC_AND",
            "IBGCPOAAKFD": [
                1020002
            ],
            "AAJEALDDIKO": 101,
            "PBIAPPHJGKO": 1010015
        },
        {
            "id": 1020011,
            "type": "REGION_TRANSPORT",
            "pos": {
                "x": -144.51124572753906,
                "y": 246.136962890625,
                "z": 3468.016357421875
            },
            "FDGGIOJFDKF": [
                {
                    "type": "TRANSPORT_UNLOCKED",
                    "OPDGLGIIICE": 464
                }
            ],
            "MFCIEPKGCCH": "LOGIC_AND",
            "IBGCPOAAKFD": [
                1020005
            ],
            "AAJEALDDIKO": 4294967295,
            "PBIAPPHJGKO": 4294967295
        },
        {
            "id": 1020014,
            "type": "REGION_ENTRANCE",
            "pos": {
                "x": -122.813232421875,
                "y": 249.60308837890625,
                "z": 3460.103759765625
            },
            "MFCIEPKGCCH": "LOGIC_AND",
            "IBGCPOAAKFD": [
                1020013
            ],
            "AAJEALDDIKO": 4294967295,
            "PBIAPPHJGKO": 4294967295
        }
    ],
    "NEKGGALFGNE": [
        {
            "id": 1020001,
            "pos": {
                "x": -170.0997314453125,
                "y": 234.41786193847656,
                "z": 3482.281005859375
            },
            "MFCIEPKGCCH": "LOGIC_AND",
            "IBGCPOAAKFD": [
                1020002
            ],
            "AAJEALDDIKO": 101,
            "PBIAPPHJGKO": 1010015
        },
        {
            "id": 1020002,
            "pos": {
                "x": -164.1795654296875,
                "y": 235.99147033691406,
                "z": 3485.075439453125
            },
            "MFCIEPKGCCH": "LOGIC_AND",
            "IBGCPOAAKFD": [
                1020001,
                1020003
            ]
        },
        {
            "id": 1020003,
            "pos": {
                "x": -159.4898681640625,
                "y": 237.20773315429688,
                "z": 3484.47509765625
            },
            "MFCIEPKGCCH": "LOGIC_AND",
            "IBGCPOAAKFD": [
                1020002,
                1020004,
                1020007
            ]
        },
        {
            "id": 1020004,
            "pos": {
                "x": -159.66119384765625,
                "y": 235.9539794921875,
                "z": 3474.74462890625
            },
            "MFCIEPKGCCH": "LOGIC_AND",
            "IBGCPOAAKFD": [
                1020003,
                1020005
            ]
        },
        {
            "id": 1020005,
            "pos": {
                "x": -155.3804168701172,
                "y": 236.9091796875,
                "z": 3466.538330078125
            },
            "MFCIEPKGCCH": "LOGIC_AND",
            "IBGCPOAAKFD": [
                1020004,
                1020006,
                1020011
            ]
        },
        {
            "id": 1020006,
            "pos": {
                "x": -149.43113708496094,
                "y": 247.82119750976562,
                "z": 3455.8662109375
            },
            "MFCIEPKGCCH": "LOGIC_AND",
            "IBGCPOAAKFD": [
                1020005
            ]
        },
        {
            "id": 1020007,
            "pos": {
                "x": -154.81793212890625,
                "y": 238.77703857421875,
                "z": 3486.26416015625
            },
            "MFCIEPKGCCH": "LOGIC_AND",
            "IBGCPOAAKFD": [
                1020003,
                1020008
            ]
        },
        {
            "id": 1020008,
            "pos": {
                "x": -148.1220703125,
                "y": 241.80429077148438,
                "z": 3485.09033203125
            },
            "MFCIEPKGCCH": "LOGIC_AND",
            "IBGCPOAAKFD": [
                1020007,
                1020009
            ]
        },
        {
            "id": 1020009,
            "pos": {
                "x": -140.450439453125,
                "y": 245.68072509765625,
                "z": 3480.755859375
            },
            "MFCIEPKGCCH": "LOGIC_AND",
            "IBGCPOAAKFD": [
                1020008,
                1020010
            ]
        },
        {
            "id": 1020010,
            "pos": {
                "x": -137.0863037109375,
                "y": 247.5571746826172,
                "z": 3473.7041015625
            },
            "IDJBLEDAEJJ": "CAVE_POLYGON",
            "PGCEHNLCGNC": {
                "type": "INSIDE_RADIUS",
                "ACGDAHFOFME": 3.0
            },
            "MFCIEPKGCCH": "LOGIC_AND",
            "IBGCPOAAKFD": [
                1020009,
                1020012
            ]
        },
        {
            "id": 1020011,
            "type": "REGION_TRANSPORT",
            "pos": {
                "x": -144.51124572753906,
                "y": 246.136962890625,
                "z": 3468.016357421875
            },
            "FDGGIOJFDKF": [
                {
                    "type": "TRANSPORT_UNLOCKED",
                    "OPDGLGIIICE": 464
                }
            ],
            "MFCIEPKGCCH": "LOGIC_AND",
            "IBGCPOAAKFD": [
                1020005
            ],
            "AAJEALDDIKO": 4294967295,
            "PBIAPPHJGKO": 4294967295
        },
        {
            "id": 1020012,
            "pos": {
                "x": -132.868408203125,
                "y": 248.78158569335938,
                "z": 3468.593994140625
            },
            "MFCIEPKGCCH": "LOGIC_AND",
            "IBGCPOAAKFD": [
                1020010,
                1020013
            ]
        },
        {
            "id": 1020013,
            "pos": {
                "x": -128.31298828125,
                "y": 249.88870239257812,
                "z": 3464.13427734375
            },
            "MFCIEPKGCCH": "LOGIC_AND",
            "IBGCPOAAKFD": [
                1020012,
                1020014
            ]
        },
        {
            "id": 1020014,
            "type": "REGION_ENTRANCE",
            "pos": {
                "x": -122.813232421875,
                "y": 249.60308837890625,
                "z": 3460.103759765625
            },
            "MFCIEPKGCCH": "LOGIC_AND",
            "IBGCPOAAKFD": [
                1020013
            ],
            "AAJEALDDIKO": 4294967295,
            "PBIAPPHJGKO": 4294967295
        }
    ]
}