{
    "FDCNNMAJFMH": 102,
    "APOBHLMIPNP": [
        {
            "ECLBMPMBMLE": {
                "_x": -173.58489990234375,
                "_y": 234.12965393066406,
                "_z": 3482.695068359375
            },
            "MCNOGNBMIDN": {
                "$type": "LLNPBLICDHC",
                "GKIBEHOFNBF": true,
                "BJFNPGBKPHH": 26.456851959228516,
                "PGAJCDACFCA": "Center",
                "IJDCDHPEIEK": 33.07529830932617,
                "KMCIHHPLFHL": 11.897966384887695
            }
        },
        {
            "ECLBMPMBMLE": {
                "_x": -141.08135986328125,
                "_y": 246.51327514648438,
                "_z": 3472.938232421875
            },
            "MCNOGNBMIDN": {
                "$type": "HNNCAEDAGKH",
                "KIFPAPHCOAF": 25.110944747924805
            }
        }
    ],
    "LJCJMJPFIDM": [
        {
            "FDCNNMAJFMH": 1020001,
            "ECLBMPMBMLE": {
                "_x": -170.0997314453125,
                "_y": 234.41786193847656,
                "_z": 3482.281005859375
            },
            "NOLLFBOGIHL": "LOGIC_AND",
            "KPKNCBHBPNG": [
                1020002
            ],
            "PCJHKFGIPKL": 101,
            "DBMNOLLKFJK": 1010015
        },
        {
            "FDCNNMAJFMH": 1020011,
            "OMNDEBJIOCP": "REGION_TRANSPORT",
            "ECLBMPMBMLE": {
                "_x": -144.51124572753906,
                "_y": 246.136962890625,
                "_z": 3468.016357421875
            },
            "MFMOFPBEPHK": [
                {
                    "OMNDEBJIOCP": "TRANSPORT_UNLOCKED",
                    "MPAELDGPBLD": 464
                }
            ],
            "NOLLFBOGIHL": "LOGIC_AND",
            "KPKNCBHBPNG": [
                1020005
            ],
            "PCJHKFGIPKL": 4294967295,
            "DBMNOLLKFJK": 4294967295
        },
        {
            "FDCNNMAJFMH": 1020014,
            "OMNDEBJIOCP": "REGION_ENTRANCE",
            "ECLBMPMBMLE": {
                "_x": -122.813232421875,
                "_y": 249.60308837890625,
                "_z": 3460.103759765625
            },
            "NOLLFBOGIHL": "LOGIC_AND",
            "KPKNCBHBPNG": [
                1020013
            ],
            "PCJHKFGIPKL": 4294967295,
            "DBMNOLLKFJK": 4294967295
        }
    ],
    "OKJIDAEFIOD": [
        {
            "FDCNNMAJFMH": 1020001,
            "ECLBMPMBMLE": {
                "_x": -170.0997314453125,
                "_y": 234.41786193847656,
                "_z": 3482.281005859375
            },
            "NOLLFBOGIHL": "LOGIC_AND",
            "KPKNCBHBPNG": [
                1020002
            ],
            "PCJHKFGIPKL": 101,
            "DBMNOLLKFJK": 1010015
        },
        {
            "FDCNNMAJFMH": 1020002,
            "ECLBMPMBMLE": {
                "_x": -164.1795654296875,
                "_y": 235.99147033691406,
                "_z": 3485.075439453125
            },
            "NOLLFBOGIHL": "LOGIC_AND",
            "KPKNCBHBPNG": [
                1020001,
                1020003
            ]
        },
        {
            "FDCNNMAJFMH": 1020003,
            "ECLBMPMBMLE": {
                "_x": -159.4898681640625,
                "_y": 237.20773315429688,
                "_z": 3484.47509765625
            },
            "NOLLFBOGIHL": "LOGIC_AND",
            "KPKNCBHBPNG": [
                1020002,
                1020004,
                1020007
            ]
        },
        {
            "FDCNNMAJFMH": 1020004,
            "ECLBMPMBMLE": {
                "_x": -159.66119384765625,
                "_y": 235.9539794921875,
                "_z": 3474.74462890625
            },
            "NOLLFBOGIHL": "LOGIC_AND",
            "KPKNCBHBPNG": [
                1020003,
                1020005
            ]
        },
        {
            "FDCNNMAJFMH": 1020005,
            "ECLBMPMBMLE": {
                "_x": -155.3804168701172,
                "_y": 236.9091796875,
                "_z": 3466.538330078125
            },
            "NOLLFBOGIHL": "LOGIC_AND",
            "KPKNCBHBPNG": [
                1020004,
                1020006,
                1020011
            ]
        },
        {
            "FDCNNMAJFMH": 1020006,
            "ECLBMPMBMLE": {
                "_x": -149.43113708496094,
                "_y": 247.82119750976562,
                "_z": 3455.8662109375
            },
            "NOLLFBOGIHL": "LOGIC_AND",
            "KPKNCBHBPNG": [
                1020005
            ]
        },
        {
            "FDCNNMAJFMH": 1020007,
            "ECLBMPMBMLE": {
                "_x": -154.81793212890625,
                "_y": 238.77703857421875,
                "_z": 3486.26416015625
            },
            "NOLLFBOGIHL": "LOGIC_AND",
            "KPKNCBHBPNG": [
                1020003,
                1020008
            ]
        },
        {
            "FDCNNMAJFMH": 1020008,
            "ECLBMPMBMLE": {
                "_x": -148.1220703125,
                "_y": 241.80429077148438,
                "_z": 3485.09033203125
            },
            "NOLLFBOGIHL": "LOGIC_AND",
            "KPKNCBHBPNG": [
                1020007,
                1020009
            ]
        },
        {
            "FDCNNMAJFMH": 1020009,
            "ECLBMPMBMLE": {
                "_x": -140.450439453125,
                "_y": 245.68072509765625,
                "_z": 3480.755859375
            },
            "NOLLFBOGIHL": "LOGIC_AND",
            "KPKNCBHBPNG": [
                1020008,
                1020010
            ]
        },
        {
            "FDCNNMAJFMH": 1020010,
            "ECLBMPMBMLE": {
                "_x": -137.0863037109375,
                "_y": 247.5571746826172,
                "_z": 3473.7041015625
            },
            "IIINDEGPAKE": "CAVE_POLYGON",
            "PMIKAILOGPL": {
                "OMNDEBJIOCP": "INSIDE_RADIUS",
                "IOKLMPNGHLD": 3.0
            },
            "NOLLFBOGIHL": "LOGIC_AND",
            "KPKNCBHBPNG": [
                1020009,
                1020012
            ]
        },
        {
            "FDCNNMAJFMH": 1020011,
            "OMNDEBJIOCP": "REGION_TRANSPORT",
            "ECLBMPMBMLE": {
                "_x": -144.51124572753906,
                "_y": 246.136962890625,
                "_z": 3468.016357421875
            },
            "MFMOFPBEPHK": [
                {
                    "OMNDEBJIOCP": "TRANSPORT_UNLOCKED",
                    "MPAELDGPBLD": 464
                }
            ],
            "NOLLFBOGIHL": "LOGIC_AND",
            "KPKNCBHBPNG": [
                1020005
            ],
            "PCJHKFGIPKL": 4294967295,
            "DBMNOLLKFJK": 4294967295
        },
        {
            "FDCNNMAJFMH": 1020012,
            "ECLBMPMBMLE": {
                "_x": -132.868408203125,
                "_y": 248.78158569335938,
                "_z": 3468.593994140625
            },
            "NOLLFBOGIHL": "LOGIC_AND",
            "KPKNCBHBPNG": [
                1020010,
                1020013
            ]
        },
        {
            "FDCNNMAJFMH": 1020013,
            "ECLBMPMBMLE": {
                "_x": -128.31298828125,
                "_y": 249.88870239257812,
                "_z": 3464.13427734375
            },
            "NOLLFBOGIHL": "LOGIC_AND",
            "KPKNCBHBPNG": [
                1020012,
                1020014
            ]
        },
        {
            "FDCNNMAJFMH": 1020014,
            "OMNDEBJIOCP": "REGION_ENTRANCE",
            "ECLBMPMBMLE": {
                "_x": -122.813232421875,
                "_y": 249.60308837890625,
                "_z": 3460.103759765625
            },
            "NOLLFBOGIHL": "LOGIC_AND",
            "KPKNCBHBPNG": [
                1020013
            ],
            "PCJHKFGIPKL": 4294967295,