{
    "FDCNNMAJFMH": 801,
    "APOBHLMIPNP": [
        {
            "ECLBMPMBMLE": {
                "_x": 805.6356201171875,
                "_y": 222.3090362548828,
                "_z": 6303.515625
            },
            "FANCKABFCPH": {
                "_y": 31.85760498046875
            },
            "MCNOGNBMIDN": {
                "$type": "LLNPBLICDHC",
                "GKIBEHOFNBF": true,
                "BJFNPGBKPHH": 55.18760299682617,
                "PGAJCDACFCA": "Center",
                "IJDCDHPEIEK": 51.02778625488281,
                "KMCIHHPLFHL": 75.83537292480469
            }
        },
        {
            "ECLBMPMBMLE": {
                "_x": 875.64208984375,
                "_y": 177.6838836669922,
                "_z": 6326.94140625
            },
            "MCNOGNBMIDN": {
                "$type": "LLNPBLICDHC",
                "GKIBEHOFNBF": true,
                "BJFNPGBKPHH": 75.20407104492188,
                "PGAJCDACFCA": "Center",
                "IJDCDHPEIEK": 129.3692626953125,
                "KMCIHHPLFHL": 51.38593292236328
            }
        },
        {
            "ECLBMPMBMLE": {
                "_x": 1055.4697265625,
                "_y": 122.71998596191406,
                "_z": 6515.498046875
            },
            "MCNOGNBMIDN": {
                "$type": "AHGOEMFKHDG",
                "GKIBEHOFNBF": true,
                "BJFNPGBKPHH": 100.0,
                "KIFPAPHCOAF": 270.0
            }
        }
    ],
    "LJCJMJPFIDM": [
        {
            "FDCNNMAJFMH": 8010001,
            "OMNDEBJIOCP": "REGION_ENTRANCE",
            "ECLBMPMBMLE": {
                "_x": 790.8572998046875,
                "_y": 214.63955688476562,
                "_z": 6268.94384765625
            },
            "NOLLFBOGIHL": "LOGIC_AND",
            "KPKNCBHBPNG": [
                8010002
            ],
            "PCJHKFGIPKL": 4294967295,
            "DBMNOLLKFJK": 4294967295
        }
    ],
    "NMOGJNCCFND": true,
    "OKJIDAEFIOD": [
        {
            "FDCNNMAJFMH": 8010001,
            "OMNDEBJIOCP": "REGION_ENTRANCE",
            "ECLBMPMBMLE": {
                "_x": 790.8572998046875,
                "_y": 214.63955688476562,
                "_z": 6268.94384765625
            },
            "NOLLFBOGIHL": "LOGIC_AND",
            "KPKNCBHBPNG": [
                8010002
            ],
            "PCJHKFGIPKL": 4294967295,
            "DBMNOLLKFJK": 4294967295
        },
        {
            "FDCNNMAJFMH": 8010002,
            "ECLBMPMBMLE": {
                "_x": 814.7650146484375,
                "_y": 204.59420776367188,
                "_z": 6299.99853515625
            },
            "NOLLFBOGIHL": "LOGIC_AND",
            "KPKNCBHBPNG": [
                8010001,
                8010003
            ]
        },
        {
            "FDCNNMAJFMH": 8010003,
            "ECLBMPMBMLE": {
                "_x": 829.961669921875,
                "_y": 195.73458862304688,
                "_z": 6313.39990234375
            },
            "NOLLFBOGIHL": "LOGIC_AND",
            "KPKNCBHBPNG": [
                8010002,
                8010004
            ]
        },
        {
            "FDCNNMAJFMH": 8010004,
            "ECLBMPMBMLE": {
                "_x": 846.3216552734375,
                "_y": 184.86196899414062,
                "_z": 6326.0009765625
            },
            "NOLLFBOGIHL": "LOGIC_AND",
            "KPKNCBHBPNG": [
                8010003,
                8010005
            ]
        },
        {
            "FDCNNMAJFMH": 8010005,
            "ECLBMPMBMLE": {
                "_x": 858.5802001953125,
                "_y": 176.22462463378906,
                "_z": 6332.4462890625
            },
            "FKLEFCBNPFJ": true,
            "NOLLFBOGIHL": "LOGIC_AND",
            "KPKNCBHBPNG": [
                8010004,
                8010006
            ]
        },
        {
            "FDCNNMAJFMH": 8010006,
            "ECLBMPMBMLE": {
                "_x": 872.2984619140625,
                "_y": 166.5000762939453,
                "_z": 6336.3623046875
            },
            "FKLEFCBNPFJ": true,
            "NOLLFBOGIHL": "LOGIC_AND",
            "KPKNCBHBPNG": [
                8010005,
                8010007
            ]
        },
        {
            "FDCNNMAJFMH": 8010007,
            "ECLBMPMBMLE": {
                "_x": 885.1940307617188,
                "_y": 158.3372344970703,
                "_z": 6333.80712890625
            },
            "FKLEFCBNPFJ": true,
            "NOLLFBOGIHL": "LOGIC_AND",
            "KPKNCBHBPNG": [
                8010006,
                8010008
            ]
        },
        {
            "FDCNNMAJFMH": 8010008,
            "ECLBMPMBMLE": {
                "_x": 895.3790893554688,
                "_y": 151.13462829589844,
                "_z": 6328.822265625
            },
            "FKLEFCBNPFJ": true,
            "NOLLFBOGIHL": "LOGIC_AND",
            "KPKNCBHBPNG": [
                8010007,
                8010009
            ]
        },
        {
            "FDCNNMAJFMH": 8010009,
            "ECLBMPMBMLE": {
                "_x": 907.8975219726562,
                "_y": 146.516357421875,
                "_z": 6323.6767578125
            },
            "FKLEFCBNPFJ": true,
            "NOLLFBOGIHL": "LOGIC_AND",
            "KPKNCBHBPNG": [
                8010008,
                8010010
            ]
        },
        {
            "FDCNNMAJFMH": 8010010,
            "ECLBMPMBMLE": {
                "_x": 915.5375366210938,
                "_y": 146.26446533203125,
                "_z": 6323.75244140625
            },
            "FKLEFCBNPFJ": true,
            "NOLLFBOGIHL": "LOGIC_AND",
            "KPKNCBHBPNG": [
                8010009,
                8010011
            ]
        },
        {
            "FDCNNMAJFMH": 8010011,
            "ECLBMPMBMLE": {
                "_x": 921.5457763671875,
                "_y": 144.85348510742188,
                "_z": 6325.123046875
            },
            "IIINDEGPAKE": "CAVE_POLYGON",
            "PMIKAILOGPL": {
                "OMNDEBJIOCP": "INSIDE_POLYGON",
                "IAPDNLCHEPE": {
                    "AOOGPAEJDFN": {
                        "_x": 840.4996948242188,
                        "_y": 83.97543334960938,
                        "_z": 6299.4775390625
                    },
                    "ELJHMKDBOIJ": {
                        "_x": 1280.4354248046875,
                        "_y": 169.1490020751953,
                        "_z": 6624.0712890625
                    },
                    "DELPMEEHPHO": [
                        {
                            "_x": 897.1719970703125,
                            "_y": 83.97543334960938,
                            "_z": 6299.4775390625
                        },
                        {
                            "_x": 945.5177612304688,
                            "_y": 83.97543334960938,
                            "_z": 6300.73876953125
                        },
                        {
                            "_x": 969.7827758789062,
                            "_y": 83.97543334960938,
                            "_z": 6312.3212890625
                        },
                        {
                            "_x": 1004.667724609375,
                            "_y": 83.97543334960938,
                            "_z": 6318.4775390625
                        },
                        {
                            "_x": 1021.9577026367188,
                            "_y": 83.97543334960938,
                            "_z": 6323.75537109375
                        },
                        {
                            "_x": 1056.8427734375,
                            "_y": 83.97543334960938,