{
    "id": 801,
    "LHBPBEHFHOO": [
        {
            "pos": {
                "x": 805.6356201171875,
                "y": 222.3090362548828,
                "z": 6303.515625
            },
            "rot": {
                "y": 31.85760498046875
            },
            "shape": {
                "$type": "KLMBGIDHBDA",
                "MNJJPFENMPD": true,
                "height": 55.18760299682617,
                "JELJIJGLKLO": "Center",
                "width": 51.02778625488281,
                "length": 75.83537292480469
            }
        },
        {
            "pos": {
                "x": 875.64208984375,
                "y": 177.6838836669922,
                "z": 6326.94140625
            },
            "shape": {
                "$type": "KLMBGIDHBDA",
                "MNJJPFENMPD": true,
                "height": 75.20407104492188,
                "JELJIJGLKLO": "Center",
                "width": 129.3692626953125,
                "length": 51.38593292236328
            }
        },
        {
            "pos": {
                "x": 1055.4697265625,
                "y": 122.71998596191406,
                "z": 6515.498046875
            },
            "shape": {
                "$type": "MOJNHPGBMLB",
                "MNJJPFENMPD": true,
                "height": 100.0,
                "radius": 270.0
            }
        }
    ],
    "PEGEAJOOKMP": [
        {
            "id": 8010001,
            "type": "REGION_ENTRANCE",
            "pos": {
                "x": 790.8572998046875,
                "y": 214.63955688476562,
                "z": 6268.94384765625
            },
            "BMFIHMPCCEA": "LOGIC_AND",
            "BBGBHHNJOIE": [
                8010002
            ],
            "LEDBNFMONEA": 4294967295,
            "PPHBCJMIMDK": 4294967295
        }
    ],
    "HDHBPPHEKOH": true,
    "NAFEKMENODO": [
        {
            "id": 8010001,
            "type": "REGION_ENTRANCE",
            "pos": {
                "x": 790.8572998046875,
                "y": 214.63955688476562,
                "z": 6268.94384765625
            },
            "BMFIHMPCCEA": "LOGIC_AND",
            "BBGBHHNJOIE": [
                8010002
            ],
            "LEDBNFMONEA": 4294967295,
            "PPHBCJMIMDK": 4294967295
        },
        {
            "id": 8010002,
            "pos": {
                "x": 814.7650146484375,
                "y": 204.59420776367188,
                "z": 6299.99853515625
            },
            "BMFIHMPCCEA": "LOGIC_AND",
            "BBGBHHNJOIE": [
                8010001,
                8010003
            ]
        },
        {
            "id": 8010003,
            "pos": {
                "x": 829.961669921875,
                "y": 195.73458862304688,
                "z": 6313.39990234375
            },
            "BMFIHMPCCEA": "LOGIC_AND",
            "BBGBHHNJOIE": [
                8010002,
                8010004
            ]
        },
        {
            "id": 8010004,
            "pos": {
                "x": 846.3216552734375,
                "y": 184.86196899414062,
                "z": 6326.0009765625
            },
            "BMFIHMPCCEA": "LOGIC_AND",
            "BBGBHHNJOIE": [
                8010003,
                8010005
            ]
        },
        {
            "id": 8010005,
            "pos": {
                "x": 858.5802001953125,
                "y": 176.22462463378906,
                "z": 6332.4462890625
            },
            "CFGJAJKCBGC": true,
            "BMFIHMPCCEA": "LOGIC_AND",
            "BBGBHHNJOIE": [
                8010004,
                8010006
            ]
        },
        {
            "id": 8010006,
            "pos": {
                "x": 872.2984619140625,
                "y": 166.5000762939453,
                "z": 6336.3623046875
            },
            "CFGJAJKCBGC": true,
            "BMFIHMPCCEA": "LOGIC_AND",
            "BBGBHHNJOIE": [
                8010005,
                8010007
            ]
        },
        {
            "id": 8010007,
            "pos": {
                "x": 885.1940307617188,
                "y": 158.3372344970703,
                "z": 6333.80712890625
            },
            "CFGJAJKCBGC": true,
            "BMFIHMPCCEA": "LOGIC_AND",
            "BBGBHHNJOIE": [
                8010006,
                8010008
            ]
        },
        {
            "id": 8010008,
            "pos": {
                "x": 895.3790893554688,
                "y": 151.13462829589844,
                "z": 6328.822265625
            },
            "CFGJAJKCBGC": true,
            "BMFIHMPCCEA": "LOGIC_AND",
            "BBGBHHNJOIE": [
                8010007,
                8010009
            ]
        },
        {
            "id": 8010009,
            "pos": {
                "x": 907.8975219726562,
                "y": 146.516357421875,
                "z": 6323.6767578125
            },
            "CFGJAJKCBGC": true,
            "BMFIHMPCCEA": "LOGIC_AND",
            "BBGBHHNJOIE": [
                8010008,
                8010010
            ]
        },
        {
            "id": 8010010,
            "pos": {
                "x": 915.5375366210938,
                "y": 146.26446533203125,
                "z": 6323.75244140625
            },
            "CFGJAJKCBGC": true,
            "BMFIHMPCCEA": "LOGIC_AND",
            "BBGBHHNJOIE": [
                8010009,
                8010011
            ]
        },
        {
            "id": 8010011,
            "pos": {
                "x": 921.5457763671875,
                "y": 144.85348510742188,
                "z": 6325.123046875
            },
            "BILGCCPBBBO": "CAVE_POLYGON",
            "OCMNODKIJNE": {
                "type": "INSIDE_POLYGON",
                "HBEPPOBMNHJ": {
                    "minArea": {
                        "x": 840.4996948242188,
                        "y": 83.97543334960938,
                        "z": 6299.4775390625
                    },
                    "maxArea": {
                        "x": 1280.4354248046875,
                        "y": 169.1490020751953,
                        "z": 6624.0712890625
                    },
                    "roadPoints": [
                        {
                            "x": 897.1719970703125,
                            "y": 83.97543334960938,
                            "z": 6299.4775390625
                        },
                        {
                            "x": 945.5177612304688,
                            "y": 83.97543334960938,
                            "z": 6300.73876953125
                        },
                        {
                            "x": 969.7827758789062,
                            "y": 83.97543334960938,
                            "z": 6312.3212890625
                        },
                        {
                            "x": 1004.667724609375,
                            "y": 83.97543334960938,
                            "z": 6318.4775390625
                        },
                        {
                            "x": 1021.9577026367188,
                            "y": 83.97543334960938,
                            "z": 6323.75537109375
                        },
                        {
                            "x": 1056.8427734375,
                            "y": 83.97543334960938,
                            "z": 6333.64306640625
                        },
                        {
                            "x": 1094.559326171875,
                            "y": 83.97543334960938,
                            "z": 6333.60986328125
                        },
                        {
                            "x": 1104.355224609375,
                            "y": 83.97543334960938,