{
    "0": {
        "GOHEFAAABGI": 7.495796043870302e-15,
        "HIMLAIHOGIG": 423185350656.0
    },
    "4251": {},
    "1": {},
    "33": {
        "NHNLJFODBFE": 1.4871852875205819e-34,
        "GOHEFAAABGI": -2297.595947265625,
        "HIMLAIHOGIG": 50.42451858520508
    },
    "9": {
        "GOHEFAAABGI": -141843168.0,
        "HIMLAIHOGIG": 6.158046245574951
    },
    "-4814": {
        "GOHEFAAABGI": 5585.74169921875
    },
    "-4": {
        "NHNLJFODBFE": -1.1911438039636157e+26,
        "GOHEFAAABGI": 1.5762153254243697e+34,
        "HIMLAIHOGIG": 1.4871674943932012e-34
    },
    "-4604": {
        "GOHEFAAABGI": 5550.83056640625
    },
    "22": {
        "NHNLJFODBFE": -2.9252864719445276e-21,
        "HIMLAIHOGIG": 7.69263413113672e-33
    },
    "36": {
        "GOHEFAAABGI": 5556.60595703125
    },
    "121269": {
        "NHNLJFODBFE": 50.1505241394043,
        "HIMLAIHOGIG": 5579.0537109375
    }
}