{
    "delayTime": 1.1437593058362931e-19,
    "duration": 3.791203354297358e-37,
    "blackScreenType": "KEEP_BLACK"
}