{
    "_delayTime": 1.2030516121440942e-19,
    "_duration": 3.791203354297358e-37,
    "_emotionName": ""
}