{
    "AKOLOBLHDFK": [
        {
            "ANICBLBOBKD": 1,
            "NCIMIKKFLOH": [
                {
                    "FFLCGFGGGND": 375101,
                    "BPCGGBKIAMG": {
                        "_x": 459.0,
                        "_y": 229.01397705078125,
                        "_z": 629.0
                    },
                    "DIBEELCNODL": {
                        "_z": 1.0
                    },
                    "JPBKGBJNHMC": 0
                }
            ],
            "BIMBMJKLOEK": [
                {
                    "ECLBMPMBMLE": {
                        "_x": 552.0,
                        "_y": 238.10000610351562,
                        "_z": 538.0
                    },
                    "FANCKABFCPH": {
                        "_y": -25.0
                    }
                }
            ]
        },
        {
            "ANICBLBOBKD": 2,
            "BIMBMJKLOEK": [
                {
                    "ECLBMPMBMLE": {
                        "_x": 305.0,
                        "_y": 201.5,
                        "_z": 574.0
                    },
                    "FANCKABFCPH": {
                        "_y": -165.0
                    }
                }
            ]
        },
        {
            "ANICBLBOBKD": 3,
            "BIMBMJKLOEK": [
                {
                    "ECLBMPMBMLE": {
                        "_x": 812.0,
                        "_y": 201.10000610351562,
                        "_z": 538.0
                    },
                    "FANCKABFCPH": {
                        "_y": 73.0
                    }
                }
            ]
        },
        {
            "ANICBLBOBKD": 4,
            "BIMBMJKLOEK": [
                {
                    "ECLBMPMBMLE": {
                        "_x": 756.0,
                        "_y": 201.1999969482422,
                        "_z": 190.0
                    },
                    "FANCKABFCPH": {
                        "_y": 2.0
                    }
                }
            ]
        }
    ],
    "AAGLCHBNJGC": true,
    "MBICDPDEKDM": {
        "_x": 458.8800048828125,
        "_y": 230.4439697265625,
        "_z": 640.1099853515625
    },
    "AMDNOHPGKMI": {
        "FFLCGFGGGND": 375101,
        "BPCGGBKIAMG": {
            "_x": 459.0,
            "_y": 229.01397705078125,
            "_z": 629.0
        },
        "JPBKGBJNHMC": 1
    },
    "CJAKHCIFHNP": {
        "_x": 451.80999755859375,
        "_y": 229.59397888183594,
        "_z": 640.9199829101562
    },
    "NDOFFKKGHEH": 1
}