{
    "JMGKJPBHGBE": [
        {
            "DLHDOPEOCLH": 1,
            "IAGEPKLDDGO": [
                {
                    "IBKGOOODANA": 375101,
                    "GAABHINBFDA": {
                        "x": 459.0,
                        "y": 229.01397705078125,
                        "z": 629.0
                    },
                    "HKNPDBCEMPM": {
                        "z": 1.0
                    },
                    "ABDMNGCNJDC": 0
                }
            ],
            "PEDNFGNNGAG": [
                {
                    "pos": {
                        "x": 552.0,
                        "y": 238.10000610351562,
                        "z": 538.0
                    },
                    "rot": {
                        "y": -25.0
                    }
                }
            ]
        },
        {
            "DLHDOPEOCLH": 2,
            "PEDNFGNNGAG": [
                {
                    "pos": {
                        "x": 305.0,
                        "y": 201.5,
                        "z": 574.0
                    },
                    "rot": {
                        "y": -165.0
                    }
                }
            ]
        },
        {
            "DLHDOPEOCLH": 3,
            "PEDNFGNNGAG": [
                {
                    "pos": {
                        "x": 812.0,
                        "y": 201.10000610351562,
                        "z": 538.0
                    },
                    "rot": {
                        "y": 73.0
                    }
                }
            ]
        },
        {
            "DLHDOPEOCLH": 4,
            "PEDNFGNNGAG": [
                {
                    "pos": {
                        "x": 756.0,
                        "y": 201.1999969482422,
                        "z": 190.0
                    },
                    "rot": {
                        "y": 2.0
                    }
                }
            ]
        }
    ],
    "NMBAGDEFEEJ": true,
    "MALENMHDLCC": {
        "x": 458.8800048828125,
        "y": 230.4439697265625,
        "z": 640.1099853515625
    },
    "EKAIPJOILGC": {
        "IBKGOOODANA": 375101,
        "GAABHINBFDA": {
            "x": 459.0,
            "y": 229.01397705078125,
            "z": 629.0
        },
        "ABDMNGCNJDC": 1
    },
    "LALBEBDGHPG": {
        "x": 451.80999755859375,
        "y": 229.59397888183594,
        "z": 640.9199829101562
    },
    "BFJJGFEKHCK": 1
}