{
    "AIKJOLGKALO": [
        {
            "OLFOEGPKCIM": 1,
            "LKLNONLPKNP": [
                {
                    "GKKMBMFGANJ": 375101,
                    "HHKFCMAPHJO": {
                        "x": 459.0,
                        "y": 229.01397705078125,
                        "z": 629.0
                    },
                    "ABJFCPKBOMM": {
                        "z": 1.0
                    },
                    "POAPFGAMFIC": 0
                }
            ],
            "HEAGMHGHCHP": [
                {
                    "pos": {
                        "x": 552.0,
                        "y": 238.10000610351562,
                        "z": 538.0
                    },
                    "rot": {
                        "y": -25.0
                    }
                }
            ]
        },
        {
            "OLFOEGPKCIM": 2,
            "HEAGMHGHCHP": [
                {
                    "pos": {
                        "x": 305.0,
                        "y": 201.5,
                        "z": 574.0
                    },
                    "rot": {
                        "y": -165.0
                    }
                }
            ]
        },
        {
            "OLFOEGPKCIM": 3,
            "HEAGMHGHCHP": [
                {
                    "pos": {
                        "x": 812.0,
                        "y": 201.10000610351562,
                        "z": 538.0
                    },
                    "rot": {
                        "y": 73.0
                    }
                }
            ]
        },
        {
            "OLFOEGPKCIM": 4,
            "HEAGMHGHCHP": [
                {
                    "pos": {
                        "x": 756.0,
                        "y": 201.1999969482422,
                        "z": 190.0
                    },
                    "rot": {
                        "y": 2.0
                    }
                }
            ]
        }
    ],
    "FEMFCJOCMED": true,
    "PAMKEAFHNNI": {
        "x": 458.8800048828125,
        "y": 230.4439697265625,
        "z": 640.1099853515625
    },
    "GNMDAGHNNHJ": {
        "GKKMBMFGANJ": 375101,
        "HHKFCMAPHJO": {
            "x": 459.0,
            "y": 229.01397705078125,
            "z": 629.0
        },
        "POAPFGAMFIC": 1
    },
    "MIFPKOOPFAP": {
        "x": 451.80999755859375,
        "y": 229.59397888183594,
        "z": 640.9199829101562
    },
    "GACDNGILEME": 1
}