{
    "-669413761": {},
    "0": {
        "turnSpeedOverride": 1.661548265448366e+35,
        "cdMax": -2.793088883768552e-23,
        "cdMin": 2.177510457373761e-14,
        "terrainOffsetMin": 2.302502959586051e+23,
        "terrainOffsetMax": 1.4844470974082611e-34
    },
    "-6951": {
        "terrainOffsetMax": 2.214206158601978e-34
    },
    "-34": {
        "turnSpeedOverride": 1.4844581176678e-34,
        "cdMax": -634.9000244140625,
        "terrainOffsetMax": 135.5748291015625,
        "distanceFromBorn": 3367.300048828125
    },
    "-4": {
        "turnSpeedOverride": 2.1777999732351325e-14,
        "cdMax": 6.155695360307737e-39,
        "terrainOffsetMax": 1.4844519187718094e-34,
        "distanceFromBorn": -668.7999877929688
    },
    "17": {
        "cdMax": 2.302502959586051e+23,
        "distanceFromBorn": 1.484548116454035e-34,
        "probeNumberMax": -279335
    },
    "2594": {
        "speedLevel": -34,
        "turnSpeedOverride": 3416.10009765625,
        "terrainOffsetMin": 1.0013471865022439e-06,
        "distanceFromCurrentMin": 2.214206158601978e-34,
        "distanceFromCurrentMax": 16382686134272.0,
        "probeNumberMin": -35
    },
    "3312": {
        "cdMax": 2.302502959586051e+23,
        "distanceFromBorn": 1.484594034202114e-34,
        "probeNumberMax": -434983
    },
    "16": {
        "speedLevel": 2594,
        "turnSpeedOverride": 4.540886422432777e-08,
        "terrainOffsetMin": 1.4844816505136906e-34,
        "terrainOffsetMax": -709.0
    },
    "20": {
        "speedLevel": -34,
        "turnSpeedOverride": 3344.699951171875,
        "terrainOffsetMin": 1.1990470287598603e-15,
        "distanceFromCurrentMin": 2.214206158601978e-34,
        "distanceFromCurrentMax": 36507496448.0,
        "probeNumberMin": -35
    }
}