{
    "-669413761": {},
    "0": {
        "HIMLAIHOGIG": 1.661548265448366e+35,
        "EBHHJJBPKGL": -2.793088883768552e-23,
        "EMDFGAOJGKF": 2.177510457373761e-14,
        "EEPCNJGKFPF": 2.302502959586051e+23,
        "MGBBCNKFAFF": 1.4844470974082611e-34
    },
    "-6951": {
        "MGBBCNKFAFF": 2.214206158601978e-34
    },
    "-34": {
        "HIMLAIHOGIG": 1.4844581176678e-34,
        "EBHHJJBPKGL": -634.9000244140625,
        "MGBBCNKFAFF": 135.5748291015625,
        "IBKJEHAGLCP": 3367.300048828125
    },
    "-4": {
        "HIMLAIHOGIG": 2.1777999732351325e-14,
        "EBHHJJBPKGL": 6.155695360307737e-39,
        "MGBBCNKFAFF": 1.4844519187718094e-34,
        "IBKJEHAGLCP": -668.7999877929688
    },
    "17": {
        "EBHHJJBPKGL": 2.302502959586051e+23,
        "IBKJEHAGLCP": 1.484548116454035e-34,
        "EPHPBEOCPDN": -279335
    },
    "2594": {
        "PBLCCOKIJCD": -34,
        "HIMLAIHOGIG": 3416.10009765625,
        "EEPCNJGKFPF": 1.0013471865022439e-06,
        "MKMHKNEPGLO": 2.214206158601978e-34,
        "MBMDOHEDFMP": 16382686134272.0,
        "MGPBAKOKMDM": -35
    },
    "3312": {
        "EBHHJJBPKGL": 2.302502959586051e+23,
        "IBKJEHAGLCP": 1.484594034202114e-34,
        "EPHPBEOCPDN": -434983
    },
    "16": {
        "PBLCCOKIJCD": 2594,
        "HIMLAIHOGIG": 4.540886422432777e-08,
        "EEPCNJGKFPF": 1.4844816505136906e-34,
        "MGBBCNKFAFF": -709.0
    },
    "20": {
        "PBLCCOKIJCD": -34,
        "HIMLAIHOGIG": 3344.699951171875,
        "EEPCNJGKFPF": 1.1990470287598603e-15,
        "MKMHKNEPGLO": 2.214206158601978e-34,
        "MBMDOHEDFMP": 36507496448.0,
        "MGPBAKOKMDM": -35
    }
}