{
    "0": {},
    "-4297": {
        "speedLevel": -4,
        "FEGMKPDOOGJ": -1608.1256103515625
    },
    "-13": {
        "speedLevel": 4293,
        "turnSpeedOverride": 3940.51611328125,
        "fleeDistanceMax": -0.0019356318516656756,
        "turnToTarget": true
    },
    "57": {
        "turnSpeedOverride": 6.107836909954535e-25,
        "fleeAngle": 4.480368340218342e+28,
        "FEGMKPDOOGJ": 1.0821898947582188e+37,
        "fleeDistanceMax": -8865129.0,
        "turnToTarget": true
    },
    "-35": {
        "speedLevel": 28,
        "turnSpeedOverride": 402905.46875,
        "fleeAngle": 3.782479194446393e+27
    },
    "725280": {
        "turnSpeedOverride": -1.5728102497360066e-38,
        "fleeAngle": 4.475746360218268e-22,
        "FEGMKPDOOGJ": -1.4318068952690055e-09,
        "fleeDistanceMin": 1.0854766182579433e-14,
        "turnToTarget": true
    },
    "53": {
        "speedLevel": -4,
        "fleeAngle": -1704.0977783203125,
        "turnToTarget": true
    },
    "22": {
        "speedLevel": -7096,
        "turnSpeedOverride": 1.0420913760788238e-31,
        "FEGMKPDOOGJ": 1651313664.0,
        "restrictedByDefendArea": true,
        "expandFleeAngleWhenBlocked": true
    },
    "-34": {
        "turnSpeedOverride": 1.4854088446417757e-34,
        "FEGMKPDOOGJ": -1721.7677001953125,
        "fleeDistanceMin": 281.783935546875,
        "fleeDistanceMax": 3923.9794921875
    }
}