{
    "0": {},
    "-4297": {
        "PBLCCOKIJCD": -4,
        "LDKAJBHNMAA": -1608.1256103515625
    },
    "-13": {
        "PBLCCOKIJCD": 4293,
        "HIMLAIHOGIG": 3940.51611328125,
        "KBKKAAJPGNO": -0.0019356318516656756,
        "NMJDBHBBBBK": true
    },
    "57": {
        "HIMLAIHOGIG": 6.107836909954535e-25,
        "OOCILJNHPIP": 4.480368340218342e+28,
        "LDKAJBHNMAA": 1.0821898947582188e+37,
        "KBKKAAJPGNO": -8865129.0,
        "NMJDBHBBBBK": true
    },
    "-35": {
        "PBLCCOKIJCD": 28,
        "HIMLAIHOGIG": 402905.46875,
        "OOCILJNHPIP": 3.782479194446393e+27
    },
    "725280": {
        "HIMLAIHOGIG": -1.5728102497360066e-38,
        "OOCILJNHPIP": 4.475746360218268e-22,
        "LDKAJBHNMAA": -1.4318068952690055e-09,
        "JNENCAOPCND": 1.0854766182579433e-14,
        "NMJDBHBBBBK": true
    },
    "53": {
        "PBLCCOKIJCD": -4,
        "OOCILJNHPIP": -1704.0977783203125,
        "NMJDBHBBBBK": true
    },
    "22": {
        "PBLCCOKIJCD": -7096,
        "HIMLAIHOGIG": 1.0420913760788238e-31,
        "LDKAJBHNMAA": 1651313664.0,
        "AAJFGMJNOKG": true,
        "CBFFHPODDBE": true
    },
    "-34": {
        "HIMLAIHOGIG": 1.4854088446417757e-34,
        "LDKAJBHNMAA": -1721.7677001953125,
        "JNENCAOPCND": 281.783935546875,
        "KBKKAAJPGNO": 3923.9794921875
    }
}