{
    "delayTime": 1.1437593058362931e-19,
    "duration": 2.369502096435849e-38,
    "isContinue": true
}