{
    "KIFPAPHCOAF": 50.0,
    "BJFNPGBKPHH": 30.0,
    "JCKHFAPPDIB": [
        {
            "LMADOMLAFJA": 376152,
            "GPFINMAPBAH": {
                "_x": 0.22332763671875,
                "_z": 27.2000732421875
            }
        },
        {
            "LMADOMLAFJA": 376153,
            "GPFINMAPBAH": {
                "_x": 0.22332763671875,
                "_z": 3.2000732421875
            }
        },
        {
            "LMADOMLAFJA": 376154,
            "GPFINMAPBAH": {
                "_x": 0.22332763671875,
                "_y": 12.0,
                "_z": 3.2000732421875
            }
        }
    ]
}