{
    "isUnique": true,
    "nextLoopTriggerID": "",
    "beforeHoldDuration": 6.206788103615484e-39,
    "chargeLoopStateIDs": [],
    "chargeLoopDurations": [
        3.1452383808527884e-08,
        -24.585485458374023,
        -4.042232456701747e-23,
        1.4852693694819858e-34,
        -1399.0999755859375,
        248.41700744628906,
        3793.89990234375,
        -5.456971246403652e-12,
        1.9045742166726676e+34,
        4.951799706960815e+27,
        -5.261171721191211e-37,
        1.1712571992812328e+26,
        -1.8600541423444922e-25,
        1.5970003870155955e+23,
        -24.582530975341797,
        6.196174669046688e-39,
        1.4853280294051567e-34,
        -1349.5999755859375,
        248.41700744628906,
        3831.300048828125,
        -1.012515317763826e-14,
        1.9045742166726676e+34,
        1.5212063192781056e+30,
        -9.997014497810031e+34,
        1.1712569225800717e+26,
        82819612672.0,
        -2.797344630580038e-23,
        -24.58305549621582,
        6.196174669046688e-39,
        1.4854547623898547e-34,
        -1369.0999755859375,
        248.41700744628906,
        3899.5,
        -2.2992106829544667e-10,
        1.9045742166726676e+34,
        5.526939498605474e+31,
        -3.427690216994961e-06,
        1.1712574759823939e+26,
        4.666200759118055e-10,
        -2.7973449461244e-23,
        -24.586198806762695,
        -204965536.0,
        1.4854745070215287e-34,
        -1414.199951171875,
        248.41700744628906,
        3904.10009765625,
        -5.364422008824477e-07,
        1.9045742166726676e+34,
        2.3768550001816694e+30,
        3.427690216994961e-06,
        1.1712580293847161e+26,
        -965795328.0,
        -2.797343999491314e-23,
        -24.58915901184082,
        4.551149146436728e-08,
        1.4853605162119226e-34,
        -1461.0999755859375,
        248.41700744628906,
        3841.5,
        -2.6226059617329156e-06,
        1.9045742166726676e+34,
        7.180083867710641e+28,
        2.7156959756063075e+23,
        1.1712579371509957e+26,
        3.557075278936272e+20,
        -2.797343052858228e-23,
        -24.587297439575195,
        2.307706778883485e+23,
        1.4852855554881836e-34,
        -1428.0,
        248.41700744628906,
        3801.300048828125
    ]
}