{
    "-996909331": {},
    "0": {
        "HIMLAIHOGIG": -6.376719490563864e+23,
        "NFKPHLBKLJP": -5.947463640676492e+25,
        "AOCBBGFBPGM": 6.025360228190649e-31,
        "EEJEJKABCFD": 2.954863338124764e-34
    },
    "-4475": {
        "PBLCCOKIJCD": 34,
        "AEOGHAGMFIO": 275.9562072753906,
        "NFKPHLBKLJP": -1188.0467529296875,
        "EEJEJKABCFD": 4.686634500335897e+34
    },
    "34": {},
    "-54": {
        "HIMLAIHOGIG": -1.5829693707840819e-15,
        "AEOGHAGMFIO": 196639.0625
    },
    "13": {
        "AEOGHAGMFIO": 200.50991821289062
    },
    "-11": {
        "PBLCCOKIJCD": -61706,
        "NFKPHLBKLJP": 578.5745239257812
    },
    "451": {
        "NFKPHLBKLJP": 11243.0654296875
    },
    "482": {},
    "-49": {
        "HIMLAIHOGIG": -4.0350399006100027e-28,
        "AEOGHAGMFIO": -8.476071330250784e+29,
        "AOCBBGFBPGM": -2.1502428913443346e+33,
        "EEJEJKABCFD": -1.1723880630259052e-17
    },
    "-4293": {
        "HIMLAIHOGIG": 2.943982438951225e-34,
        "AEOGHAGMFIO": 1415.5645751953125,
        "AOCBBGFBPGM": 261.92535400390625,
        "EEJEJKABCFD": -345.35003662109375
    }
}