{
    "JOPMNNJKAJC": 7,
    "NABEMCGHLGH": [
        {
            "_localId": 700900003,
            "_name": "Route_700900003",
            "_type": "Reciprocate",
            "_points": [
                {
                    "_pos": {
                        "_x": -820.6956176757812,
                        "_y": 149.82090759277344,
                        "_z": -228.281494140625
                    },
                    "_waitTime": 5.0,
                    "_targetVelocity": 3.0
                },
                {
                    "_pos": {
                        "_x": -790.3685913085938,
                        "_y": 134.49896240234375,
                        "_z": -236.8335723876953
                    },
                    "_waitTime": 5.0,
                    "_targetVelocity": 3.0
                }
            ],
            "_rotAngleType": "ROT_ANGLE_Y"
        }
    ]
}