{
    "JOPMNNJKAJC": 1073,
    "NABEMCGHLGH": [
        {
            "_localId": 1,
            "_name": "Platform_001",
            "_points": [
                {
                    "_pos": {
                        "_x": -0.0014326274394989014,
                        "_y": 5.829413890838623,
                        "_z": -0.0017676874995231628
                    }
                },
                {
                    "_pos": {
                        "_x": -0.001432626973837614,
                        "_y": 105.26210021972656,
                        "_z": -0.0017676870338618755
                    }
                },
                {
                    "_pos": {
                        "_x": -0.0014318302273750305,
                        "_y": -34.309932708740234,
                        "_z": -0.01200070045888424
                    }
                }
            ],
            "_rotAngleType": "ROT_ANGLE_Y"
        }
    ]
}