{
    "JOPMNNJKAJC": 20159,
    "NABEMCGHLGH": [
        {
            "_localId": 5,
            "_name": "Platform_005",
            "_type": "Reciprocate",
            "_points": [
                {
                    "_pos": {
                        "_x": 478.36126708984375,
                        "_y": 113.30081176757812,
                        "_z": 496.3999328613281
                    },
                    "_waitTime": 2.0,
                    "_targetVelocity": 6.0
                },
                {
                    "_pos": {
                        "_x": 449.11163330078125,
                        "_y": 139.01173400878906,
                        "_z": 495.106689453125
                    },
                    "_waitTime": 2.0,
                    "_targetVelocity": 6.0
                }
            ],
            "_rotAngleType": "ROT_ANGLE_Y"
        }
    ]
}