{
    "JOPMNNJKAJC": 20169,
    "NABEMCGHLGH": [
        {
            "_localId": 1,
            "_name": "Route_001",
            "_type": "Loop",
            "_points": [
                {
                    "_pos": {
                        "_x": -36.26288986206055,
                        "_y": 0.48506593704223633,
                        "_z": 56.15202713012695
                    },
                    "_waitTime": 2.0
                },
                {
                    "_pos": {
                        "_x": -34.45977783203125,
                        "_y": 0.4749997556209564,
                        "_z": 49.777801513671875
                    },
                    "_waitTime": 2.0
                },
                {
                    "_pos": {
                        "_x": -37.53731918334961,
                        "_y": 0.45999908447265625,
                        "_z": 52.0528564453125
                    }
                }
            ],
            "_rotAngleType": "ROT_ANGLE_Y"
        }
    ]
}