{
    "JOPMNNJKAJC": 47205,
    "NABEMCGHLGH": [
        {
            "_localId": 1,
            "_name": "Route_001",
            "_type": "Reciprocate",
            "_points": [
                {
                    "_pos": {
                        "_x": 220.02259826660156,
                        "_y": 187.09547424316406,
                        "_z": 364.965576171875
                    },
                    "_waitTime": 8.0,
                    "_targetVelocity": 4.0
                },
                {
                    "_pos": {
                        "_x": 220.06919860839844,
                        "_y": 163.45230102539062,
                        "_z": 364.9656066894531
                    },
                    "_waitTime": 5.0,
                    "_targetVelocity": 4.0
                }
            ],
            "_rotAngleType": "ROT_ANGLE_Y",
            "_isSimulateTempRouteByTime": true
        }
    ]
}