{
    "JOPMNNJKAJC": 7,
    "NABEMCGHLGH": [
        {
            "_localId": 700200001,
            "_name": "Route_700200001",
            "_points": [
                {
                    "_pos": {
                        "_x": 1348.2176513671875,
                        "_y": 251.23924255371094,
                        "_z": 702.7766723632812
                    }
                },
                {
                    "_pos": {
                        "_x": 1348.8134765625,
                        "_y": 249.6820526123047,
                        "_z": 702.5728759765625
                    }
                }
            ],
            "_rotAngleType": "ROT_ANGLE_Y"
        }
    ]
}