{
    "JOPMNNJKAJC": 20157,
    "NABEMCGHLGH": [
        {
            "_localId": 1,
            "_name": "Route_001",
            "_type": "Loop",
            "_points": [
                {
                    "_pos": {
                        "_x": 246.8903045654297,
                        "_y": 182.3234100341797,
                        "_z": 247.27276611328125
                    },
                    "_waitTime": 1.0
                },
                {
                    "_pos": {
                        "_x": 250.15391540527344,
                        "_y": 182.3666534423828,
                        "_z": 247.27279663085938
                    }
                },
                {
                    "_pos": {
                        "_x": 251.41790771484375,
                        "_y": 182.13389587402344,
                        "_z": 249.16221618652344
                    },
                    "_waitTime": 2.0
                }
            ],
            "_rotAngleType": "ROT_ANGLE_Y"
        }
    ]
}