{
    "JOPMNNJKAJC": 40045,
    "NABEMCGHLGH": [
        {
            "_localId": 1,
            "_name": "Platform_001",
            "_points": [
                {
                    "_pos": {
                        "_x": 3.055893898010254,
                        "_y": 54.6397590637207,
                        "_z": -73.6364517211914
                    },
                    "_targetVelocity": 3.0,
                    "_hasReachEvent": true
                },
                {
                    "_pos": {
                        "_x": 3.055893898010254,
                        "_y": 76.92049407958984,
                        "_z": -73.6364517211914
                    },
                    "_targetVelocity": 3.0,
                    "_hasReachEvent": true,
                    "_reachStop": true
                }
            ],
            "_rotAngleType": "ROT_ANGLE_Y"
        },
        {
            "_localId": 2,
            "_name": "Platform_001",
            "_points": [
                {
                    "_pos": {
                        "_x": 3.055893898010254,
                        "_y": 76.92048645019531,
                        "_z": -73.6364517211914
                    },
                    "_targetVelocity": 3.0,
                    "_hasReachEvent": true
                },
                {
                    "_pos": {
                        "_x": 3.055893898010254,
                        "_y": 54.6397590637207,
                        "_z": -73.6364517211914
                    },
                    "_targetVelocity": 3.0,
                    "_hasReachEvent": true,
                    "_reachStop": true
                }
            ],
            "_rotAngleType": "ROT_ANGLE_Y"
        }
    ]
}