{
    "JOPMNNJKAJC": 47025,
    "NABEMCGHLGH": [
        {
            "_localId": 1,
            "_name": "Platform_001",
            "_type": "Loop",
            "_points": [
                {
                    "_pos": {
                        "_x": -581.5465698242188,
                        "_y": 95.05750274658203,
                        "_z": -249.71929931640625
                    },
                    "_targetVelocity": 3.0
                },
                {
                    "_pos": {
                        "_x": -581.5465698242188,
                        "_y": 107.0574951171875,
                        "_z": -249.71934509277344
                    },
                    "_waitTime": 1.0,
                    "_targetVelocity": 3.0
                }
            ],
            "_rotAngleType": "ROT_ANGLE_Y"
        }
    ]
}