{
    "JOPMNNJKAJC": 20163,
    "NABEMCGHLGH": [
        {
            "_localId": 1,
            "_name": "Route_001",
            "_type": "Loop",
            "_points": [
                {
                    "_pos": {
                        "_x": -45.073028564453125,
                        "_y": 67.76367950439453,
                        "_z": -18.96739387512207
                    },
                    "_waitTime": 2.0
                },
                {
                    "_pos": {
                        "_x": -44.51842498779297,
                        "_y": 67.69047546386719,
                        "_z": -10.749478340148926
                    },
                    "_waitTime": 3.0
                },
                {
                    "_pos": {
                        "_x": -45.16242218017578,
                        "_y": 67.9656753540039,
                        "_z": -2.9839608669281006
                    },
                    "_waitTime": 2.0
                }
            ],
            "_rotAngleType": "ROT_ANGLE_Y"
        }
    ]
}