{
    "JOPMNNJKAJC": 1062,
    "NABEMCGHLGH": [
        {
            "_localId": 1,
            "_name": "Route_001",
            "_type": "Loop",
            "_points": [
                {
                    "_pos": {
                        "_x": 182.6999969482422,
                        "_y": -9.329999923706055,
                        "_z": -19.799999237060547
                    },
                    "_waitTime": 1.0,
                    "_targetVelocity": 1.0
                },
                {
                    "_pos": {
                        "_x": 182.6999969482422,
                        "_y": 3.859999895095825,
                        "_z": -19.799999237060547
                    },
                    "_waitTime": 3.0,
                    "_targetVelocity": 3.0
                }
            ],
            "_rotAngleType": "ROT_ANGLE_Y"
        }
    ]
}