{
    "JOPMNNJKAJC": 3,
    "NABEMCGHLGH": [
        {
            "_localId": 321200048,
            "_name": "Platform_321200048",
            "_points": [
                {
                    "_pos": {
                        "_x": -4094.291748046875,
                        "_y": 203.5074462890625,
                        "_z": -2630.107421875
                    },
                    "_targetVelocity": 4.5,
                    "_rotRoundReachDir": {
                        "_x": 16.608156204223633,
                        "_y": 330.2789001464844,
                        "_z": 4.4547098809744057e-07
                    },
                    "_rotRoundLeaveDir": {
                        "_x": 16.608156204223633,
                        "_y": 330.2789001464844,
                        "_z": 4.4547098809744057e-07
                    }
                },
                {
                    "_pos": {
                        "_x": -4101.052734375,
                        "_y": 199.43978881835938,
                        "_z": -2618.263916015625
                    },
                    "_targetVelocity": 4.5,
                    "_rotRoundReachDir": {
                        "_x": 16.608156204223633,
                        "_y": 330.2789001464844,
                        "_z": 4.4547098809744057e-07
                    },
                    "_rotRoundLeaveDir": {
                        "_x": 16.608156204223633,
                        "_y": 330.2789001464844,
                        "_z": 4.4547098809744057e-07
                    }
                },
                {
                    "_pos": {
                        "_x": -4101.5283203125,
                        "_y": 199.15396118164062,
                        "_z": -2617.431640625
                    },
                    "_targetVelocity": 4.5,
                    "_rotRoundReachDir": {
                        "_x": 358.8080139160156,
                        "_y": 306.8052673339844,
                        "_z": 5.337240693847889e-08
                    },
                    "_rotRoundLeaveDir": {
                        "_x": 358.8080139160156,
                        "_y": 306.8052673339844,
                        "_z": 5.337240693847889e-08
                    },
                    "_reachStop": true
                },
                {
                    "_pos": {
                        "_x": -4111.8173828125,
                        "_y": 199.42135620117188,
                        "_z": -2609.732666015625
                    },
                    "_targetVelocity": 4.5,
                    "_rotRoundReachDir": {
                        "_x": 358.8080139160156,
                        "_y": 306.8052673339844,
                        "_z": 5.337240693847889e-08
                    },
                    "_rotRoundLeaveDir": {
                        "_x": 358.8080139160156,
                        "_y": 306.8052673339844,
                        "_z": 5.337240693847889e-08
                    }
                },
                {
                    "_pos": {
                        "_x": -4112.6181640625,
                        "_y": 199.44215393066406,
                        "_z": -2609.1337890625
                    },
                    "_targetVelocity": 4.5,
                    "_rotRoundReachDir": {
                        "_x": 0.028779586777091026,
                        "_y": 273.9788513183594,
                        "_z": 1.6675268943444621e-09
                    },
                    "_rotRoundLeaveDir": {
                        "_x": 0.028779586777091026,
                        "_y": 273.9788513183594,
                        "_z": 1.6675268943444621e-09
                    },
                    "_reachStop": true
                },
                {
                    "_pos": {
                        "_x": -4130.076171875,
                        "_y": 199.43336486816406,
                        "_z": -2607.91943359375
                    },
                    "_targetVelocity": 4.5,
                    "_rotRoundReachDir": {
                        "_x": 0.028779586777091026,
                        "_y": 273.9788513183594,
                        "_z": 1.6675268943444621e-09
                    },
                    "_rotRoundLeaveDir": {
                        "_x": 0.028779586777091026,
                        "_y": 273.9788513183594,
                        "_z": 1.6675268943444621e-09
                    }
                },
                {
                    "_pos": {
                        "_x": -4131.0732421875,
                        "_y": 199.432861328125,
                        "_z": -2607.85009765625
                    },
                    "_targetVelocity": 4.5,
                    "_rotRoundReachDir": {
                        "_x": 355.69915771484375,
                        "_y": 287.8165588378906,
                        "_z": 2.14046167457127e-07
                    },
                    "_rotRoundLeaveDir": {
                        "_x": 355.69915771484375,
                        "_y": 287.8165588378906,
                        "_z": 2.14046167457127e-07
                    },
                    "_reachStop": true
                },
                {
                    "_pos": {
                        "_x": -4145.0859375,
                        "_y": 200.53977966308594,
                        "_z": -2603.3466796875
                    },
                    "_targetVelocity": 4.5,
                    "_rotRoundReachDir": {
                        "_x": 355.69915771484375,
                        "_y": 287.8165588378906,
                        "_z": 2.14046167457127e-07
                    },
                    "_rotRoundLeaveDir": {
                        "_x": 355.69915771484375,
                        "_y": 287.8165588378906,
                        "_z": 2.14046167457127e-07
                    }
                },
                {
                    "_pos": {
                        "_x": -4146.03564453125,
                        "_y": 200.61477661132812,
                        "_z": -2603.04150390625
                    },
                    "_targetVelocity": 4.5,
                    "_rotRoundReachDir": {
                        "_x": 352.5485534667969,
                        "_y": 352.0121154785156,
                        "_z": 5.381531664738759e-08
                    },
                    "_rotRoundLeaveDir": {
                        "_x": 352.5485534667969,
                        "_y": 352.0121154785156,
                        "_z": 5.381531664738759e-08
                    },
                    "_reachStop": true
                },
                {
                    "_pos": {
                        "_x": -4147.31494140625,
                        "_y": 201.81874084472656,
                        "_z": -2593.925537109375
                    },
                    "_targetVelocity": 4.5,
                    "_rotRoundReachDir": {
                        "_x": 352.5485534667969,
                        "_y": 352.0121154785156,
                        "_z": 5.381531664738759e-08
                    },
                    "_rotRoundLeaveDir": {
                        "_x": 352.5485534667969,
                        "_y": 352.0121154785156,
                        "_z": 5.381531664738759e-08
                    }
                },
                {
                    "_pos": {
                        "_x": -4147.45263671875,
                        "_y": 201.94842529296875,
                        "_z": -2592.943603515625
                    },
                    "_targetVelocity": 4.5,
                    "_rotRoundReachDir": {
                        "_x": 18.25704002380371,
                        "_y": 1.2716805934906006,
                        "_z": 4.2142040967974026e-08
                    },