{
    "JOPMNNJKAJC": 20138,
    "NABEMCGHLGH": [
        {
            "_localId": 1,
            "_name": "Route_001",
            "_type": "Loop",
            "_points": [
                {
                    "_pos": {
                        "_x": 73.48775482177734,
                        "_y": 49.0552978515625,
                        "_z": -33.66138458251953
                    },
                    "_speedLevel": 2
                },
                {
                    "_pos": {
                        "_x": 81.88788604736328,
                        "_y": 49.0552978515625,
                        "_z": -33.438087463378906
                    },
                    "_speedLevel": 2
                },
                {
                    "_pos": {
                        "_x": 82.93959045410156,
                        "_y": 49.09000015258789,
                        "_z": -48.32868576049805
                    },
                    "_speedLevel": 2
                },
                {
                    "_pos": {
                        "_x": 74.41413116455078,
                        "_y": 49.05527114868164,
                        "_z": -48.87430191040039
                    },
                    "_speedLevel": 2
                }
            ],
            "_rotAngleType": "ROT_ANGLE_Y"
        }
    ]
}