{
    "JOPMNNJKAJC": 20131,
    "NABEMCGHLGH": [
        {
            "_localId": 1,
            "_name": "Route_001",
            "_type": "Loop",
            "_points": [
                {
                    "_pos": {
                        "_x": 65.51807403564453,
                        "_y": 10.778480529785156,
                        "_z": 31.01961326599121
                    },
                    "_waitTime": 2.0
                },
                {
                    "_pos": {
                        "_x": 71.84365844726562,
                        "_y": 10.760404586791992,
                        "_z": 31.11458969116211
                    },
                    "_waitTime": 1.0
                }
            ],
            "_rotAngleType": "ROT_ANGLE_Y"
        },
        {
            "_localId": 2,
            "_name": "Route_002",
            "_type": "Loop",
            "_points": [
                {
                    "_pos": {
                        "_x": 65.96170806884766,
                        "_y": 10.772034645080566,
                        "_z": 37.09443283081055
                    },
                    "_waitTime": 1.0
                },
                {
                    "_pos": {
                        "_x": 71.49403381347656,
                        "_y": 10.76416301727295,
                        "_z": 36.95039749145508
                    },
                    "_waitTime": 1.0
                }
            ],
            "_rotAngleType": "ROT_ANGLE_Y"
        }
    ]
}