{
    "JOPMNNJKAJC": 20162,
    "NABEMCGHLGH": [
        {
            "_localId": 1,
            "_name": "Route_001",
            "_points": [
                {
                    "_pos": {
                        "_x": 0.0020000000949949026,
                        "_y": 5.998000144958496,
                        "_z": -0.012000000104308128
                    },
                    "_targetVelocity": 1.0
                }
            ],
            "_rotAngleType": "ROT_ANGLE_Y"
        }
    ]
}