{
    "JOPMNNJKAJC": 50017,
    "NABEMCGHLGH": [
        {
            "_localId": 1,
            "_name": "Route_001",
            "_type": "Reciprocate",
            "_points": [
                {
                    "_pos": {
                        "_x": 0.07416081428527832,
                        "_y": 0.0017421928932890296,
                        "_z": 7.310608863830566
                    },
                    "_targetVelocity": 2.0
                },
                {
                    "_pos": {
                        "_x": 0.08657076954841614,
                        "_y": 0.0017413455061614513,
                        "_z": 12.10357666015625
                    },
                    "_targetVelocity": 2.0
                }
            ],
            "_rotAngleType": "ROT_ANGLE_Y"
        }
    ]
}