{
    "JOPMNNJKAJC": 20016,
    "NABEMCGHLGH": [
        {
            "_localId": 20016001,
            "_name": "Route_20016001",
            "_points": [
                {
                    "_pos": {
                        "_x": 336.7560729980469,
                        "_y": -19.276655197143555,
                        "_z": 332.18896484375
                    }
                },
                {
                    "_pos": {
                        "_x": 350.5628356933594,
                        "_y": -19.276521682739258,
                        "_z": 332.071044921875
                    }
                }
            ],
            "_rotAngleType": "ROT_ANGLE_Y"
        }
    ]
}