{
    "JOPMNNJKAJC": 1059,
    "NABEMCGHLGH": [
        {
            "_localId": 2,
            "_name": "Route_001",
            "_points": [
                {
                    "_pos": {
                        "_x": -250.9407958984375,
                        "_y": 126.40450286865234,
                        "_z": 24.391510009765625
                    },
                    "_targetVelocity": 3.0
                },
                {
                    "_pos": {
                        "_x": -250.9407958984375,
                        "_y": 153.2675323486328,
                        "_z": 24.391510009765625
                    },
                    "_targetVelocity": 3.0,
                    "_hasReachEvent": true
                }
            ],
            "_rotAngleType": "ROT_ANGLE_Y"
        },
        {
            "_localId": 3,
            "_name": "Route_001",
            "_points": [
                {
                    "_pos": {
                        "_x": -249.362548828125,
                        "_y": 119.90609741210938,
                        "_z": 89.724609375
                    },
                    "_targetVelocity": 3.0
                },
                {
                    "_pos": {
                        "_x": -249.362548828125,
                        "_y": 146.76910400390625,
                        "_z": 89.724609375
                    },
                    "_targetVelocity": 3.0
                }
            ],
            "_rotAngleType": "ROT_ANGLE_Y"
        }
    ]
}