{
    "JOPMNNJKAJC": 50009,
    "NABEMCGHLGH": [
        {
            "_localId": 1,
            "_name": "Route_001",
            "_points": [
                {
                    "_pos": {
                        "_x": 39.444496154785156,
                        "_y": 8.440001487731934,
                        "_z": -137.98721313476562
                    },
                    "_targetVelocity": 3.0,
                    "_rotRoundReachDir": {
                        "_x": -9.190355740429368e-06,
                        "_y": 180.3457794189453,
                        "_z": 3.1805547185895103e-15
                    },
                    "_rotRoundLeaveDir": {
                        "_x": -9.190355740429368e-06,
                        "_y": 180.3457794189453,
                        "_z": 3.1805547185895103e-15
                    },
                    "_reachStop": true
                },
                {
                    "_pos": {
                        "_x": 39.3070068359375,
                        "_y": 8.4400053024292,
                        "_z": -160.76890563964844
                    },
                    "_targetVelocity": 3.0,
                    "_rotRoundReachDir": {
                        "_x": -9.190355740429368e-06,
                        "_y": 180.3457794189453,
                        "_z": 3.1805547185895103e-15
                    },
                    "_rotRoundLeaveDir": {
                        "_x": -9.190355740429368e-06,
                        "_y": 180.3457794189453,
                        "_z": 3.1805547185895103e-15
                    }
                },
                {
                    "_pos": {
                        "_x": 39.30097198486328,
                        "_y": 8.4400053024292,
                        "_z": -161.76889038085938
                    },
                    "_targetVelocity": 3.0,
                    "_rotRoundReachDir": {
                        "_y": 90.99116516113281
                    },
                    "_rotRoundLeaveDir": {
                        "_y": 90.99116516113281
                    }
                },
                {
                    "_pos": {
                        "_x": 67.92999267578125,
                        "_y": 8.4400053024292,
                        "_z": -162.26419067382812
                    },
                    "_targetVelocity": 3.0,
                    "_hasReachEvent": true,
                    "_rotRoundReachDir": {
                        "_y": 90.99116516113281
                    },
                    "_rotRoundLeaveDir": {
                        "_y": 90.99116516113281
                    },
                    "_reachStop": true
                }
            ],
            "_rotType": "ROT_ROUND",
            "_rotAngleType": "ROT_ANGLE_Y"
        },
        {
            "_localId": 2,
            "_name": "Route_002",
            "_points": [
                {
                    "_pos": {
                        "_x": 97.19237518310547,
                        "_y": 21.054218292236328,
                        "_z": -201.59999084472656
                    }
                },
                {
                    "_pos": {
                        "_x": 98.27745056152344,
                        "_y": 21.59242820739746,
                        "_z": -192.10743713378906
                    }
                },
                {
                    "_pos": {
                        "_x": 33.8800163269043,
                        "_y": 21.592422485351562,
                        "_z": -194.20277404785156
                    }
                },
                {
                    "_pos": {
                        "_x": 32.31127166748047,
                        "_y": 21.592432022094727,
                        "_z": -207.95262145996094
                    }
                }
            ],
            "_rotAngleType": "ROT_ANGLE_Y"
        },
        {
            "_localId": 3,
            "_name": "Route_003",
            "_points": [
                {
                    "_pos": {
                        "_x": 46.460758209228516,
                        "_y": 11.651089668273926,
                        "_z": -126.26649475097656
                    },
                    "_reachStop": true
                },
                {
                    "_pos": {
                        "_x": 46.263919830322266,
                        "_y": 14.983027458190918,
                        "_z": -126.06241607666016
                    }
                },
                {
                    "_pos": {
                        "_x": 45.94255828857422,
                        "_y": 14.952820777893066,
                        "_z": -133.1232452392578
                    }
                },
                {
                    "_pos": {
                        "_x": 50.91457748413086,
                        "_y": 14.741769790649414,
                        "_z": -133.46009826660156
                    },
                    "_hasReachEvent": true,
                    "_reachStop": true
                }
            ],
            "_rotAngleType": "ROT_ANGLE_Y"
        },
        {
            "_localId": 4,
            "_name": "Route_004",
            "_type": "Reciprocate",
            "_points": [
                {
                    "_pos": {
                        "_x": 13.920478820800781,
                        "_y": 9.070002555847168,
                        "_z": -156.95840454101562
                    }
                },
                {
                    "_pos": {
                        "_x": -2.637239456176758,
                        "_y": 9.070002555847168,
                        "_z": -156.69168090820312
                    }
                }
            ],
            "_rotAngleType": "ROT_ANGLE_Y"
        }
    ]
}