{
    "JOPMNNJKAJC": 1015,
    "NABEMCGHLGH": [
        {
            "_localId": 1015001,
            "_name": "Block101",
            "_type": "Reciprocate",
            "_points": [
                {
                    "_pos": {
                        "_x": -4.929841995239258,
                        "_y": 7.126636028289795,
                        "_z": -1.649768590927124
                    },
                    "_waitTime": 1.0,
                    "_targetVelocity": 2.0
                },
                {
                    "_pos": {
                        "_x": -4.929841995239258,
                        "_y": 7.126636028289795,
                        "_z": 4.580707550048828
                    },
                    "_waitTime": 1.0,
                    "_targetVelocity": 2.0
                }
            ],
            "_rotAngleType": "ROT_ANGLE_Y"
        }
    ]
}