{
    "JOPMNNJKAJC": 3,
    "NABEMCGHLGH": [
        {
            "_localId": 310800012,
            "_name": "Platform_310800012",
            "_points": [
                {
                    "_pos": {
                        "_x": -181.2633056640625,
                        "_y": 201.79519653320312,
                        "_z": -1025.280029296875
                    },
                    "_targetVelocity": 4.5,
                    "_rotRoundReachDir": {
                        "_x": 0.0954175665974617,
                        "_y": 284.0953063964844,
                        "_z": -3.3350580075364178e-09
                    },
                    "_rotRoundLeaveDir": {
                        "_x": 0.0954175665974617,
                        "_y": 284.0953063964844,
                        "_z": -3.3350580075364178e-09
                    }
                },
                {
                    "_pos": {
                        "_x": -185.4743194580078,
                        "_y": 201.7879638671875,
                        "_z": -1024.22265625
                    },
                    "_targetVelocity": 4.5,
                    "_rotRoundReachDir": {
                        "_x": 0.0954175665974617,
                        "_y": 284.0953063964844,
                        "_z": -3.3350580075364178e-09
                    },
                    "_rotRoundLeaveDir": {
                        "_x": 0.0954175665974617,
                        "_y": 284.0953063964844,
                        "_z": -3.3350580075364178e-09
                    }
                },
                {
                    "_pos": {
                        "_x": -186.4442138671875,
                        "_y": 201.7863006591797,
                        "_z": -1023.9791259765625
                    },
                    "_targetVelocity": 4.5,
                    "_rotRoundReachDir": {
                        "_x": 0.9584306478500366,
                        "_y": 260.1739196777344,
                        "_z": 5.336832131774827e-08
                    },
                    "_rotRoundLeaveDir": {
                        "_x": 0.9584306478500366,
                        "_y": 260.1739196777344,
                        "_z": 5.336832131774827e-08
                    }
                },
                {
                    "_pos": {
                        "_x": -192.22366333007812,
                        "_y": 201.68817138671875,
                        "_z": -1024.9801025390625
                    },
                    "_targetVelocity": 4.5,
                    "_rotRoundReachDir": {
                        "_x": 0.9584306478500366,
                        "_y": 260.1739196777344,
                        "_z": 5.336832131774827e-08
                    },
                    "_rotRoundLeaveDir": {
                        "_x": 0.9584306478500366,
                        "_y": 260.1739196777344,
                        "_z": 5.336832131774827e-08
                    }
                },
                {
                    "_pos": {
                        "_x": -193.2088623046875,
                        "_y": 201.67144775390625,
                        "_z": -1025.1507568359375
                    },
                    "_targetVelocity": 4.5,
                    "_rotRoundReachDir": {
                        "_x": 332.64642333984375,
                        "_y": 203.84298706054688,
                        "_z": -4.806266815648996e-07
                    },
                    "_rotRoundLeaveDir": {
                        "_x": 332.64642333984375,
                        "_y": 203.84298706054688,
                        "_z": -4.806266815648996e-07
                    },
                    "_reachStop": true
                },
                {
                    "_pos": {
                        "_x": -197.08270263671875,
                        "_y": 206.6290740966797,
                        "_z": -1033.9161376953125
                    },
                    "_targetVelocity": 4.5,
                    "_rotRoundReachDir": {
                        "_x": 332.64642333984375,
                        "_y": 203.84298706054688,
                        "_z": -4.806266815648996e-07
                    },
                    "_rotRoundLeaveDir": {
                        "_x": 332.64642333984375,
                        "_y": 203.84298706054688,
                        "_z": -4.806266815648996e-07
                    }
                },
                {
                    "_pos": {
                        "_x": -197.44174194335938,
                        "_y": 207.08856201171875,
                        "_z": -1034.728515625
                    },
                    "_targetVelocity": 4.5,
                    "_rotRoundReachDir": {
                        "_x": 2.190094470977783,
                        "_y": 159.78248596191406,
                        "_z": -5.339985875707498e-08
                    },
                    "_rotRoundLeaveDir": {
                        "_x": 2.190094470977783,
                        "_y": 159.78248596191406,
                        "_z": -5.339985875707498e-08
                    },
                    "_reachStop": true
                },
                {
                    "_pos": {
                        "_x": -194.64918518066406,
                        "_y": 206.77952575683594,
                        "_z": -1042.311279296875
                    },
                    "_targetVelocity": 4.5,
                    "_rotRoundReachDir": {
                        "_x": 2.190094470977783,
                        "_y": 159.78248596191406,
                        "_z": -5.339985875707498e-08
                    },
                    "_rotRoundLeaveDir": {
                        "_x": 2.190094470977783,
                        "_y": 159.78248596191406,
                        "_z": -5.339985875707498e-08
                    }
                },
                {
                    "_pos": {
                        "_x": -194.30384826660156,
                        "_y": 206.74131774902344,
                        "_z": -1043.2490234375
                    },
                    "_targetVelocity": 4.5,
                    "_rotRoundReachDir": {
                        "_x": 1.84821617603302,
                        "_y": 80.68669128417969,
                        "_z": 1.0677725015284523e-07
                    },
                    "_rotRoundLeaveDir": {
                        "_x": 1.84821617603302,
                        "_y": 80.68669128417969,
                        "_z": 1.0677725015284523e-07
                    },
                    "_reachStop": true
                },
                {
                    "_pos": {
                        "_x": -164.5095672607422,
                        "_y": 205.76705932617188,
                        "_z": -1038.3629150390625
                    },
                    "_targetVelocity": 4.5,
                    "_rotRoundReachDir": {
                        "_x": 1.84821617603302,
                        "_y": 80.68669128417969,
                        "_z": 1.0677725015284523e-07
                    },
                    "_rotRoundLeaveDir": {
                        "_x": 1.84821617603302,
                        "_y": 80.68669128417969,
                        "_z": 1.0677725015284523e-07
                    }
                },
                {
                    "_pos": {
                        "_x": -163.26966857910156,
                        "_y": 205.73480224609375,
                        "_z": -1038.2833251953125
                    },
                    "_targetVelocity": 4.5,
                    "_hasReachEvent": true,
                    "_reachStop": true
                }
            ],
            "_rotType": "ROT_ROUND",
            "_rotAngleType": "ROT_ANGLE_Y"
        },
        {
            "_localId": 310800013,