{
    "JOPMNNJKAJC": 50016,
    "NABEMCGHLGH": [
        {
            "_localId": 1,
            "_name": "Platform_001",
            "_points": [
                {
                    "_pos": {
                        "_x": 92.18496704101562,
                        "_y": -14.64691162109375,
                        "_z": 376.22418212890625
                    },
                    "_targetVelocity": 5.0
                },
                {
                    "_pos": {
                        "_x": 88.17021942138672,
                        "_y": -7.379489898681641,
                        "_z": 369.05352783203125
                    },
                    "_targetVelocity": 5.0
                }
            ],
            "_rotAngleType": "ROT_ANGLE_Y"
        },
        {
            "_localId": 2,
            "_name": "Platform_002",
            "_type": "Reciprocate",
            "_points": [
                {
                    "_pos": {
                        "_x": 81.07183074951172,
                        "_y": 16.0,
                        "_z": 448.00982666015625
                    },
                    "_waitTime": 5.0,
                    "_targetVelocity": 6.0
                },
                {
                    "_pos": {
                        "_x": 81.5231704711914,
                        "_y": 18.0,
                        "_z": 350.1870422363281
                    },
                    "_waitTime": 5.0,
                    "_targetVelocity": 6.0
                }
            ],
            "_rotAngleType": "ROT_ANGLE_Y"
        }
    ]
}