{
    "JOPMNNJKAJC": 40010,
    "NABEMCGHLGH": [
        {
            "_localId": 1,
            "_name": "Route_001",
            "_type": "Reciprocate",
            "_points": [
                {
                    "_pos": {
                        "_x": -127.0,
                        "_y": -13.600000381469727,
                        "_z": 99.0
                    },
                    "_waitTime": 3.0,
                    "_targetVelocity": 3.0
                },
                {
                    "_pos": {
                        "_x": -144.3000030517578,
                        "_y": 13.300000190734863,
                        "_z": 79.5
                    },
                    "_waitTime": 3.0,
                    "_targetVelocity": 3.0
                }
            ],
            "_rotAngleType": "ROT_ANGLE_Y"
        },
        {
            "_localId": 2,
            "_name": "Route_002",
            "_type": "Reciprocate",
            "_points": [
                {
                    "_pos": {
                        "_x": -143.9351043701172,
                        "_y": 17.961669921875,
                        "_z": 42.75981521606445
                    },
                    "_waitTime": 2.0
                },
                {
                    "_pos": {
                        "_x": -151.12843322753906,
                        "_y": 18.016353607177734,
                        "_z": 42.47812271118164
                    },
                    "_waitTime": 2.0
                }
            ],
            "_rotAngleType": "ROT_ANGLE_Y"
        }
    ]
}