{
    "JOPMNNJKAJC": 20019,
    "NABEMCGHLGH": [
        {
            "_localId": 20019001,
            "_name": "Route_20019001",
            "_points": [
                {
                    "_pos": {
                        "_x": 15.102357864379883,
                        "_y": 13.189516067504883,
                        "_z": 52.362754821777344
                    },
                    "_waitTime": 1.0
                },
                {
                    "_pos": {
                        "_x": 12.849394798278809,
                        "_y": 13.189519882202148,
                        "_z": 55.59587860107422
                    }
                },
                {
                    "_pos": {
                        "_x": 11.216550827026367,
                        "_y": 13.189521789550781,
                        "_z": 60.784461975097656
                    }
                }
            ],
            "_rotAngleType": "ROT_ANGLE_Y"
        }
    ]
}