{
    "JOPMNNJKAJC": 1011,
    "NABEMCGHLGH": [
        {
            "_localId": 1011002,
            "_name": "Route_1011002",
            "_points": [
                {
                    "_pos": {
                        "_x": -35.943092346191406,
                        "_y": 0.7999999523162842,
                        "_z": -134.4410400390625
                    },
                    "_targetVelocity": 3.0
                },
                {
                    "_pos": {
                        "_x": -35.92390441894531,
                        "_y": 0.8195148706436157,
                        "_z": -134.44491577148438
                    },
                    "_targetVelocity": 3.0
                }
            ],
            "_rotAngleType": "ROT_ANGLE_Y"
        }
    ]
}