{
    "PKACPHDGGEI": [
        {
            "PGDPDIDJEEL": 1,
            "GEDBNNMOAMK": [
                {
                    "KMAAJJHPNBA": 3750102,
                    "JFKAHNCPDME": {
                        "x": 347.17779541015625,
                        "y": 396.3992004394531,
                        "z": 761.7860717773438
                    },
                    "LKCKOOGFDBM": {
                        "x": -0.78774493932724,
                        "z": 0.616001546382904
                    },
                    "DKEDNPJHBEG": 0
                }
            ],
            "BGBLOMHHMFN": [
                {
                    "JLHNLMINEOL": {
                        "x": 291.0,
                        "y": 396.3999938964844,
                        "z": 702.0
                    },
                    "NAKNKBEOHJG": {
                        "y": 81.0
                    }
                }
            ]
        },
        {
            "PGDPDIDJEEL": 2,
            "BGBLOMHHMFN": [
                {
                    "JLHNLMINEOL": {
                        "x": 312.0,
                        "y": 406.79998779296875,
                        "z": 594.0
                    },
                    "NAKNKBEOHJG": {
                        "y": -132.0
                    }
                }
            ]
        },
        {
            "PGDPDIDJEEL": 4,
            "BGBLOMHHMFN": [
                {
                    "JLHNLMINEOL": {
                        "x": 573.0,
                        "y": 459.79998779296875,
                        "z": 504.0
                    },
                    "NAKNKBEOHJG": {
                        "y": 140.0
                    }
                }
            ]
        },
        {
            "PGDPDIDJEEL": 3,
            "BGBLOMHHMFN": [
                {
                    "JLHNLMINEOL": {
                        "x": 497.0,
                        "y": 433.6000061035156,
                        "z": 620.1900024414062
                    },
                    "NAKNKBEOHJG": {
                        "y": 97.0
                    }
                }
            ]
        }
    ],
    "FLAPKBNEFGB": true,
    "MINCKHBNING": {
        "x": 334.9332275390625,
        "y": 397.5692138671875,
        "z": 771.208740234375
    },
    "MCIJIKGMMOE": {
        "y": 308.02471923828125
    },
    "ONIPNCJGFEJ": {
        "KMAAJJHPNBA": 3750102,
        "JFKAHNCPDME": {
            "x": 347.17779541015625,
            "y": 396.3992004394531,
            "z": 761.7860717773438
        },
        "LKCKOOGFDBM": {
            "y": 308.02471923828125
        },
        "DKEDNPJHBEG": 1
    },
    "AHLLACAGGKG": {
        "x": 337.58099365234375,
        "y": 397.919189453125,
        "z": 772.8577270507812
    },
    "LCBMGAEBAJN": 1
}