{
    "PKACPHDGGEI": [
        {
            "PGDPDIDJEEL": 1,
            "GEDBNNMOAMK": [
                {
                    "KMAAJJHPNBA": 375103,
                    "JFKAHNCPDME": {
                        "x": 259.0400085449219,
                        "y": 186.53700256347656,
                        "z": 540.780029296875
                    },
                    "LKCKOOGFDBM": {
                        "y": 90.0
                    },
                    "DKEDNPJHBEG": 0
                }
            ],
            "BGBLOMHHMFN": [
                {
                    "JLHNLMINEOL": {
                        "x": 170.3699951171875,
                        "y": 206.6199951171875,
                        "z": 568.6699829101562
                    },
                    "NAKNKBEOHJG": {
                        "y": -47.810001373291016
                    }
                }
            ]
        },
        {
            "PGDPDIDJEEL": 2,
            "BGBLOMHHMFN": [
                {
                    "JLHNLMINEOL": {
                        "x": 295.25,
                        "y": 204.0800018310547,
                        "z": 404.260009765625
                    },
                    "NAKNKBEOHJG": {
                        "y": -64.30000305175781
                    }
                }
            ]
        },
        {
            "PGDPDIDJEEL": 3,
            "BGBLOMHHMFN": [
                {
                    "JLHNLMINEOL": {
                        "x": 620.760009765625,
                        "y": 204.3699951171875,
                        "z": 407.6000061035156
                    },
                    "NAKNKBEOHJG": {
                        "y": -32.2400016784668
                    }
                }
            ]
        },
        {
            "PGDPDIDJEEL": 4,
            "BGBLOMHHMFN": [
                {
                    "JLHNLMINEOL": {
                        "x": 777.4199829101562,
                        "y": 205.22000122070312,
                        "z": 648.6400146484375
                    },
                    "NAKNKBEOHJG": {
                        "y": -36.599998474121094
                    }
                }
            ]
        }
    ],
    "FLAPKBNEFGB": true,
    "MINCKHBNING": {
        "x": 273.0,
        "y": 186.0,
        "z": 540.0
    },
    "MCIJIKGMMOE": {
        "y": 128.0
    },
    "ONIPNCJGFEJ": {
        "KMAAJJHPNBA": 375103,
        "JFKAHNCPDME": {
            "x": 259.0400085449219,
            "y": 186.53700256347656,
            "z": 540.780029296875
        },
        "LKCKOOGFDBM": {
            "y": 90.0
        },
        "DKEDNPJHBEG": 1
    },
    "AHLLACAGGKG": {
        "x": 268.5,
        "y": 186.0,
        "z": 551.0
    },
    "LCBMGAEBAJN": 3
}