{
    "": {
        "$type": "HOELPFCHGLG",
        "JJGKEGBHGJL": -8.576555442308815e-35,
        "BBBIJABMHLH": -5.505818766419872e-21,
        "FMLELPIHIPP": 1.5769963849601403e-33,
        "LCAFCKECHGC": 1.2746688399067401e-22,
        "ONGLGCJCABE": 3.348436166902606e-20
    }
}