{
    "": {
        "$type": "NHNPKBBMKNA",
        "CHEJEMPNDHI": -8.576555442308815e-35,
        "NFELEKLMOLN": -5.505818766419872e-21,
        "GGDBKHLLKGG": 1.5769963849601403e-33,
        "JNBBIFIAACH": 1.2746688399067401e-22,
        "AGKFFFPPICB": 3.348436166902606e-20
    }
}