{
    "": {
        "$type": "HAJHNIGEDIE",
        "HLJEJHJHEBG": -8.576555442308815e-35,
        "MOINKIAMCKG": -5.505818766419872e-21,
        "LGLGNMPNADH": 1.5769963849601403e-33,
        "NNNHFBJAEFA": 1.2746688399067401e-22,
        "MMEPIBBJKML": 3.348436166902606e-20
    }
}