{
    "EAFJPJKKAIK": 5.0,
    "KKFIKNJKGOE": 5.0,
    "MGKOCCENKCD": [
        {
            "KHACLNDPEGP": 361305,
            "DHNNCEFGHOB": {
                "x": -2.296999931335449,
                "z": 0.29899999499320984
            },
            "KAOMJPMPELE": {
                "y": 29.99994659423828
            }
        },
        {
            "KHACLNDPEGP": 362104,
            "DHNNCEFGHOB": {
                "x": 0.8029999732971191,
                "z": 2.1389999389648438
            },
            "KAOMJPMPELE": {
                "y": 225.00025939941406
            }
        },
        {
            "KHACLNDPEGP": 372401,
            "DHNNCEFGHOB": {
                "x": 1.6790000200271606,
                "z": 0.006000000052154064
            },
            "KAOMJPMPELE": {
                "y": 89.99983215332031
            }
        },
        {
            "KHACLNDPEGP": 361304,
            "DHNNCEFGHOB": {
                "x": -0.6330000162124634,
                "z": -1.0
            }
        }
    ]
}