{
    "EAFJPJKKAIK": 8.0,
    "KKFIKNJKGOE": 30.0,
    "MGKOCCENKCD": [
        {
            "KHACLNDPEGP": 372405,
            "DHNNCEFGHOB": {
                "x": 3.25,
                "z": 1.1299999952316284
            },
            "KAOMJPMPELE": {
                "y": 77.03526306152344
            }
        },
        {
            "KHACLNDPEGP": 372201,
            "DHNNCEFGHOB": {
                "x": -0.47999998927116394,
                "z": 1.7999999523162842
            },
            "KAOMJPMPELE": {
                "y": 77.18262481689453
            }
        },
        {
            "KHACLNDPEGP": 372305,
            "DHNNCEFGHOB": {
                "x": -0.593658447265625,
                "z": -2.11639404296875
            },
            "KAOMJPMPELE": {
                "y": 75.53629302978516
            }
        }
    ]
}