{
    "EAFJPJKKAIK": 8.0,
    "KKFIKNJKGOE": 30.0,
    "MGKOCCENKCD": [
        {
            "KHACLNDPEGP": 371201,
            "DHNNCEFGHOB": {
                "x": -0.10000000149011612,
                "z": -2.0799999237060547
            },
            "KAOMJPMPELE": {
                "y": 1.7075470850613783e-06
            }
        },
        {
            "KHACLNDPEGP": 373310,
            "DHNNCEFGHOB": {
                "x": 3.0882568359375,
                "z": 0.802001953125
            },
            "KAOMJPMPELE": {
                "x": -6.482054004663951e-07,
                "y": -5.122641596244648e-06,
                "z": 2.419140400888864e-06
            }
        },
        {
            "KHACLNDPEGP": 373309,
            "DHNNCEFGHOB": {
                "x": -3.087249755859375,
                "z": 0.72918701171875
            },
            "KAOMJPMPELE": {
                "x": -6.482046615019499e-07,
                "y": -2.902830055973027e-05,
                "z": 2.419140855636215e-06
            }
        }
    ]
}