{
    "EAFJPJKKAIK": 8.0,
    "KKFIKNJKGOE": 30.0,
    "MGKOCCENKCD": [
        {
            "KHACLNDPEGP": 370305,
            "DHNNCEFGHOB": {
                "x": -5.269999980926514,
                "z": -1.6200000047683716
            },
            "KAOMJPMPELE": {
                "x": 2.7303897809360933e-07,
                "y": 83.74116516113281,
                "z": 2.4895507522160187e-06
            }
        },
        {
            "KHACLNDPEGP": 370303,
            "DHNNCEFGHOB": {
                "x": -0.24422091245651245,
                "z": -4.427126407623291
            },
            "KAOMJPMPELE": {
                "x": 8.973704098025337e-06,
                "y": 15.985641479492188,
                "z": 2.5707345230330247e-06
            }
        },
        {
            "KHACLNDPEGP": 373108,
            "DHNNCEFGHOB": {
                "x": 3.99000883102417,
                "z": -4.029985427856445
            },
            "KAOMJPMPELE": {
                "x": 9.334667993243784e-06
            }
        },
        {
            "KHACLNDPEGP": 370309,
            "DHNNCEFGHOB": {
                "x": -1.4642221927642822,
                "z": 5.232907772064209
            }
        }
    ]
}