{
    "EAFJPJKKAIK": 5.0,
    "KKFIKNJKGOE": 5.0,
    "MGKOCCENKCD": [
        {
            "KHACLNDPEGP": 361305,
            "DHNNCEFGHOB": {
                "x": -1.7799999713897705,
                "z": 0.15299999713897705
            }
        },
        {
            "KHACLNDPEGP": 361103,
            "DHNNCEFGHOB": {
                "x": -0.33498290181159973,
                "z": -1.4423096179962158
            }
        },
        {
            "KHACLNDPEGP": 361102,
            "DHNNCEFGHOB": {
                "x": 1.6699999570846558,
                "z": 0.05999999865889549
            },
            "KAOMJPMPELE": {
                "y": 270.00018310546875
            }
        }
    ]
}