{
    "EAFJPJKKAIK": 10.0,
    "KKFIKNJKGOE": 30.0,
    "MGKOCCENKCD": [
        {
            "KHACLNDPEGP": 372201,
            "DHNNCEFGHOB": {
                "x": -2.0399999618530273,
                "z": 3.3399999141693115
            },
            "KAOMJPMPELE": {
                "y": 259.2439270019531
            }
        },
        {
            "KHACLNDPEGP": 372405,
            "DHNNCEFGHOB": {
                "x": -2.0899999141693115,
                "z": -1.6160000562667847
            },
            "KAOMJPMPELE": {
                "y": 78.02923583984375
            }
        },
        {
            "KHACLNDPEGP": 372301,
            "DHNNCEFGHOB": {
                "x": -0.31817626953125,
                "z": -0.23748779296875
            }
        },
        {
            "KHACLNDPEGP": 372405,
            "DHNNCEFGHOB": {
                "x": 3.5428466796875,
                "z": 0.156494140625
            },
            "KAOMJPMPELE": {
                "y": 318.2357482910156
            }
        }
    ]
}