{
    "EAFJPJKKAIK": 8.0,
    "KKFIKNJKGOE": 30.0,
    "MGKOCCENKCD": [
        {
            "KHACLNDPEGP": 372405,
            "DHNNCEFGHOB": {
                "x": -2.069999933242798,
                "z": 2.5199999809265137
            },
            "KAOMJPMPELE": {
                "y": 147.41624450683594
            }
        },
        {
            "KHACLNDPEGP": 373308,
            "DHNNCEFGHOB": {
                "x": 2.288372278213501,
                "z": 0.9873403310775757
            },
            "KAOMJPMPELE": {
                "y": 332.989501953125
            }
        },
        {
            "KHACLNDPEGP": 372301,
            "DHNNCEFGHOB": {
                "x": -0.3516278564929962,
                "z": 0.2373403012752533
            }
        },
        {
            "KHACLNDPEGP": 372405,
            "DHNNCEFGHOB": {
                "x": 1.5397905111312866,
                "z": -2.448831558227539
            },
            "KAOMJPMPELE": {
                "y": 175.03790283203125
            }
        }
    ]
}