{
    "GEFGGGFIPNP": 20114,
    "MMEANFBJAIL": [
        {
            "HPJKMHNHMJN": 1,
            "MLDMMJMBPKP": 80.0,
            "OMDGFIPNCBM": -60.0,
            "DDDLLFBHHJA": [
                {
                    "x": 20.348600387573242,
                    "y": -56.271060943603516,
                    "z": -17.140975952148438
                },
                {
                    "x": -20.184118270874023,
                    "y": -56.27104568481445,
                    "z": -17.103954315185547
                },
                {
                    "x": -20.222442626953125,
                    "y": -55.49816131591797,
                    "z": 23.3156795501709
                },
                {
                    "x": 20.249507904052734,
                    "y": -55.498165130615234,
                    "z": 23.264591217041016
                }
            ]
        }
    ]
}