{
    "GEFGGGFIPNP": 45004,
    "MMEANFBJAIL": [
        {
            "HPJKMHNHMJN": 1,
            "MLDMMJMBPKP": 14.107608795166016,
            "OMDGFIPNCBM": -25.909671783447266,
            "DDDLLFBHHJA": [
                {
                    "x": 126.04443359375,
                    "y": -5.892390727996826,
                    "z": -39.09447479248047
                },
                {
                    "x": 126.68463134765625,
                    "y": -5.898512363433838,
                    "z": -34.562232971191406
                },
                {
                    "x": 122.83924865722656,
                    "y": -5.909672737121582,
                    "z": -36.93924331665039
                }
            ]
        }
    ]
}