{
    "GEFGGGFIPNP": 42008,
    "MMEANFBJAIL": [
        {
            "HPJKMHNHMJN": 1,
            "MLDMMJMBPKP": 18.220577239990234,
            "OMDGFIPNCBM": -33.869415283203125,
            "DDDLLFBHHJA": [
                {
                    "x": 107.32869720458984,
                    "y": -1.7794218063354492,
                    "z": -18.743274688720703
                },
                {
                    "x": 109.61084747314453,
                    "y": -9.201745986938477,
                    "z": -14.068269729614258
                },
                {
                    "x": 110.7510757446289,
                    "y": -7.551324844360352,
                    "z": -18.669612884521484
                }
            ]
        }
    ]
}