{
    "GEFGGGFIPNP": 42004,
    "MMEANFBJAIL": [
        {
            "HPJKMHNHMJN": 1,
            "MLDMMJMBPKP": 29.044410705566406,
            "OMDGFIPNCBM": -10.958759307861328,
            "DDDLLFBHHJA": [
                {
                    "x": -5.010308265686035,
                    "y": 9.041240692138672,
                    "z": -54.408451080322266
                },
                {
                    "x": -2.794578790664673,
                    "y": 9.044410705566406,
                    "z": -48.71957015991211
                },
                {
                    "x": -8.032288551330566,
                    "y": 9.04174518585205,
                    "z": -48.2384033203125
                }
            ]
        }
    ]
}