{
    "GEFGGGFIPNP": 42003,
    "MMEANFBJAIL": [
        {
            "HPJKMHNHMJN": 1,
            "MLDMMJMBPKP": 27.131874084472656,
            "OMDGFIPNCBM": -12.886825561523438,
            "DDDLLFBHHJA": [
                {
                    "x": 141.44125366210938,
                    "y": 7.131874084472656,
                    "z": -35.57378387451172
                },
                {
                    "x": 143.33985900878906,
                    "y": 7.1189351081848145,
                    "z": -38.073326110839844
                },
                {
                    "x": 145.4113311767578,
                    "y": 7.1131744384765625,
                    "z": -35.62217712402344
                }
            ]
        }
    ]
}