{
    "GEFGGGFIPNP": 42013,
    "MMEANFBJAIL": [
        {
            "HPJKMHNHMJN": 1,
            "MLDMMJMBPKP": 43.695735931396484,
            "OMDGFIPNCBM": -7.415811538696289,
            "DDDLLFBHHJA": [
                {
                    "x": 159.0458221435547,
                    "y": 23.695735931396484,
                    "z": -54.459774017333984
                },
                {
                    "x": 157.52964782714844,
                    "y": 18.782211303710938,
                    "z": -56.49543762207031
                },
                {
                    "x": 156.197265625,
                    "y": 12.584188461303711,
                    "z": -52.35710525512695
                }
            ]
        }
    ]
}