{
    "GEFGGGFIPNP": 42009,
    "MMEANFBJAIL": [
        {
            "HPJKMHNHMJN": 1,
            "MLDMMJMBPKP": 31.40999984741211,
            "OMDGFIPNCBM": -8.59000015258789,
            "DDDLLFBHHJA": [
                {
                    "x": 59.542850494384766,
                    "y": 11.40999984741211,
                    "z": -2.355346202850342
                },
                {
                    "x": 59.23750686645508,
                    "y": 11.40999984741211,
                    "z": -4.65325927734375
                },
                {
                    "x": 61.00124740600586,
                    "y": 11.40999984741211,
                    "z": -3.676576614379883
                }
            ]
        }
    ]
}