{
    "GEFGGGFIPNP": 1006,
    "MMEANFBJAIL": [
        {
            "HPJKMHNHMJN": 1,
            "MLDMMJMBPKP": 100.0,
            "DDDLLFBHHJA": [
                {
                    "x": 151.5989227294922,
                    "y": 59.90834426879883,
                    "z": -39.45161819458008
                },
                {
                    "x": 186.07113647460938,
                    "y": 62.50804901123047,
                    "z": -41.246971130371094
                },
                {
                    "x": 187.57037353515625,
                    "y": 60.45082473754883,
                    "z": -4.815862655639648
                },
                {
                    "x": 151.26910400390625,
                    "y": 60.69881820678711,
                    "z": -4.005523681640625
                }
            ]
        }
    ]
}