{
    "EMJOCICOGOA": {
        "NONE": {
            "HIHDEBAIJCE": {
                "_y": -0.3499999940395355,
                "_z": 3.5
            },
            "IAIDONBADII": {
                "_y": -0.3499999940395355
            },
            "KIHGBLFCIII": 35.0
        },
        "AVATAR_MALE": {
            "HIHDEBAIJCE": {
                "_y": -0.42500001192092896,
                "_z": 3.0
            },
            "IAIDONBADII": {
                "_y": -0.42500001192092896
            },
            "KIHGBLFCIII": 20.0
        },
        "AVATAR_LADY": {
            "HIHDEBAIJCE": {
                "_y": -0.4000000059604645,
                "_z": 3.0
            },
            "IAIDONBADII": {
                "_y": -0.4000000059604645
            },
            "KIHGBLFCIII": 20.0
        },
        "AVATAR_BOY": {
            "HIHDEBAIJCE": {
                "_y": -0.38999998569488525,
                "_z": 3.200000047683716
            },
            "IAIDONBADII": {
                "_y": -0.38999998569488525
            },
            "KIHGBLFCIII": 20.0
        },
        "AVATAR_GIRL": {
            "HIHDEBAIJCE": {
                "_y": -0.3799999952316284,
                "_z": 3.0
            },
            "IAIDONBADII": {
                "_y": -0.3799999952316284
            },
            "KIHGBLFCIII": 20.0
        },
        "AVATAR_LOLI": {
            "HIHDEBAIJCE": {
                "_z": 3.5
            },
            "IAIDONBADII": {
                "_y": -0.25
            },
            "KIHGBLFCIII": 20.0
        },
        "AVATAR_PAIMON": {
            "HIHDEBAIJCE": {
                "_z": 3.0
            },
            "IAIDONBADII": {
                "_y": -0.20000000298023224
            },
            "KIHGBLFCIII": 20.0
        },
        "NPC_MALE": {
            "HIHDEBAIJCE": {
                "_y": -0.42500001192092896,
                "_z": 3.0
            },
            "IAIDONBADII": {
                "_y": -0.42500001192092896
            },
            "KIHGBLFCIII": 20.0
        },
        "NPC_FEMALE": {
            "HIHDEBAIJCE": {
                "_y": -0.4000000059604645,
                "_z": 3.0
            },
            "IAIDONBADII": {
                "_y": -0.4000000059604645
            },
            "KIHGBLFCIII": 20.0
        },
        "NPC_MUSCLEMAN": {
            "HIHDEBAIJCE": {
                "_y": -0.44999998807907104,
                "_z": 3.0
            },
            "IAIDONBADII": {
                "_y": -0.44999998807907104
            },
            "KIHGBLFCIII": 20.0
        },
        "NPC_ELDER": {
            "HIHDEBAIJCE": {
                "_y": -0.15000000596046448,
                "_z": 3.0
            },
            "IAIDONBADII": {
                "_y": -0.3499999940395355
            },
            "KIHGBLFCIII": 20.0
        },
        "NPC_CHILD": {
            "HIHDEBAIJCE": {
                "_z": 3.200000047683716
            },
            "IAIDONBADII": {
                "_y": -0.25
            },
            "KIHGBLFCIII": 20.0
        },
        "Barbara": {
            "HIHDEBAIJCE": {
                "_y": -0.4000000059604645,
                "_z": 3.0
            },
            "IAIDONBADII": {
                "_y": -0.4000000059604645
            },
            "KIHGBLFCIII": 20.0
        },
        "Bennett": {
            "HIHDEBAIJCE": {
                "_y": -0.36000001430511475,
                "_z": 3.0
            },
            "IAIDONBADII": {
                "_y": -0.36000001430511475
            },
            "KIHGBLFCIII": 20.0
        },
        "Chongyun": {
            "HIHDEBAIJCE": {
                "_y": -0.3799999952316284,
                "_z": 3.0
            },
            "IAIDONBADII": {
                "_y": -0.3799999952316284
            },
            "KIHGBLFCIII": 20.0
        },
        "Noel": {
            "HIHDEBAIJCE": {
                "_y": -0.38999998569488525,
                "_z": 3.0
            },
            "IAIDONBADII": {
                "_y": -0.38999998569488525
            },
            "KIHGBLFCIII": 20.0
        },
        "Diona": {
            "HIHDEBAIJCE": {
                "_z": 3.5
            },
            "IAIDONBADII": {
                "_y": -0.33000001311302185
            },
            "KIHGBLFCIII": 20.0
        },
        "Sayu": {
            "HIHDEBAIJCE": {
                "_z": 3.5
            },
            "IAIDONBADII": {
                "_y": -0.33000001311302185
            },
            "KIHGBLFCIII": 20.0
        },
        "Tohma": {
            "HIHDEBAIJCE": {
                "_y": -0.4000000059604645,
                "_z": 3.0
            },
            "IAIDONBADII": {
                "_y": -0.4000000059604645
            },
            "KIHGBLFCIII": 20.0
        },
        "Beidou": {
            "HIHDEBAIJCE": {
                "_y": -0.4000000059604645,
                "_z": 3.0
            },
            "IAIDONBADII": {
                "_y": -0.4000000059604645
            },
            "KIHGBLFCIII": 20.0
        },
        "Gorou": {
            "HIHDEBAIJCE": {
                "_z": 3.5
            },
            "IAIDONBADII": {
                "_y": -0.33000001311302185
            },
            "KIHGBLFCIII": 20.0
        },
        "Ningguang": {
            "HIHDEBAIJCE": {
                "_y": -0.5,
                "_z": 3.0
            },
            "IAIDONBADII": {
                "_y": -0.44999998807907104
            },
            "KIHGBLFCIII": 20.0
        },
        "Collei": {
            "HIHDEBAIJCE": {
                "_y": -0.4699999988079071,
                "_z": 3.0
            },
            "IAIDONBADII": {
                "_y": -0.4699999988079071
            },
            "KIHGBLFCIII": 20.0
        }
    },
    "KJMCIMGDIKH": {
        "MinDistance": [
            {
                "ACGEILKELLH": "MIN_DISTANCE"
            }
        ]
    },
    "FCBFLNJBPKL": 0.7289999723434448,
    "NNKPLNHOLAE": {
        "Lady": {},
        "Boy": {}
    }
}