{
    "firstPersonCoopCamConfigs": {
        "NONE": {
            "camPositionOffset": {
                "_y": -0.3499999940395355,
                "_z": 3.5
            },
            "camTargetOffset": {
                "_y": -0.3499999940395355
            },
            "camFOV": 35.0
        },
        "AVATAR_MALE": {
            "camPositionOffset": {
                "_y": -0.42500001192092896,
                "_z": 3.0
            },
            "camTargetOffset": {
                "_y": -0.42500001192092896
            },
            "camFOV": 20.0
        },
        "AVATAR_LADY": {
            "camPositionOffset": {
                "_y": -0.4000000059604645,
                "_z": 3.0
            },
            "camTargetOffset": {
                "_y": -0.4000000059604645
            },
            "camFOV": 20.0
        },
        "AVATAR_BOY": {
            "camPositionOffset": {
                "_y": -0.38999998569488525,
                "_z": 3.200000047683716
            },
            "camTargetOffset": {
                "_y": -0.38999998569488525
            },
            "camFOV": 20.0
        },
        "AVATAR_GIRL": {
            "camPositionOffset": {
                "_y": -0.3799999952316284,
                "_z": 3.0
            },
            "camTargetOffset": {
                "_y": -0.3799999952316284
            },
            "camFOV": 20.0
        },
        "AVATAR_LOLI": {
            "camPositionOffset": {
                "_z": 3.5
            },
            "camTargetOffset": {
                "_y": -0.25
            },
            "camFOV": 20.0
        },
        "AVATAR_PAIMON": {
            "camPositionOffset": {
                "_z": 3.0
            },
            "camTargetOffset": {
                "_y": -0.20000000298023224
            },
            "camFOV": 20.0
        },
        "NPC_MALE": {
            "camPositionOffset": {
                "_y": -0.42500001192092896,
                "_z": 3.0
            },
            "camTargetOffset": {
                "_y": -0.42500001192092896
            },
            "camFOV": 20.0
        },
        "NPC_FEMALE": {
            "camPositionOffset": {
                "_y": -0.4000000059604645,
                "_z": 3.0
            },
            "camTargetOffset": {
                "_y": -0.4000000059604645
            },
            "camFOV": 20.0
        },
        "NPC_MUSCLEMAN": {
            "camPositionOffset": {
                "_y": -0.44999998807907104,
                "_z": 3.0
            },
            "camTargetOffset": {
                "_y": -0.44999998807907104
            },
            "camFOV": 20.0
        },
        "NPC_ELDER": {
            "camPositionOffset": {
                "_y": -0.15000000596046448,
                "_z": 3.0
            },
            "camTargetOffset": {
                "_y": -0.3499999940395355
            },
            "camFOV": 20.0
        },
        "NPC_CHILD": {
            "camPositionOffset": {
                "_z": 3.200000047683716
            },
            "camTargetOffset": {
                "_y": -0.25
            },
            "camFOV": 20.0
        },
        "Barbara": {
            "camPositionOffset": {
                "_y": -0.4000000059604645,
                "_z": 3.0
            },
            "camTargetOffset": {
                "_y": -0.4000000059604645
            },
            "camFOV": 20.0
        },
        "Bennett": {
            "camPositionOffset": {
                "_y": -0.36000001430511475,
                "_z": 3.0
            },
            "camTargetOffset": {
                "_y": -0.36000001430511475
            },
            "camFOV": 20.0
        },
        "Chongyun": {
            "camPositionOffset": {
                "_y": -0.3799999952316284,
                "_z": 3.0
            },
            "camTargetOffset": {
                "_y": -0.3799999952316284
            },
            "camFOV": 20.0
        },
        "Noel": {
            "camPositionOffset": {
                "_y": -0.38999998569488525,
                "_z": 3.0
            },
            "camTargetOffset": {
                "_y": -0.38999998569488525
            },
            "camFOV": 20.0
        },
        "Diona": {
            "camPositionOffset": {
                "_z": 3.5
            },
            "camTargetOffset": {
                "_y": -0.33000001311302185
            },
            "camFOV": 20.0
        },
        "Sayu": {
            "camPositionOffset": {
                "_z": 3.5
            },
            "camTargetOffset": {
                "_y": -0.33000001311302185
            },
            "camFOV": 20.0
        },
        "Tohma": {
            "camPositionOffset": {
                "_y": -0.4000000059604645,
                "_z": 3.0
            },
            "camTargetOffset": {
                "_y": -0.4000000059604645
            },
            "camFOV": 20.0
        },
        "Beidou": {
            "camPositionOffset": {
                "_y": -0.4000000059604645,
                "_z": 3.0
            },
            "camTargetOffset": {
                "_y": -0.4000000059604645
            },
            "camFOV": 20.0
        },
        "Gorou": {
            "camPositionOffset": {
                "_z": 3.5
            },
            "camTargetOffset": {
                "_y": -0.33000001311302185
            },
            "camFOV": 20.0
        },
        "Ningguang": {
            "camPositionOffset": {
                "_y": -0.5,
                "_z": 3.0
            },
            "camTargetOffset": {
                "_y": -0.44999998807907104
            },
            "camFOV": 20.0
        }
    },
    "BKDFOEKNBGN": {
        "MinDistance": [
            {
                "IDJEABOLMBL": "MIN_DISTANCE"
            }
        ]
    },
    "JBJIOPHFJLC": 0.7289999723434448
}