{
    "GEFGGGFIPNP": 20124,
    "MIIFEHEDEFC": [
        {
            "JFEHNKOOLGK": 1,
            "MNGKGJOEIJK": "AureaePoint",
            "JLHNLMINEOL": {
                "x": 524.8900146484375,
                "y": 80.69000244140625,
                "z": 460.010009765625
            }
        },
        {
            "JFEHNKOOLGK": 2,
            "MNGKGJOEIJK": "AureaePoint",
            "JLHNLMINEOL": {
                "x": 561.4174194335938,
                "y": 52.540000915527344,
                "z": 460.010009765625
            },
            "NAKNKBEOHJG": {
                "y": 270.0
            }
        },
        {
            "JFEHNKOOLGK": 3,
            "MNGKGJOEIJK": "AureaePoint",
            "JLHNLMINEOL": {
                "x": 524.8900146484375,
                "y": 52.540000915527344,
                "z": 441.9599914550781
            }
        }
    ]
}