{
    "GEFGGGFIPNP": 3,
    "MIIFEHEDEFC": [
        {
            "JFEHNKOOLGK": 321300001,
            "MNGKGJOEIJK": "MultiTalkPrimPoint",
            "JLHNLMINEOL": {
                "x": -3561.344970703125,
                "y": 217.52789306640625,
                "z": -3095.0048828125
            },
            "NAKNKBEOHJG": {
                "y": 341.3460998535156
            }
        },
        {
            "JFEHNKOOLGK": 321300002,
            "MNGKGJOEIJK": "MultiTalkPoint",
            "JLHNLMINEOL": {
                "x": -3562.18603515625,
                "y": 217.59719848632812,
                "z": -3092.0869140625
            },
            "NAKNKBEOHJG": {
                "y": 154.71710205078125
            }
        }
    ]
}