{
    "GEFGGGFIPNP": 3,
    "MIIFEHEDEFC": [
        {
            "JFEHNKOOLGK": 321000001,
            "MNGKGJOEIJK": "MultiTalkPrimPoint",
            "JLHNLMINEOL": {
                "x": -4006.087890625,
                "y": 195.51190185546875,
                "z": -832.8911743164062
            },
            "NAKNKBEOHJG": {
                "y": 199.29660034179688
            },
            "KKDJPAHLAPP": 1190
        },
        {
            "JFEHNKOOLGK": 321000002,
            "MNGKGJOEIJK": "MultiTalkPoint",
            "JLHNLMINEOL": {
                "x": -4007.7041015625,
                "y": 195.51190185546875,
                "z": -832.7506713867188
            },
            "NAKNKBEOHJG": {
                "y": 165.2769012451172
            },
            "KKDJPAHLAPP": 1120
        },
        {
            "JFEHNKOOLGK": 321000003,
            "MNGKGJOEIJK": "SitPoint",
            "JLHNLMINEOL": {
                "x": -3982.263916015625,
                "y": 166.73049926757812,
                "z": -833.2448120117188
            },
            "NAKNKBEOHJG": {
                "y": 22.046499252319336
            }
        }
    ]
}