{
    "GEFGGGFIPNP": 3,
    "MIIFEHEDEFC": [
        {
            "JFEHNKOOLGK": 320900001,
            "MNGKGJOEIJK": "StandbyPoint",
            "JLHNLMINEOL": {
                "x": -2564.597900390625,
                "y": 201.68069458007812,
                "z": -3751.89599609375
            },
            "KKDJPAHLAPP": 1120
        },
        {
            "JFEHNKOOLGK": 320900002,
            "MNGKGJOEIJK": "StandbyPoint",
            "JLHNLMINEOL": {
                "x": -2560.367919921875,
                "y": 201.68069458007812,
                "z": -3747.14697265625
            },
            "NAKNKBEOHJG": {
                "y": 342.3169860839844
            },
            "KKDJPAHLAPP": 1120
        },
        {
            "JFEHNKOOLGK": 320900003,
            "MNGKGJOEIJK": "StandbyPoint",
            "JLHNLMINEOL": {
                "x": -2570.837890625,
                "y": 201.68069458007812,
                "z": -3753.4951171875
            },
            "KKDJPAHLAPP": 1120
        },
        {
            "JFEHNKOOLGK": 320900004,
            "MNGKGJOEIJK": "StandbyPoint",
            "JLHNLMINEOL": {
                "x": -2577.64501953125,
                "y": 201.68069458007812,
                "z": -3746.554931640625
            },
            "NAKNKBEOHJG": {
                "y": 48.960601806640625
            },
            "KKDJPAHLAPP": 1120
        }
    ]
}