{
    "GEFGGGFIPNP": 3,
    "MIIFEHEDEFC": [
        {
            "JFEHNKOOLGK": 321200001,
            "MNGKGJOEIJK": "MultiTalkPrimPoint",
            "JLHNLMINEOL": {
                "x": -3626.847900390625,
                "y": 200.24209594726562,
                "z": -2729.0869140625
            },
            "NAKNKBEOHJG": {
                "y": 317.230712890625
            }
        },
        {
            "JFEHNKOOLGK": 321200002,
            "MNGKGJOEIJK": "MultiTalkPoint",
            "JLHNLMINEOL": {
                "x": -3628.748046875,
                "y": 200.23330688476562,
                "z": -2727.322021484375
            },
            "NAKNKBEOHJG": {
                "y": 130.62930297851562
            }
        }
    ]
}