{
    "GEFGGGFIPNP": 4,
    "MIIFEHEDEFC": [
        {
            "JFEHNKOOLGK": 400400001,
            "MNGKGJOEIJK": "LandingPoint",
            "JLHNLMINEOL": {
                "x": -634.2158203125,
                "y": 120.0,
                "z": -197.08580017089844
            }
        }
    ]
}