{
    "GEFGGGFIPNP": 3,
    "MIIFEHEDEFC": [
        {
            "JFEHNKOOLGK": 310300001,
            "MNGKGJOEIJK": "LandingPoint",
            "JLHNLMINEOL": {
                "x": 565.9149169921875,
                "y": 230.76010131835938,
                "z": 1673.6710205078125
            }
        },
        {
            "JFEHNKOOLGK": 310300002,
            "MNGKGJOEIJK": "LandingPoint",
            "JLHNLMINEOL": {
                "x": 577.113525390625,
                "y": 233.82569885253906,
                "z": 1701.258056640625
            }
        },
        {
            "JFEHNKOOLGK": 310300003,
            "MNGKGJOEIJK": "InvestigatePoint",
            "JLHNLMINEOL": {
                "x": 720.7210083007812,
                "y": 222.1938018798828,
                "z": 1313.4150390625
            },
            "NAKNKBEOHJG": {
                "y": 257.56561279296875
            },
            "FIHAEMMCJLG": 0.0,
            "IMJHAFEOAOJ": 0.0
        }
    ]
}