{
    "GEFGGGFIPNP": 1034,
    "MIIFEHEDEFC": [
        {
            "JFEHNKOOLGK": 1,
            "MNGKGJOEIJK": "SitOnChairPoint",
            "JLHNLMINEOL": {
                "x": -0.42306968569755554,
                "y": 0.00823997613042593,
                "z": 4.295805931091309
            },
            "NAKNKBEOHJG": {
                "y": 179.822998046875
            },
            "FIHAEMMCJLG": 0.0,
            "IMJHAFEOAOJ": 0.0
        },
        {
            "JFEHNKOOLGK": 2,
            "MNGKGJOEIJK": "HidingPoint",
            "JLHNLMINEOL": {
                "x": 0.05896497145295143,
                "y": -1.3268200405036623e-07,
                "z": -8.299979209899902
            },
            "NAKNKBEOHJG": {
                "y": 181.4835968017578
            },
            "FIHAEMMCJLG": 0.0,
            "IMJHAFEOAOJ": 0.0
        }
    ]
}