{
    "BHBGHFIKMEG": {
        "373602": {
            "IJDLELBAFEC": 3,
            "IBMMDBIIMBN": 3.200000047683716,
            "LJHCGFPDIED": 1.2000000476837158,
            "HAAPOCCOMAG": 201,
            "PNCMIHNONCN": 0.800000011920929,
            "OMIIJPDBPID": {
                "1": [
                    {
                        "position": {
                            "y": 0.699999988079071,
                            "z": 1.5
                        }
                    }
                ],
                "2": [
                    {
                        "position": {
                            "y": 1.350000023841858,
                            "z": -1.5
                        },
                        "rotation": {
                            "y": 180.0
                        }
                    }
                ],
                "3": [
                    {
                        "position": {
                            "y": 2.0,
                            "z": 1.5
                        }
                    }
                ]
            }
        }
    }
}