{
    "PNDPLJFMING": {
        "EPJNKNAOHFD": 186801
    },
    "OFHFOIGNOML": [
        {
            "ECLBMPMBMLE": {
                "_z": -1.5949196092645658e-23
            },
            "EHGLHBANPFJ": 7.392699707221562e-38,
            "JNOOJJBCJAN": -627495
        },
        {
            "ECLBMPMBMLE": {
                "_x": 2.4262940954800533e-35,
                "_y": 0.699999988079071
            },
            "FANCKABFCPH": {},
            "EHGLHBANPFJ": 1.4087565110635852e-37,
            "JNOOJJBCJAN": -1,
            "OOAKBGEKIJP": -2,
            "LNGNGFAJDCF": -5.820790897892447e-12
        },
        {
            "ECLBMPMBMLE": {},
            "FANCKABFCPH": {},
            "EHGLHBANPFJ": 2.5245793133275904e-40,
            "JNOOJJBCJAN": 0,
            "OOAKBGEKIJP": 26,
            "LNGNGFAJDCF": 2.3695898177197155e-38
        }
    ],
    "KNAEDABBCOP": 8.407790785948902e-45,
    "JNOOJJBCJAN": 32,
    "OOAKBGEKIJP": 0,
    "FANCKABFCPH": {},
    "AMOOLHDIAIH": ""
}