{
    "KKCOFAKGOHB": {
        "373602": {
            "BBEEBLMJDNB": 3,
            "CFIJFMLFKBO": 3.200000047683716,
            "FHKPPNIHPLK": 1.2000000476837158,
            "IDLIHLMPHKL": 201,
            "HDKEJCGILEE": 0.800000011920929,
            "LLPIEHPPOMM": {
                "1": [
                    {
                        "position": {
                            "y": 0.699999988079071,
                            "z": 1.5
                        }
                    }
                ],
                "2": [
                    {
                        "position": {
                            "y": 1.350000023841858,
                            "z": -1.5
                        },
                        "rotation": {
                            "y": 180.0
                        }
                    }
                ],
                "3": [
                    {
                        "position": {
                            "y": 2.0,
                            "z": 1.5
                        }
                    }
                ]
            }
        }
    }
}