{
    "FAABGBOOCAG": {
        "373602": {
            "HPIFOJMBJLI": 3,
            "NMMFILJLENC": 3.200000047683716,
            "MMFONJABJJA": 1.2000000476837158,
            "LEDACDAIJKF": 201,
            "ELHFOGGEEIG": 0.800000011920929,
            "JMIAHHBIDHJ": {
                "1": [
                    {
                        "position": {
                            "y": 0.699999988079071,
                            "z": 1.5
                        }
                    }
                ],
                "2": [
                    {
                        "position": {
                            "y": 1.350000023841858,
                            "z": -1.5
                        },
                        "rotation": {
                            "y": 180.0
                        }
                    }
                ],
                "3": [
                    {
                        "position": {
                            "y": 2.0,
                            "z": 1.5
                        }
                    }
                ]
            }
        }
    }
}