{
    "EAFJPJKKAIK": 50.0,
    "KKFIKNJKGOE": 30.0,
    "DHDIHJCJKLC": [
        {
            "KHACLNDPEGP": 376152,
            "DHNNCEFGHOB": {
                "x": 0.22332763671875,
                "z": 27.2000732421875
            }
        },
        {
            "KHACLNDPEGP": 376153,
            "DHNNCEFGHOB": {
                "x": 0.22332763671875,
                "z": 3.2000732421875
            }
        },
        {
            "KHACLNDPEGP": 376154,
            "DHNNCEFGHOB": {
                "x": 0.22332763671875,
                "y": 12.0,
                "z": 3.2000732421875
            }
        }
    ]
}