{
    "EAFJPJKKAIK": 80.0,
    "KKFIKNJKGOE": 30.0,
    "DHDIHJCJKLC": [
        {
            "KHACLNDPEGP": 376102,
            "DHNNCEFGHOB": {
                "x": 9.21856689453125,
                "z": 0.073486328125
            }
        },
        {
            "KHACLNDPEGP": 376103,
            "DHNNCEFGHOB": {
                "x": -9.082122802734375,
                "z": -0.0902099609375
            }
        }
    ]
}