{
    "sceneId": 1033,
    "bornPosList": [
        {
            "_id": 100000097,
            "_configId": 2145,
            "_roomId": 1,
            "_pos": {
                "_x": 0.019184589385986328,
                "_y": 0.3337298035621643,
                "_z": -11.990180015563965
            }
        },
        {
            "_id": 100000098,
            "_configId": 2144,
            "_roomId": 1,
            "_pos": {
                "_x": -4.783114910125732,
                "_y": 0.058187320828437805,
                "_z": 2.773175001144409
            },
            "_rot": {
                "_y": 166.73789978027344
            }
        },
        {
            "_id": 100000099,
            "_configId": 2067,
            "_roomId": 1,
            "_pos": {
                "_x": 5.044723033905029,
                "_y": 0.05818803980946541,
                "_z": -5.648746013641357
            },
            "_rot": {
                "_y": 271.9103088378906
            }
        }
    ]
}