{
    "sceneId": 1066,
    "bornPosList": [
        {
            "_id": 100014324,
            "_configId": 3007,
            "_roomId": 1,
            "_pos": {
                "_x": -4.084319114685059,
                "_y": 4.8637339489232545e-08,
                "_z": 0.22757700085639954
            }
        },
        {
            "_id": 100014325,
            "_configId": 3008,
            "_roomId": 1,
            "_pos": {
                "_x": 3.334610939025879,
                "_y": -5.8574251227128116e-08,
                "_z": 1.1023370027542114
            }
        }
    ]
}