{
    "sceneId": 1057,
    "bornPosList": [
        {
            "_id": 100007160,
            "_configId": 2140,
            "_roomId": 1,
            "_pos": {
                "_x": 2.926309108734131,
                "_y": -7.902703762054443,
                "_z": -20.293989181518555
            }
        },
        {
            "_id": 100007161,
            "_configId": 2142,
            "_roomId": 1,
            "_pos": {
                "_x": -1.424180030822754,
                "_y": -0.880848228931427,
                "_z": -1.470123052597046
            },
            "_rot": {
                "_y": 164.58859252929688
            }
        },
        {
            "_id": 100007162,
            "_configId": 2143,
            "_roomId": 1,
            "_pos": {
                "_x": -3.960433006286621,
                "_y": 0.31853020191192627,
                "_z": 11.564299583435059
            }
        }
    ]
}