{
    "sceneId": 1066,
    "bornPosList": [
        {
            "id": 100014324,
            "configId": 3007,
            "roomId": 1,
            "pos": {
                "x": -4.084319114685059,
                "y": 4.8637339489232545e-08,
                "z": 0.22757700085639954
            }
        },
        {
            "id": 100014325,
            "configId": 3008,
            "roomId": 1,
            "pos": {
                "x": 3.334610939025879,
                "y": -5.8574251227128116e-08,
                "z": 1.1023370027542114
            }
        }
    ]
}