{
    "sceneId": 1033,
    "bornPosList": [
        {
            "id": 100000097,
            "configId": 2145,
            "roomId": 1,
            "pos": {
                "x": 0.019184589385986328,
                "y": 0.3337298035621643,
                "z": -11.990180015563965
            }
        },
        {
            "id": 100000098,
            "configId": 2144,
            "roomId": 1,
            "pos": {
                "x": -4.783114910125732,
                "y": 0.058187320828437805,
                "z": 2.773175001144409
            },
            "rot": {
                "y": 166.73789978027344
            }
        },
        {
            "id": 100000099,
            "configId": 2067,
            "roomId": 1,
            "pos": {
                "x": 5.044723033905029,
                "y": 0.05818803980946541,
                "z": -5.648746013641357
            },
            "rot": {
                "y": 271.9103088378906
            }
        }
    ]
}