{
    "sceneId": 1034,
    "bornPosList": [
        {
            "_id": 100000100,
            "_configId": 2146,
            "_roomId": 1,
            "_pos": {
                "_x": 0.0012520999880507588,
                "_y": -6.86487112488976e-07,
                "_z": -3.674381971359253
            },
            "_rot": {
                "_y": 179.53819274902344
            }
        },
        {
            "_id": 100000101,
            "_configId": 2063,
            "_roomId": 1,
            "_pos": {
                "_x": -0.21674419939517975,
                "_y": 0.013238510116934776,
                "_z": 4.352034091949463
            },
            "_rot": {
                "_y": 178.61669921875
            }
        }
    ]
}