{
    "sceneId": 1035,
    "bornPosList": [
        {
            "_id": 100001405,
            "_configId": 2147,
            "_roomId": 1,
            "_pos": {
                "_x": -1.7855329513549805,
                "_y": 4.394480868086248e-07,
                "_z": -4.011001110076904
            },
            "_rot": {
                "_y": 129.99740600585938
            }
        },
        {
            "_id": 100001406,
            "_configId": 2063,
            "_roomId": 1,
            "_pos": {
                "_x": 4.190518856048584,
                "_y": 0.007068532053381205,
                "_z": 2.253743886947632
            },
            "_rot": {
                "_y": 202.5366973876953
            }
        }
    ]
}