{
    "JOPMNNJKAJC": 1076,
    "FENJKPPFGMJ": [
        {
            "_id": 100026962,
            "_configId": 1713,
            "_roomId": 1,
            "_pos": {
                "_x": 0.17539340257644653,
                "_y": 1.3151600360870361,
                "_z": 11.355030059814453
            },
            "_rot": {
                "_y": 178.86610412597656
            }
        },
        {
            "_id": 100026963,
            "_configId": 1712,
            "_roomId": 1,
            "_pos": {
                "_x": 1.145169973373413,
                "_y": -1.8272510260430863e-06,
                "_z": 12.431229591369629
            },
            "_rot": {
                "_y": 193.79319763183594
            }
        }
    ]
}