{
    "sceneId": 1077,
    "bornPosList": [
        {
            "id": 100038859,
            "configId": 4317,
            "roomId": 1,
            "pos": {
                "x": -1.6883749961853027,
                "y": -0.039961278438568115,
                "z": -12.826539993286133
            },
            "rot": {
                "y": 94.76384735107422
            }
        },
        {
            "id": 100038860,
            "configId": 4319,
            "roomId": 1,
            "pos": {
                "x": 2.458430051803589,
                "y": -0.14122259616851807,
                "z": -11.73073959350586
            },
            "rot": {
                "y": 86.9964828491211
            }
        }
    ]
}