{
    "sceneId": 1076,
    "bornPosList": [
        {
            "id": 100026962,
            "configId": 1713,
            "roomId": 1,
            "pos": {
                "x": 0.17539340257644653,
                "y": 1.3151600360870361,
                "z": 11.355030059814453
            },
            "rot": {
                "y": 178.86610412597656
            }
        },
        {
            "id": 100026963,
            "configId": 1712,
            "roomId": 1,
            "pos": {
                "x": 1.145169973373413,
                "y": -1.8272510260430863e-06,
                "z": 12.431229591369629
            },
            "rot": {
                "y": 193.79319763183594
            }
        }
    ]
}