{
    "JOPMNNJKAJC": 1077,
    "FENJKPPFGMJ": [
        {
            "_id": 100038859,
            "_configId": 4317,
            "_roomId": 1,
            "_pos": {
                "_x": -1.6883749961853027,
                "_y": -0.039961278438568115,
                "_z": -12.826539993286133
            },
            "_rot": {
                "_y": 94.76384735107422
            }
        },
        {
            "_id": 100038860,
            "_configId": 4319,
            "_roomId": 1,
            "_pos": {
                "_x": 2.458430051803589,
                "_y": -0.14122259616851807,
                "_z": -11.73073959350586
            },
            "_rot": {
                "_y": 86.9964828491211
            }
        }
    ]
}