{
    "JOPMNNJKAJC": 10,
    "FENJKPPFGMJ": [
        {
            "_id": 383040400,
            "_configId": 30404,
            "_pos": {
                "_x": 398.66339111328125,
                "_y": 91.0999984741211,
                "_z": 445.8999938964844
            },
            "_rot": {
                "_y": 242.60000610351562
            },
            "_preConditions": [
                [
                    {
                        "$type": "GOFHPFKMCKH",
                        "CCGLJAAMEHJ": "QUEST_COND_ACTIVITY_CLIENT_COND",
                        "BCLBEBDCPLD": [
                            2023,
                            2023101,
                            1
                        ]
                    }
                ]
            ]
        },
        {
            "_id": 383040500,
            "_configId": 30405,
            "_pos": {
                "_x": 429.3916931152344,
                "_y": 100.33689880371094,
                "_z": 625.164306640625
            },
            "_rot": {
                "_y": 324.70001220703125
            },
            "_preConditions": [
                [
                    {
                        "$type": "GOFHPFKMCKH",
                        "CCGLJAAMEHJ": "QUEST_COND_ACTIVITY_CLIENT_COND",
                        "BCLBEBDCPLD": [
                            2023,
                            2023201,
                            1
                        ]
                    }
                ]
            ]
        },
        {
            "_id": 383040600,
            "_configId": 30406,
            "_pos": {
                "_x": 853.2421875,
                "_y": 230.72349548339844,
                "_z": 352.8463134765625
            },
            "_rot": {
                "_y": 297.3900146484375
            },
            "_preConditions": [
                [
                    {
                        "$type": "GOFHPFKMCKH",
                        "CCGLJAAMEHJ": "QUEST_COND_ACTIVITY_CLIENT_COND",
                        "BCLBEBDCPLD": [
                            2023,
                            2023401,
                            1
                        ]
                    }
                ]
            ]
        },
        {
            "_id": 383040700,
            "_configId": 30407,
            "_pos": {
                "_x": 757.3026733398438,
                "_y": 236.0727996826172,
                "_z": 380.80029296875
            },
            "_rot": {
                "_y": 73.06999969482422
            },
            "_preConditions": [
                [
                    {
                        "$type": "GOFHPFKMCKH",
                        "CCGLJAAMEHJ": "QUEST_COND_ACTIVITY_CLIENT_COND",
                        "BCLBEBDCPLD": [
                            2023,
                            2023302,
                            1
                        ]
                    }
                ]
            ]
        },
        {
            "_id": 384457000,
            "_configId": 4457,
            "_pos": {
                "_x": 308.0,
                "_y": 170.5500030517578,
                "_z": 835.8829956054688
            },
            "_rot": {
                "_y": -80.0
            },
            "_preConditions": [
                [
                    {
                        "$type": "GOFHPFKMCKH",
                        "CCGLJAAMEHJ": "QUEST_COND_QUEST_GLOBAL_VAR_EQUAL",
                        "BCLBEBDCPLD": [
                            4011401,
                            1
                        ]
                    }
                ]
            ]
        },
        {
            "_id": 384458000,
            "_configId": 4458,
            "_pos": {
                "_x": -86.96322631835938,
                "_y": 390.9173889160156,
                "_z": 1393.968017578125
            },
            "_rot": {
                "_y": 158.11900329589844
            },
            "_preConditions": [
                [
                    {
                        "$type": "GOFHPFKMCKH",
                        "CCGLJAAMEHJ": "QUEST_COND_QUEST_GLOBAL_VAR_EQUAL",
                        "BCLBEBDCPLD": [
                            4011401,
                            1
                        ]
                    },
                    {
                        "$type": "GOFHPFKMCKH",
                        "CCGLJAAMEHJ": "QUEST_COND_STATE_EQUAL",
                        "BCLBEBDCPLD": [
                            7905404,
                            3
                        ]
                    }
                ]
            ]
        },
        {
            "_id": 384459000,
            "_configId": 4459,
            "_pos": {
                "_x": 441.3699951171875,
                "_y": 212.0,
                "_z": 995.5700073242188
            },
            "_rot": {
                "_y": -238.96299743652344
            },
            "_preConditions": [
                [
                    {
                        "$type": "GOFHPFKMCKH",
                        "CCGLJAAMEHJ": "QUEST_COND_QUEST_GLOBAL_VAR_EQUAL",
                        "BCLBEBDCPLD": [
                            4011401,
                            1
                        ]
                    },
                    {
                        "$type": "GOFHPFKMCKH",
                        "CCGLJAAMEHJ": "QUEST_COND_STATE_EQUAL",
                        "BCLBEBDCPLD": [
                            7905201,
                            3
                        ]
                    }
                ]
            ]
        },
        {
            "_id": 384460000,
            "_configId": 4460,
            "_pos": {
                "_x": 402.0,
                "_y": 362.0,
                "_z": -196.0
            },
            "_rot": {
                "_y": 163.85000610351562
            },
            "_preConditions": [
                [
                    {
                        "$type": "GOFHPFKMCKH",
                        "CCGLJAAMEHJ": "QUEST_COND_QUEST_GLOBAL_VAR_EQUAL",
                        "BCLBEBDCPLD": [
                            4011901,
                            1
                        ]
                    }
                ]
            ]
        },
        {
            "_id": 384461000,
            "_configId": 4461,
            "_pos": {
                "_x": 880.0,
                "_y": 290.0,
                "_z": 364.0
            },
            "_rot": {
                "_y": -119.0
            },
            "_preConditions": [
                [
                    {
                        "$type": "GOFHPFKMCKH",
                        "CCGLJAAMEHJ": "QUEST_COND_QUEST_GLOBAL_VAR_EQUAL",
                        "BCLBEBDCPLD": [
                            4011501,
                            1
                        ]
                    }
                ]
            ]
        },
        {
            "_id": 384462000,
            "_configId": 4462,
            "_pos": {
                "_x": 451.6903991699219,
                "_y": 94.09098815917969,
                "_z": 629.9954223632812
            },
            "_rot": {
                "_y": 37.1255989074707
            },
            "_preConditions": [
                [
                    {
                        "$type": "GOFHPFKMCKH",
                        "CCGLJAAMEHJ": "QUEST_COND_QUEST_GLOBAL_VAR_EQUAL",
                        "BCLBEBDCPLD": [
                            4011901,
                            1
                        ]
                    }
                ]
            ]
        },
        {
            "_id": 384463000,
            "_configId": 4463,
            "_pos": {
                "_x": 367.38800048828125,
                "_y": 110.38420104980469,
                "_z": 606.048095703125
            },
            "_rot": {
                "_y": 72.07173919677734
            },