{
    "sceneId": 1064,
    "bornPosList": [
        {
            "_id": 100014323,
            "_configId": 3057,
            "_roomId": 1,
            "_pos": {
                "_x": 0.08817244321107864,
                "_y": 0.09673108905553818,
                "_z": -3.8271119594573975
            }
        }
    ]
}