{
    "sceneId": 1060,
    "bornPosList": [
        {
            "_id": 100008525,
            "_configId": 3011,
            "_roomId": 1,
            "_pos": {
                "_x": -1.303617000579834,
                "_y": -0.06700079888105392,
                "_z": 9.091230392456055
            },
            "_rot": {
                "_y": 108.09230041503906
            }
        },
        {
            "_id": 100012468,
            "_configId": 3009,
            "_roomId": 1,
            "_pos": {
                "_x": 11.045760154724121,
                "_y": 0.9359980225563049,
                "_z": -1.103011965751648
            }
        },
        {
            "_id": 100012469,
            "_configId": 3014,
            "_roomId": 1,
            "_pos": {
                "_x": 4.8940510749816895,
                "_y": -0.06700079888105392,
                "_z": 9.136953353881836
            }
        }
    ]
}