{
    "sceneId": 1004,
    "bornPosList": [
        {
            "_id": 100000011,
            "_configId": 1648,
            "_roomId": 1,
            "_pos": {
                "_x": -8.66392707824707,
                "_y": -7.100837137841154e-06,
                "_z": 5.591423988342285
            },
            "_rot": {
                "_y": 87.10298156738281
            }
        },
        {
            "_id": 100000012,
            "_configId": 1649,
            "_roomId": 1,
            "_pos": {
                "_x": 8.741594314575195,
                "_y": -4.21592721977504e-06,
                "_z": -9.510652542114258
            },
            "_rot": {
                "_y": 271.455810546875
            }
        },
        {
            "_id": 100002144,
            "_configId": 1565,
            "_roomId": 100401,
            "_pos": {
                "_x": -31.783870697021484,
                "_y": -5.0,
                "_z": -13.97268009185791
            },
            "_rot": {
                "_y": 179.9813995361328
            }
        },
        {
            "_id": 100003018,
            "_configId": 1642,
            "_roomId": 100401,
            "_pos": {
                "_x": -14.879579544067383,
                "_y": -5.999999046325684,
                "_z": -19.67555046081543
            },
            "_rot": {
                "_y": 183.19960021972656
            }
        }
    ]
}