{
    "sceneId": 1060,
    "bornPosList": [
        {
            "id": 100008525,
            "configId": 3011,
            "roomId": 1,
            "pos": {
                "x": -1.303617000579834,
                "y": -0.06700079888105392,
                "z": 9.091230392456055
            },
            "rot": {
                "y": 108.09230041503906
            }
        },
        {
            "id": 100012468,
            "configId": 3009,
            "roomId": 1,
            "pos": {
                "x": 11.045760154724121,
                "y": 0.9359980225563049,
                "z": -1.103011965751648
            }
        },
        {
            "id": 100012469,
            "configId": 3014,
            "roomId": 1,
            "pos": {
                "x": 4.8940510749816895,
                "y": -0.06700079888105392,
                "z": 9.136953353881836
            }
        }
    ]
}