{
    "sceneId": 7,
    "bornPosList": [
        {
            "_id": 100018338,
            "_configId": 30108,
            "_roomId": 1,
            "_pos": {
                "_x": 298.0625915527344,
                "_y": 325.2838134765625,
                "_z": 316.10260009765625
            }
        }
    ]
}