{
    "sceneId": 1068,
    "bornPosList": [
        {
            "_id": 100000001,
            "_configId": 30116,
            "_roomId": 1,
            "_pos": {
                "_x": 4.465951919555664,
                "_y": 0.4097940921783447,
                "_z": -4.234192848205566
            }
        },
        {
            "_id": 100018153,
            "_configId": 30113,
            "_roomId": 1,
            "_pos": {
                "_x": -5.170499801635742,
                "_y": 0.4097942113876343,
                "_z": -4.706735134124756
            }
        },
        {
            "_id": 100018154,
            "_configId": 30115,
            "_roomId": 1,
            "_pos": {
                "_x": 3.503844976425171,
                "_y": 0.4097939133644104,
                "_z": -3.0823330879211426
            }
        },
        {
            "_id": 100018530,
            "_configId": 30114,
            "_roomId": 1,
            "_pos": {
                "_x": 4.111299991607666,
                "_y": -2.5580669671398937e-07,
                "_z": 1.5701299905776978
            },
            "_rot": {
                "_y": 270.0
            }
        }
    ]
}