{
    "GEFGGGFIPNP": 50053,
    "MMEANFBJAIL": [
        {
            "HPJKMHNHMJN": 1,
            "MLDMMJMBPKP": 80.0,
            "OMDGFIPNCBM": -30.0,
            "DDDLLFBHHJA": [
                {
                    "x": 18.351818084716797,
                    "y": 0.22427809238433838,
                    "z": -15.065202713012695
                },
                {
                    "x": -18.35445785522461,
                    "y": 0.23314440250396729,
                    "z": -15.112367630004883
                },
                {
                    "x": -18.379348754882812,
                    "y": 0.20645081996917725,
                    "z": 21.737489700317383
                },
                {
                    "x": 18.295242309570312,
                    "y": 0.20645606517791748,
                    "z": 21.724424362182617
                }
            ]
        }
    ]
}