{
    "MengDe_Ruins": {
        "name": "MengDeRuins",
        "priority": -99999,
        "shape": "CircleR75",
        "offset": {
            "x": 2355.39990234375,
            "y": 296.0,
            "z": -1735.800048828125
        }
    }
}