{
    "MengDe_Ruins": {
        "name": "MengDeRuins",
        "NJDDMHGDEMN": -99999,
        "shape": "CircleR75",
        "offset": {
            "_x": 2355.39990234375,
            "_y": 296.0,
            "_z": -1735.800048828125
        }
    }
}