{
    "MengDe_Ruins": {
        "EONPAHCMPOI": "MengDeRuins",
        "EPGBBIDENKO": -99999,
        "MCNOGNBMIDN": "CircleR75",
        "KFHPDJBPILF": {
            "_x": 2355.39990234375,
            "_y": 296.0,
            "_z": -1735.800048828125
        }
    }
}