{
    "JFAJHCDAPJP": {
        "1": {
            "$type": "OJNPIDGMMBH",
            "JHGKCNMFHHI": 70010002,
            "JLHNLMINEOL": {
                "x": 11.523451805114746,
                "y": -0.06700046360492706,
                "z": 5.319726943969727
            },
            "BABPJCCCMPA": {
                "x": -3114.179931640625,
                "y": 246.6551971435547,
                "z": -4384.91015625
            },
            "NCFCCHKIEGO": {
                "y": 73.33000183105469
            },
            "LBOPGJOHIKN": true,
            "LMFODLLJCNF": "",
            "IKGLHJNELGA": 3,
            "NLHHDFEMOAB": "UI_SCENE_ENTRY_EXIT_MULOU",
            "JEDHOHENEOG": {
                "x": 3.0,
                "y": 3.0,
                "z": 3.0
            },
            "JEHJBBGDGPL": 24.0
        }
    }
}