{
    "JFAJHCDAPJP": {
        "2": {
            "$type": "EEHBICBKION",
            "MNGKGJOEIJK": "TOWER",
            "JHGKCNMFHHI": 70120004,
            "JLHNLMINEOL": {
                "x": 29.955842971801758,
                "y": 0.8063673973083496,
                "z": -20.255746841430664
            },
            "LBOPGJOHIKN": true,
            "LMFODLLJCNF": "",
            "FNFALPACEID": {
                "x": 3.0,
                "y": 3.0,
                "z": 3.0
            }
        }
    }
}