{
    "JFAJHCDAPJP": {
        "1": {
            "$type": "OJNPIDGMMBH",
            "JHGKCNMFHHI": 70010002,
            "JLHNLMINEOL": {
                "x": -0.06326618790626526,
                "y": 0.3529999852180481,
                "z": 8.539406776428223
            },
            "BABPJCCCMPA": {
                "x": -584.969970703125,
                "y": 244.3000030517578,
                "z": 347.54998779296875
            },
            "NCFCCHKIEGO": {
                "y": 102.04000091552734
            },
            "LBOPGJOHIKN": true,
            "LMFODLLJCNF": "",
            "IKGLHJNELGA": 3,
            "NLHHDFEMOAB": "UI_SCENE_ENTRY_EXIT_BeiguoBank",
            "JEDHOHENEOG": {
                "x": 2.0,
                "y": 2.0,
                "z": 2.0
            },
            "JEHJBBGDGPL": 24.0
        }
    }
}