{
    "JFAJHCDAPJP": {
        "1": {
            "$type": "EEHBICBKION",
            "JHGKCNMFHHI": 70110002,
            "JLHNLMINEOL": {
                "x": -5.211000442504883,
                "y": 8.516427040100098,
                "z": -133.8499755859375
            },
            "LBOPGJOHIKN": true,
            "LMFODLLJCNF": "",
            "FNFALPACEID": {
                "x": 10.0,
                "y": 10.0,
                "z": 10.0
            }
        },
        "2": {
            "$type": "NBPMJOMGEBG",
            "JHGKCNMFHHI": 70120003,
            "JLHNLMINEOL": {
                "x": 0.5262327790260315,
                "y": 0.016559017822146416,
                "z": -9.037609100341797
            },
            "LBOPGJOHIKN": true,
            "LMFODLLJCNF": "",
            "FNFALPACEID": {
                "x": 36.08000183105469,
                "y": 12.850000381469727,
                "z": 6.230000019073486
            }
        }
    }
}