{
    "JFAJHCDAPJP": {
        "1": {
            "$type": "EEHBICBKION",
            "JHGKCNMFHHI": 70360297,
            "JLHNLMINEOL": {
                "x": 119.75773620605469,
                "y": -8.762720108032227,
                "z": -1.825437307357788
            },
            "NAKNKBEOHJG": {
                "y": 270.0
            },
            "BABPJCCCMPA": {
                "x": 305.36627197265625,
                "y": -3.1389966011047363,
                "z": 79.37376403808594
            },
            "LMFODLLJCNF": "",
            "FNFALPACEID": {
                "x": 5.0,
                "y": 5.0,
                "z": 5.0
            }
        },
        "2": {
            "$type": "EDDOADMFKKD",
            "JHGKCNMFHHI": 70010006,
            "JLHNLMINEOL": {
                "x": -112.23681640625,
                "y": 30.719985961914062,
                "z": 404.8717041015625
            },
            "NAKNKBEOHJG": {
                "y": 90.0
            },
            "BABPJCCCMPA": {
                "x": -113.9507064819336,
                "y": 30.719985961914062,
                "z": 406.1401672363281
            },
            "LBOPGJOHIKN": true,
            "LMFODLLJCNF": "",
            "FNFALPACEID": {
                "x": 8.0,
                "y": 8.0,
                "z": 8.0
            }
        },
        "3": {
            "$type": "EDDOADMFKKD",
            "JHGKCNMFHHI": 70010006,
            "JLHNLMINEOL": {
                "x": -18.54256248474121,
                "y": 30.719955444335938,
                "z": 410.0153503417969
            },
            "BABPJCCCMPA": {
                "x": -71.9081802368164,
                "y": 30.719985961914062,
                "z": 410.7159118652344
            },
            "LBOPGJOHIKN": true,
            "LMFODLLJCNF": "",
            "FNFALPACEID": {
                "x": 110.0,
                "y": 10.0,
                "z": 8.0
            }
        },
        "4": {
            "$type": "EDDOADMFKKD",
            "JHGKCNMFHHI": 70010006,
            "JLHNLMINEOL": {
                "x": -18.186996459960938,
                "y": 30.719955444335938,
                "z": 375.4943542480469
            },
            "BABPJCCCMPA": {
                "x": -18.186996459960938,
                "y": 30.719955444335938,
                "z": 380.73236083984375
            },
            "LBOPGJOHIKN": true,
            "LMFODLLJCNF": "",
            "FNFALPACEID": {
                "x": 110.0,
                "y": 10.0,
                "z": 10.0
            }
        },
        "5": {
            "$type": "EDDOADMFKKD",
            "JHGKCNMFHHI": 70010006,
            "JLHNLMINEOL": {
                "x": 4.905930519104004,
                "y": 20.719985961914062,
                "z": 306.0668029785156
            },
            "BABPJCCCMPA": {
                "x": 4.534221649169922,
                "y": 20.719985961914062,
                "z": 306.0668029785156
            },
            "LBOPGJOHIKN": true,
            "LMFODLLJCNF": "",
            "FNFALPACEID": {
                "x": 20.0,
                "y": 15.0,
                "z": 110.0
            }
        },
        "6": {
            "$type": "EDDOADMFKKD",
            "JHGKCNMFHHI": 70010006,
            "JLHNLMINEOL": {
                "x": -63.078834533691406,
                "y": 25.720001220703125,
                "z": 286.30047607421875
            },
            "BABPJCCCMPA": {
                "x": -63.078834533691406,
                "y": 25.720001220703125,
                "z": 286.30047607421875
            },
            "LBOPGJOHIKN": true,
            "LMFODLLJCNF": "",
            "FNFALPACEID": {
                "x": 120.0,
                "y": 20.0,
                "z": 30.0
            }
        }
    },
    "CJADLMKHEAK": {
        "1": {
            "$type": "EEPFPHOBDAD",
            "JHGKCNMFHHI": 70010006,
            "JLHNLMINEOL": {
                "x": -30.18828010559082,
                "y": -26.667354583740234,
                "z": 331.5592956542969
            },
            "BABPJCCCMPA": {
                "x": 6.0857086181640625,
                "y": -3.5182533264160156,
                "z": 6.182591915130615
            },
            "LBOPGJOHIKN": true,
            "LMFODLLJCNF": "",
            "MNIAJDNCKNB": "DeadRegion",
            "CAKDIBPBMBH": {
                "$type": "IBOOEPBPDKK",
                "JOLGIIECNFP": true,
                "KKFIKNJKGOE": 20.0,
                "HCAIGMDJLMK": "Center",
                "DPPNCNEMOOD": 196.0,
                "JCPKDKOCHDM": 196.0
            },
            "CGPEMLLDMID": ""
        },
        "2": {
            "$type": "EEPFPHOBDAD",
            "JHGKCNMFHHI": 70010006,
            "JLHNLMINEOL": {
                "x": 127.6592025756836,
                "y": -45.422882080078125,
                "z": 33.85332107543945
            },
            "BABPJCCCMPA": {
                "x": 127.65916442871094,
                "y": -13.811983108520508,
                "z": 10.441397666931152
            },
            "LBOPGJOHIKN": true,
            "LMFODLLJCNF": "",
            "CAKDIBPBMBH": {
                "$type": "IBOOEPBPDKK",
                "JOLGIIECNFP": true,
                "KKFIKNJKGOE": 10.0,
                "HCAIGMDJLMK": "Center",
                "DPPNCNEMOOD": 50.0,
                "JCPKDKOCHDM": 50.0
            },
            "CGPEMLLDMID": ""
        }
    }
}