{
    "JFAJHCDAPJP": {
        "2": {
            "$type": "EEHBICBKION",
            "JHGKCNMFHHI": 70120004,
            "JLHNLMINEOL": {
                "x": -76.44441223144531,
                "y": 279.61151123046875,
                "z": -193.1085968017578
            },
            "NAKNKBEOHJG": {
                "y": 40.48540115356445
            },
            "LBOPGJOHIKN": true,
            "LMFODLLJCNF": "",
            "FNFALPACEID": {
                "x": 3.0,
                "y": 3.0,
                "z": 3.0
            }
        },
        "3": {
            "$type": "NBPMJOMGEBG",
            "JHGKCNMFHHI": 70010006,
            "JLHNLMINEOL": {
                "x": 12.184880256652832,
                "y": 246.10000610351562,
                "z": -36.660789489746094
            },
            "NAKNKBEOHJG": {
                "y": 111.46870422363281
            },
            "LBOPGJOHIKN": true,
            "LMFODLLJCNF": "",
            "FNFALPACEID": {
                "x": 50.0,
                "y": 50.0,
                "z": 50.0
            }
        },
        "4": {
            "$type": "NBPMJOMGEBG",
            "JHGKCNMFHHI": 70010006,
            "JLHNLMINEOL": {
                "x": -23.00493049621582,
                "y": 246.13560485839844,
                "z": -56.567710876464844
            },
            "NAKNKBEOHJG": {
                "y": 212.98300170898438
            },
            "LBOPGJOHIKN": true,
            "LMFODLLJCNF": "",
            "FNFALPACEID": {
                "x": 50.0,
                "y": 50.0,
                "z": 50.0
            }
        },
        "5": {
            "$type": "NBPMJOMGEBG",
            "JHGKCNMFHHI": 70010006,
            "JLHNLMINEOL": {
                "x": -43.37117004394531,
                "y": 276.6767883300781,
                "z": -151.4506072998047
            },
            "NAKNKBEOHJG": {
                "y": 214.8175048828125
            },
            "LBOPGJOHIKN": true,
            "LMFODLLJCNF": "",
            "FNFALPACEID": {
                "x": 30.0,
                "y": 30.0,
                "z": 30.0
            }
        }
    }
}