{
    "JFAJHCDAPJP": {
        "1": {
            "$type": "EEHBICBKION",
            "JHGKCNMFHHI": 70120004,
            "JLHNLMINEOL": {
                "x": 191.46389770507812,
                "y": 58.91758728027344,
                "z": 399.7567138671875
            },
            "LBOPGJOHIKN": true,
            "LMFODLLJCNF": ""
        },
        "2": {
            "$type": "NBPMJOMGEBG",
            "JHGKCNMFHHI": 70120003,
            "JLHNLMINEOL": {
                "x": 203.2884979248047,
                "y": 58.47184753417969,
                "z": 351.1246032714844
            },
            "LBOPGJOHIKN": true,
            "LMFODLLJCNF": "",
            "FNFALPACEID": {
                "x": 60.0,
                "y": 15.0,
                "z": 10.0
            }
        },
        "3": {
            "$type": "NBPMJOMGEBG",
            "JHGKCNMFHHI": 70120003,
            "JLHNLMINEOL": {
                "x": 204.39944458007812,
                "y": 50.51634979248047,
                "z": 293.5312805175781
            },
            "LBOPGJOHIKN": true,
            "LMFODLLJCNF": "",
            "FNFALPACEID": {
                "x": 60.0,
                "y": 15.0,
                "z": 10.0
            }
        },
        "5": {
            "$type": "NBPMJOMGEBG",
            "JHGKCNMFHHI": 70120003,
            "JLHNLMINEOL": {
                "x": 64.48458862304688,
                "y": 39.51643371582031,
                "z": 113.37945556640625
            },
            "LBOPGJOHIKN": true,
            "LMFODLLJCNF": "",
            "FNFALPACEID": {
                "x": 20.0,
                "y": 15.0,
                "z": 20.0
            }
        }
    },
    "HGDHNEPDOGI": {
        "1": {
            "$type": "OAAFDINJIII",
            "JHGKCNMFHHI": 70610102,
            "JLHNLMINEOL": {
                "x": 188.43382263183594,
                "y": 23.796306610107422,
                "z": 201.4663848876953
            },
            "LMFODLLJCNF": "",
            "LNFMDHIMEPH": 10.0,
            "MEGCIDMLMMG": "Eff_Windfield_Stay",
            "BFMDDNOOPJE": "Eff_Windfield_Enter"
        },
        "2": {
            "$type": "OAAFDINJIII",
            "JHGKCNMFHHI": 70610102,
            "JLHNLMINEOL": {
                "x": 186.78665161132812,
                "y": 25.22278594970703,
                "z": 237.3766632080078
            },
            "LMFODLLJCNF": "",
            "LNFMDHIMEPH": 10.0,
            "MEGCIDMLMMG": "Eff_Windfield_Stay",
            "BFMDDNOOPJE": "Eff_Windfield_Enter"
        }
    },
    "CJADLMKHEAK": {
        "1": {
            "$type": "EEPFPHOBDAD",
            "JHGKCNMFHHI": 70010006,
            "JLHNLMINEOL": {
                "x": 72.70216369628906,
                "y": 3.3068313598632812,
                "z": 176.16415405273438
            },
            "LBOPGJOHIKN": true,
            "LMFODLLJCNF": "",
            "IHHBDJGHCDM": 500.0,
            "EBDCAELNBKO": true,
            "MNIAJDNCKNB": "DeadRegion",
            "CAKDIBPBMBH": {
                "$type": "IBOOEPBPDKK",
                "JOLGIIECNFP": true,
                "KKFIKNJKGOE": 50.0,
                "HCAIGMDJLMK": "Center",
                "DPPNCNEMOOD": 500.0,
                "JCPKDKOCHDM": 500.0
            },
            "CGPEMLLDMID": ""
        }
    }
}