{
    "JFAJHCDAPJP": {
        "1": {
            "$type": "EEHBICBKION",
            "JHGKCNMFHHI": 70120004,
            "JLHNLMINEOL": {
                "x": 0.24956783652305603,
                "y": 2.3126082737690012e-07,
                "z": -0.9242370128631592
            },
            "BABPJCCCMPA": {
                "x": -0.9024307727813721,
                "y": -1.57628178953928e-07,
                "z": 0.6299632787704468
            },
            "LBOPGJOHIKN": true,
            "LMFODLLJCNF": "",
            "FNFALPACEID": {
                "x": 5.0,
                "y": 5.0,
                "z": 5.0
            }
        }
    }
}