{
    "JFAJHCDAPJP": {
        "1": {
            "$type": "NBPMJOMGEBG",
            "JHGKCNMFHHI": 70120003,
            "JLHNLMINEOL": {
                "x": -109.54459381103516,
                "y": -37.482688903808594,
                "z": 61.715309143066406
            },
            "LBOPGJOHIKN": true,
            "LMFODLLJCNF": "",
            "FNFALPACEID": {
                "x": 20.0,
                "y": 10.0,
                "z": 30.0
            }
        },
        "2": {
            "$type": "EEHBICBKION",
            "JHGKCNMFHHI": 70120004,
            "JLHNLMINEOL": {
                "x": 139.79490661621094,
                "y": -92.4142837524414,
                "z": -201.19039916992188
            },
            "NAKNKBEOHJG": {
                "y": 271.0361328125
            },
            "LBOPGJOHIKN": true,
            "LMFODLLJCNF": "",
            "FNFALPACEID": {
                "x": 5.0,
                "y": 5.0,
                "z": 5.0
            }
        },
        "3": {
            "$type": "NBPMJOMGEBG",
            "JHGKCNMFHHI": 70120003,
            "JLHNLMINEOL": {
                "x": -64.81147766113281,
                "y": -67.74526977539062,
                "z": -95.06867980957031
            },
            "NAKNKBEOHJG": {
                "y": 90.0
            },
            "LBOPGJOHIKN": true,
            "LMFODLLJCNF": "",
            "FNFALPACEID": {
                "x": 40.0,
                "y": 10.0,
                "z": 20.0
            }
        },
        "4": {
            "$type": "NBPMJOMGEBG",
            "JHGKCNMFHHI": 70120003,
            "JLHNLMINEOL": {
                "x": -97.37194061279297,
                "y": -80.56694793701172,
                "z": -190.73471069335938
            },
            "NAKNKBEOHJG": {
                "y": 90.0
            },
            "LBOPGJOHIKN": true,
            "LMFODLLJCNF": "",
            "FNFALPACEID": {
                "x": 20.0,
                "y": 10.0,
                "z": 20.0
            }
        },
        "5": {
            "$type": "EDDOADMFKKD",
            "JHGKCNMFHHI": 70010006,
            "JLHNLMINEOL": {
                "x": 108.01000213623047,
                "y": -92.30342864990234,
                "z": -211.72940063476562
            },
            "NAKNKBEOHJG": {
                "y": 54.633296966552734
            },
            "LBOPGJOHIKN": true,
            "LMFODLLJCNF": "",
            "FNFALPACEID": {
                "x": 30.0,
                "y": 10.0,
                "z": 30.0
            }
        },
        "6": {
            "$type": "EDDOADMFKKD",
            "JHGKCNMFHHI": 70010006,
            "JLHNLMINEOL": {
                "x": -45.8973388671875,
                "y": -32.41558074951172,
                "z": 26.46742057800293
            },
            "NAKNKBEOHJG": {
                "y": 359.1877136230469
            },
            "LBOPGJOHIKN": true,
            "LMFODLLJCNF": "",
            "FNFALPACEID": {
                "x": 10.0,
                "y": 10.0,
                "z": 10.0
            }
        },
        "7": {
            "$type": "EDDOADMFKKD",
            "JHGKCNMFHHI": 70010006,
            "JLHNLMINEOL": {
                "x": -110.69490051269531,
                "y": -37.345680236816406,
                "z": 69.72505950927734
            },
            "NAKNKBEOHJG": {
                "y": 88.13069915771484
            },
            "LBOPGJOHIKN": true,
            "LMFODLLJCNF": "",
            "FNFALPACEID": {
                "x": 20.0,
                "y": 20.0,
                "z": 20.0
            }
        },
        "8": {
            "$type": "EDDOADMFKKD",
            "JHGKCNMFHHI": 70010006,
            "JLHNLMINEOL": {
                "x": -62.582698822021484,
                "y": -67.65986633300781,
                "z": -192.09860229492188
            },
            "NAKNKBEOHJG": {
                "y": 177.43519592285156
            },
            "LBOPGJOHIKN": true,
            "LMFODLLJCNF": "",
            "FNFALPACEID": {
                "x": 10.0,
                "y": 10.0,
                "z": 10.0
            }
        }
    },
    "HGDHNEPDOGI": {
        "1": {
            "$type": "OAAFDINJIII",
            "JHGKCNMFHHI": 70610102,
            "JLHNLMINEOL": {
                "x": -57.011295318603516,
                "y": -78.4053955078125,
                "z": -32.898983001708984
            },
            "LBOPGJOHIKN": true,
            "LMFODLLJCNF": "",
            "LNFMDHIMEPH": 8.0,
            "MEGCIDMLMMG": "Eff_Windfield_Stay",
            "BFMDDNOOPJE": "Eff_Windfield_Enter"
        }
    },
    "CJADLMKHEAK": {
        "1": {
            "$type": "EEPFPHOBDAD",
            "JHGKCNMFHHI": 70010006,
            "JLHNLMINEOL": {
                "x": -56.860469818115234,
                "y": -116.37226104736328,
                "z": 132.1154327392578
            },
            "LBOPGJOHIKN": true,
            "LMFODLLJCNF": "",
            "IHHBDJGHCDM": 500.0,
            "EBDCAELNBKO": true,
            "MNIAJDNCKNB": "NoReviveRegion",
            "CAKDIBPBMBH": {
                "$type": "IBOOEPBPDKK",
                "JOLGIIECNFP": true,
                "KKFIKNJKGOE": 2002.0,
                "HCAIGMDJLMK": "Center",
                "DPPNCNEMOOD": 100.0,
                "JCPKDKOCHDM": 50.0
            },
            "CGPEMLLDMID": ""
        },
        "10": {
            "$type": "EEPFPHOBDAD",
            "JHGKCNMFHHI": 70010006,
            "JLHNLMINEOL": {
                "x": 105.339599609375,
                "y": -89.89691162109375,
                "z": -36.40346908569336
            },
            "LBOPGJOHIKN": true,
            "LMFODLLJCNF": "",
            "IHHBDJGHCDM": 500.0,
            "EBDCAELNBKO": true,
            "MNIAJDNCKNB": "DeadRegion",
            "CAKDIBPBMBH": {
                "$type": "IBOOEPBPDKK",
                "JOLGIIECNFP": true,
                "KKFIKNJKGOE": 200.0,
                "HCAIGMDJLMK": "Center",
                "DPPNCNEMOOD": 200.0,
                "JCPKDKOCHDM": 250.0
            },
            "CGPEMLLDMID": ""
        },
        "11": {
            "$type": "EEPFPHOBDAD",
            "JHGKCNMFHHI": 70010006,
            "JLHNLMINEOL": {
                "x": 82.73174285888672,
                "y": 45.54658889770508,
                "z": -214.2631072998047
            },
            "LBOPGJOHIKN": true,
            "LMFODLLJCNF": "",
            "IHHBDJGHCDM": 500.0,
            "EBDCAELNBKO": true,
            "MNIAJDNCKNB": "DeadRegion",
            "CAKDIBPBMBH": {
                "$type": "IBOOEPBPDKK",
                "JOLGIIECNFP": true,
                "KKFIKNJKGOE": 200.0,
                "HCAIGMDJLMK": "Center",
                "DPPNCNEMOOD": 200.0,
                "JCPKDKOCHDM": 150.0
            },
            "CGPEMLLDMID": ""
        },
        "12": {
            "$type": "EEPFPHOBDAD",
            "JHGKCNMFHHI": 70010006,
            "JLHNLMINEOL": {
                "x": 31.356149673461914,
                "y": -80.28324127197266,
                "z": -163.14039611816406
            },
            "LBOPGJOHIKN": true,
            "LMFODLLJCNF": "",
            "IHHBDJGHCDM": 500.0,
            "EBDCAELNBKO": true,
            "MNIAJDNCKNB": "DeadRegion",
            "CAKDIBPBMBH": {
                "$type": "IBOOEPBPDKK",
                "JOLGIIECNFP": true,
                "KKFIKNJKGOE": 100.0,
                "HCAIGMDJLMK": "Center",
                "DPPNCNEMOOD": 100.0,
                "JCPKDKOCHDM": 50.0
            },
            "CGPEMLLDMID": ""
        },
        "13": {
            "$type": "EEPFPHOBDAD",