{
    "JFAJHCDAPJP": {
        "1": {
            "$type": "OJNPIDGMMBH",
            "JHGKCNMFHHI": 70010002,
            "EDNFEPIKANK": 3,
            "JLHNLMINEOL": {
                "x": 3.556246213065606e-07,
                "y": 0.006734664551913738,
                "z": 4.3406805992126465
            },
            "NAKNKBEOHJG": {
                "y": 180.0
            },
            "BABPJCCCMPA": {
                "x": 1769.614990234375,
                "y": 221.86300659179688,
                "z": -398.20001220703125
            },
            "NCFCCHKIEGO": {
                "y": 28.0
            },
            "LBOPGJOHIKN": true,
            "LMFODLLJCNF": "",
            "IKGLHJNELGA": 3,
            "NLHHDFEMOAB": "UI_SCENE_ENTRY_EXIT_CHATEAU",
            "JEDHOHENEOG": {
                "x": 3.0,
                "y": 3.0,
                "z": 3.0
            },
            "JEHJBBGDGPL": 24.0
        }
    }
}