{
    "JFAJHCDAPJP": {
        "1": {
            "$type": "EEHBICBKION",
            "JHGKCNMFHHI": 70120004,
            "JLHNLMINEOL": {
                "x": -0.09255535155534744,
                "y": 2.5093650817871094,
                "z": -56.60274887084961
            },
            "LBOPGJOHIKN": true,
            "LMFODLLJCNF": "",
            "FNFALPACEID": {
                "x": 2.0,
                "y": 2.0,
                "z": 2.0
            }
        }
    },
    "CJADLMKHEAK": {
        "1": {
            "$type": "EEPFPHOBDAD",
            "JHGKCNMFHHI": 70010006,
            "JLHNLMINEOL": {
                "x": -3.117553234100342,
                "y": -16.138608932495117,
                "z": -85.54316711425781
            },
            "BABPJCCCMPA": {
                "x": -3.117553234100342,
                "y": 0.0017449641600251198,
                "z": -12.171515464782715
            },
            "LBOPGJOHIKN": true,
            "LMFODLLJCNF": "",
            "MNIAJDNCKNB": "NoReviveRegion",
            "CAKDIBPBMBH": {
                "$type": "IBOOEPBPDKK",
                "JOLGIIECNFP": true,
                "KKFIKNJKGOE": 30.0,
                "DPPNCNEMOOD": 200.0,
                "JCPKDKOCHDM": 123.0
            },
            "CGPEMLLDMID": ""
        }
    }
}