{
    "JFAJHCDAPJP": {
        "1": {
            "$type": "EEHBICBKION",
            "JHGKCNMFHHI": 70010001,
            "JLHNLMINEOL": {
                "x": 79.40495300292969,
                "y": 18.522113800048828,
                "z": 650.5125732421875
            },
            "BABPJCCCMPA": {
                "x": 79.99976348876953,
                "y": 0.04999879002571106,
                "z": 700.0001831054688
            },
            "LMFODLLJCNF": "",
            "FNFALPACEID": {
                "x": 5.0,
                "y": 5.0,
                "z": 5.0
            }
        }
    }
}