{
    "JFAJHCDAPJP": {
        "1": {
            "$type": "EEHBICBKION",
            "JHGKCNMFHHI": 70120004,
            "JLHNLMINEOL": {
                "y": -56.257728576660156
            },
            "LBOPGJOHIKN": true,
            "LMFODLLJCNF": "",
            "FNFALPACEID": {
                "x": 5.0,
                "y": 5.0,
                "z": 5.0
            }
        },
        "2": {
            "$type": "EDDOADMFKKD",
            "JHGKCNMFHHI": 70010006,
            "JLHNLMINEOL": {
                "x": -0.07741788029670715,
                "y": -56.28150177001953,
                "z": 17.583900451660156
            },
            "LBOPGJOHIKN": true,
            "LMFODLLJCNF": "",
            "FNFALPACEID": {
                "x": 30.0,
                "y": 5.0,
                "z": 30.0
            },
            "FEPFHLBPEHC": [
                220034001
            ]
        },
        "3": {
            "$type": "NBPMJOMGEBG",
            "JHGKCNMFHHI": 70010006,
            "JLHNLMINEOL": {
                "x": -0.07205759733915329,
                "y": -56.281768798828125,
                "z": 18.235519409179688
            },
            "NAKNKBEOHJG": {
                "y": 180.0
            },
            "LBOPGJOHIKN": true,
            "LMFODLLJCNF": "",
            "FNFALPACEID": {
                "x": 30.0,
                "y": 5.0,
                "z": 30.0
            },
            "FEPFHLBPEHC": [
                220034001
            ]
        }
    }
}