{
    "JFAJHCDAPJP": {
        "1": {
            "$type": "EEHBICBKION",
            "JHGKCNMFHHI": 70010001,
            "JLHNLMINEOL": {
                "x": 12.884249687194824,
                "y": 7.322606086730957,
                "z": -62.268150329589844
            },
            "LBOPGJOHIKN": true,
            "LMFODLLJCNF": "",
            "FNFALPACEID": {
                "x": 3.0,
                "y": 3.0,
                "z": 3.0
            }
        }
    }
}