{
    "JFAJHCDAPJP": {
        "1": {
            "$type": "EEHBICBKION",
            "JHGKCNMFHHI": 70120004,
            "JLHNLMINEOL": {
                "x": -81.30722045898438,
                "y": 12.641644477844238,
                "z": 83.7333755493164
            },
            "BABPJCCCMPA": {
                "x": -81.30722045898438,
                "y": 12.641644477844238,
                "z": 83.7333755493164
            },
            "LMFODLLJCNF": "",
            "FNFALPACEID": {
                "x": 3.0,
                "y": 3.0,
                "z": 3.0
            }
        }
    }
}