{
    "JFAJHCDAPJP": {
        "1": {
            "$type": "OJNPIDGMMBH",
            "JHGKCNMFHHI": 70010002,
            "JLHNLMINEOL": {
                "x": 1.2077032327651978,
                "y": 0.1395227164030075,
                "z": -18.21258544921875
            },
            "BABPJCCCMPA": {
                "x": -4.25,
                "y": -0.30000001192092896,
                "z": 46.13999938964844
            },
            "NCFCCHKIEGO": {
                "y": 180.0
            },
            "LMFODLLJCNF": "",
            "IKGLHJNELGA": 1005,
            "NLHHDFEMOAB": "UI_SCENE_ENTRY_ENTER_BASEMENT",
            "JEDHOHENEOG": {
                "x": 3.0,
                "y": 3.0,
                "z": 3.0
            },
            "GCLGGJDNKOP": 18.0,
            "JEHJBBGDGPL": 6.0
        },
        "2": {
            "$type": "OJNPIDGMMBH",
            "JHGKCNMFHHI": 70010002,
            "JLHNLMINEOL": {
                "x": -0.09163284301757812,
                "y": 0.02499999850988388,
                "z": 46.42559814453125
            },
            "BABPJCCCMPA": {
                "x": 2354.251953125,
                "y": 260.4276123046875,
                "z": -687.0654296875
            },
            "NCFCCHKIEGO": {
                "y": 206.0
            },
            "LBOPGJOHIKN": true,
            "LMFODLLJCNF": "",
            "IKGLHJNELGA": 3,
            "NLHHDFEMOAB": "UI_SCENE_ENTRY_EXIT_CHURCH",
            "JEDHOHENEOG": {
                "x": 2.0,
                "y": 2.0,
                "z": 2.0
            },
            "JEHJBBGDGPL": 24.0
        }
    }
}