{
    "JFAJHCDAPJP": {
        "1": {
            "$type": "EEHBICBKION",
            "JHGKCNMFHHI": 70120004,
            "JLHNLMINEOL": {
                "x": 68.99080657958984,
                "y": 77.01000213623047,
                "z": -81.0947036743164
            },
            "BABPJCCCMPA": {
                "x": 37.614532470703125,
                "y": 77.01000213623047,
                "z": -81.0947036743164
            },
            "LMFODLLJCNF": "",
            "FNFALPACEID": {
                "x": 2.0,
                "y": 2.0,
                "z": 2.0
            }
        }
    }
}