{
    "JFAJHCDAPJP": {
        "1": {
            "$type": "EEHBICBKION",
            "JHGKCNMFHHI": 70120004,
            "JLHNLMINEOL": {
                "x": -67.54791259765625,
                "y": 279.6484069824219,
                "z": -181.9019012451172
            },
            "BABPJCCCMPA": {
                "x": -67.54791259765625,
                "y": 279.6484069824219,
                "z": -181.9019012451172
            },
            "LMFODLLJCNF": "",
            "FNFALPACEID": {
                "x": 5.0,
                "y": 5.0,
                "z": 5.0
            }
        }
    }
}