{
    "JFAJHCDAPJP": {
        "1": {
            "$type": "EEHBICBKION",
            "JHGKCNMFHHI": 70360001,
            "JLHNLMINEOL": {
                "x": 51.611297607421875,
                "y": 11.803229331970215,
                "z": -52.877960205078125
            },
            "BABPJCCCMPA": {
                "x": 8.2332763671875,
                "y": -7.100188255310059,
                "z": -50.177894592285156
            },
            "LBOPGJOHIKN": true,
            "LMFODLLJCNF": "",
            "FNFALPACEID": {
                "x": 1.0,
                "y": 1.0,
                "z": 1.0
            }
        }
    }
}