{
    "JFAJHCDAPJP": {
        "1": {
            "$type": "EEHBICBKION",
            "JHGKCNMFHHI": 70120004,
            "JLHNLMINEOL": {
                "x": -302.87701416015625,
                "y": 31.624820709228516,
                "z": 170.48959350585938
            },
            "NAKNKBEOHJG": {
                "y": 90.0
            },
            "LBOPGJOHIKN": true,
            "LMFODLLJCNF": "",
            "FNFALPACEID": {
                "x": 5.0,
                "y": 5.0,
                "z": 5.0
            }
        },
        "2": {
            "$type": "NBPMJOMGEBG",
            "JHGKCNMFHHI": 70120003,
            "JLHNLMINEOL": {
                "x": -184.18499755859375,
                "y": 25.284059524536133,
                "z": 151.7534942626953
            },
            "NAKNKBEOHJG": {
                "y": 270.0
            },
            "LBOPGJOHIKN": true,
            "LMFODLLJCNF": "",
            "FNFALPACEID": {
                "x": 10.0,
                "y": 5.0,
                "z": 30.0
            }
        },
        "3": {
            "$type": "NBPMJOMGEBG",
            "JHGKCNMFHHI": 70120003,
            "JLHNLMINEOL": {
                "x": -264.0281066894531,
                "y": 31.22433090209961,
                "z": 183.91749572753906
            },
            "NAKNKBEOHJG": {
                "y": 234.33367919921875
            },
            "LBOPGJOHIKN": true,
            "LMFODLLJCNF": "",
            "FNFALPACEID": {
                "x": 10.0,
                "y": 10.0,
                "z": 10.0
            }
        }
    },
    "CJADLMKHEAK": {
        "1": {
            "$type": "EEPFPHOBDAD",
            "JHGKCNMFHHI": 40000007,
            "JLHNLMINEOL": {
                "x": -124.13780212402344,
                "y": 9.879530906677246,
                "z": 43.738651275634766
            },
            "LBOPGJOHIKN": true,
            "LMFODLLJCNF": "",
            "IHHBDJGHCDM": 500.0,
            "EBDCAELNBKO": true,
            "MNIAJDNCKNB": "DeadRegion",
            "CAKDIBPBMBH": {
                "$type": "IBOOEPBPDKK",
                "JOLGIIECNFP": true,
                "KKFIKNJKGOE": 10.0,
                "HCAIGMDJLMK": "Center",
                "DPPNCNEMOOD": 100.0,
                "JCPKDKOCHDM": 100.0
            },
            "DEIENLIGGAF": 0.10000000149011612,
            "CGPEMLLDMID": ""
        },
        "10": {
            "$type": "EEPFPHOBDAD",
            "JHGKCNMFHHI": 40000007,
            "JLHNLMINEOL": {
                "x": -207.68246459960938,
                "y": 1.501047134399414,
                "z": 50.77288818359375
            },
            "LBOPGJOHIKN": true,
            "LMFODLLJCNF": "",
            "IHHBDJGHCDM": 500.0,
            "EBDCAELNBKO": true,
            "MNIAJDNCKNB": "NoReviveRegion",
            "CAKDIBPBMBH": {
                "$type": "IBOOEPBPDKK",
                "JOLGIIECNFP": true,
                "KKFIKNJKGOE": 36.75,
                "HCAIGMDJLMK": "Center",
                "DPPNCNEMOOD": 251.89999389648438,
                "JCPKDKOCHDM": 256.6000061035156
            },
            "CGPEMLLDMID": ""
        },
        "11": {
            "$type": "EEPFPHOBDAD",
            "JHGKCNMFHHI": 40000007,
            "JLHNLMINEOL": {
                "x": -140.5946807861328,
                "y": 21.570755004882812,
                "z": -23.198524475097656
            },
            "LBOPGJOHIKN": true,
            "LMFODLLJCNF": "",
            "IHHBDJGHCDM": 500.0,
            "EBDCAELNBKO": true,
            "MNIAJDNCKNB": "NoReviveRegion",
            "CAKDIBPBMBH": {
                "$type": "IBOOEPBPDKK",
                "JOLGIIECNFP": true,
                "KKFIKNJKGOE": 156.89999389648438,
                "HCAIGMDJLMK": "Center",
                "DPPNCNEMOOD": 153.39999389648438,
                "JCPKDKOCHDM": 82.30000305175781
            },
            "CGPEMLLDMID": ""
        },
        "12": {
            "$type": "EEPFPHOBDAD",
            "JHGKCNMFHHI": 40000007,
            "JLHNLMINEOL": {
                "x": 26.14183235168457,
                "y": 4.435791969299316,
                "z": -66.8480453491211
            },
            "LBOPGJOHIKN": true,
            "LMFODLLJCNF": "",
            "IHHBDJGHCDM": 500.0,
            "EBDCAELNBKO": true,
            "MNIAJDNCKNB": "NoReviveRegion",
            "CAKDIBPBMBH": {
                "$type": "IBOOEPBPDKK",
                "JOLGIIECNFP": true,
                "KKFIKNJKGOE": 156.89999389648438,
                "HCAIGMDJLMK": "Center",
                "DPPNCNEMOOD": 153.39999389648438,
                "JCPKDKOCHDM": 82.30000305175781
            },
            "CGPEMLLDMID": ""
        },
        "13": {
            "$type": "EEPFPHOBDAD",
            "JHGKCNMFHHI": 40000007,
            "JLHNLMINEOL": {
                "x": 11.242666244506836,
                "y": 4.46860408782959,
                "z": 64.82264709472656
            },
            "LBOPGJOHIKN": true,
            "LMFODLLJCNF": "",
            "IHHBDJGHCDM": 500.0,
            "EBDCAELNBKO": true,
            "MNIAJDNCKNB": "NoReviveRegion",
            "CAKDIBPBMBH": {
                "$type": "IBOOEPBPDKK",
                "JOLGIIECNFP": true,
                "KKFIKNJKGOE": 156.89999389648438,
                "HCAIGMDJLMK": "Center",
                "DPPNCNEMOOD": 153.39999389648438,
                "JCPKDKOCHDM": 82.30000305175781
            },
            "CGPEMLLDMID": ""
        },
        "14": {
            "$type": "EEPFPHOBDAD",
            "JHGKCNMFHHI": 40000007,
            "JLHNLMINEOL": {
                "x": 25.436952590942383,
                "y": -82.57981872558594,
                "z": 1.7550747394561768
            },
            "LBOPGJOHIKN": true,
            "LMFODLLJCNF": "",
            "IHHBDJGHCDM": 500.0,
            "EBDCAELNBKO": true,
            "MNIAJDNCKNB": "NoReviveRegion",
            "CAKDIBPBMBH": {
                "$type": "IBOOEPBPDKK",
                "JOLGIIECNFP": true,
                "KKFIKNJKGOE": 156.89999389648438,
                "HCAIGMDJLMK": "Center",
                "DPPNCNEMOOD": 161.1999969482422,
                "JCPKDKOCHDM": 191.39999389648438
            },
            "CGPEMLLDMID": ""
        },
        "15": {
            "$type": "EEPFPHOBDAD",
            "JHGKCNMFHHI": 40000007,
            "JLHNLMINEOL": {
                "x": -62.803321838378906,
                "y": 19.756790161132812,
                "z": 38.457210540771484
            },
            "LBOPGJOHIKN": true,
            "LMFODLLJCNF": "",
            "IHHBDJGHCDM": 500.0,
            "EBDCAELNBKO": true,
            "MNIAJDNCKNB": "ReturnRegion",
            "CAKDIBPBMBH": {
                "$type": "IBOOEPBPDKK",
                "JOLGIIECNFP": true,
                "KKFIKNJKGOE": 24.100000381469727,
                "HCAIGMDJLMK": "Center",
                "DPPNCNEMOOD": -17.399999618530273,
                "JCPKDKOCHDM": -9.699999809265137
            },
            "DEIENLIGGAF": 2.0,
            "CGPEMLLDMID": ""
        },
        "16": {
            "$type": "EEPFPHOBDAD",
            "JHGKCNMFHHI": 40000007,
            "JLHNLMINEOL": {
                "x": -56.91700744628906,
                "y": 16.914525985717773,
                "z": 49.31249237060547
            },
            "LBOPGJOHIKN": true,
            "LMFODLLJCNF": "",
            "IHHBDJGHCDM": 500.0,
            "EBDCAELNBKO": true,
            "MNIAJDNCKNB": "NoReviveRegion",
            "CAKDIBPBMBH": {
                "$type": "IBOOEPBPDKK",
                "JOLGIIECNFP": true,
                "KKFIKNJKGOE": 37.709999084472656,