{
    "JFAJHCDAPJP": {
        "1": {
            "$type": "EEHBICBKION",
            "JHGKCNMFHHI": 70120004,
            "JLHNLMINEOL": {
                "x": 343.16461181640625,
                "y": -12.74137020111084,
                "z": 258.210205078125
            },
            "LBOPGJOHIKN": true,
            "LMFODLLJCNF": ""
        }
    }
}