{
    "JFAJHCDAPJP": {
        "1": {
            "$type": "EEHBICBKION",
            "JHGKCNMFHHI": 70010001,
            "JLHNLMINEOL": {
                "x": 320.1210632324219,
                "y": 52.32286071777344,
                "z": 529.8572998046875
            },
            "BABPJCCCMPA": {
                "x": 320.1210632324219,
                "y": 52.32286071777344,
                "z": 529.8572998046875
            },
            "LMFODLLJCNF": "",
            "FNFALPACEID": {
                "x": 5.0,
                "y": 5.0,
                "z": 5.0
            }
        }
    }
}