{
    "JFAJHCDAPJP": {
        "1": {
            "$type": "OJNPIDGMMBH",
            "JHGKCNMFHHI": 70010002,
            "JLHNLMINEOL": {
                "x": -0.0005639790906570852,
                "y": 0.318528413772583,
                "z": 24.080190658569336
            },
            "NAKNKBEOHJG": {
                "y": 180.2100067138672
            },
            "BABPJCCCMPA": {
                "x": -833.3378295898438,
                "y": 465.8782043457031,
                "z": 448.53900146484375
            },
            "NCFCCHKIEGO": {
                "y": 126.30000305175781
            },
            "LBOPGJOHIKN": true,
            "LMFODLLJCNF": "",
            "IKGLHJNELGA": 3,
            "NLHHDFEMOAB": "UI_SCENE_ENTRY_EXIT_QUNYUGE",
            "JEDHOHENEOG": {
                "x": 2.0,
                "y": 2.0,
                "z": 2.0
            },
            "JEHJBBGDGPL": 24.0
        }
    }
}