{
    "JFAJHCDAPJP": {
        "1": {
            "$type": "EEHBICBKION",
            "JHGKCNMFHHI": 70010001,
            "JLHNLMINEOL": {
                "x": 80.0,
                "y": 44.57063293457031,
                "z": 509.9999084472656
            },
            "BABPJCCCMPA": {
                "x": 400.0,
                "y": 0.05000004172325134,
                "z": 620.0
            },
            "LMFODLLJCNF": "",
            "FNFALPACEID": {
                "x": 5.0,
                "y": 5.0,
                "z": 5.0
            }
        }
    }
}