{
    "JFAJHCDAPJP": {
        "1": {
            "$type": "EEHBICBKION",
            "JHGKCNMFHHI": 70120004,
            "JLHNLMINEOL": {
                "x": 343.12750244140625,
                "y": -11.507479667663574,
                "z": 237.66580200195312
            },
            "LBOPGJOHIKN": true,
            "LMFODLLJCNF": "",
            "FNFALPACEID": {
                "x": 5.0,
                "y": 5.0,
                "z": 5.0
            }
        },
        "2": {
            "$type": "EDDOADMFKKD",
            "JHGKCNMFHHI": 70010006,
            "NAKNKBEOHJG": {
                "y": 177.85325622558594
            },
            "BABPJCCCMPA": {
                "x": 343.282470703125,
                "y": -19.276832580566406,
                "z": 355.0052490234375
            },
            "NCFCCHKIEGO": {
                "y": 180.0
            },
            "LBOPGJOHIKN": true,
            "LMFODLLJCNF": "",
            "FNFALPACEID": {
                "x": 30.0,
                "y": 20.0,
                "z": 5.0
            }
        }
    },
    "CJADLMKHEAK": {
        "1": {
            "$type": "EEPFPHOBDAD",
            "JHGKCNMFHHI": 70010006,
            "JLHNLMINEOL": {
                "x": 342.94512939453125,
                "y": 0.2827320098876953,
                "z": 337.09405517578125
            },
            "BABPJCCCMPA": {
                "x": 343.2825012207031,
                "y": -19.276830673217773,
                "z": 355.00518798828125
            },
            "NCFCCHKIEGO": {
                "y": 180.0
            },
            "LBOPGJOHIKN": true,
            "LMFODLLJCNF": "",
            "EBDCAELNBKO": true,
            "MNIAJDNCKNB": "DeadRegion",
            "CAKDIBPBMBH": {
                "$type": "IBOOEPBPDKK",
                "JOLGIIECNFP": true,
                "KKFIKNJKGOE": 20.0,
                "HCAIGMDJLMK": "Center",
                "DPPNCNEMOOD": 50.0,
                "JCPKDKOCHDM": 50.0
            },
            "CGPEMLLDMID": ""
        }
    }
}