{
    "JFAJHCDAPJP": {
        "1": {
            "$type": "EEHBICBKION",
            "JHGKCNMFHHI": 70360297,
            "JLHNLMINEOL": {
                "x": 26.718006134033203,
                "y": 0.5,
                "z": -1.1186524629592896
            },
            "NAKNKBEOHJG": {
                "y": 270.0
            },
            "BABPJCCCMPA": {
                "x": 305.36627197265625,
                "y": -3.1389966011047363,
                "z": 79.37376403808594
            },
            "LMFODLLJCNF": "",
            "FNFALPACEID": {
                "x": 5.0,
                "y": 5.0,
                "z": 5.0
            }
        }
    },
    "CJADLMKHEAK": {
        "1": {
            "$type": "EEPFPHOBDAD",
            "JHGKCNMFHHI": 70010006,
            "JLHNLMINEOL": {
                "x": -30.188278198242188,
                "y": 5.264926910400391,
                "z": 331.5592956542969
            },
            "BABPJCCCMPA": {
                "x": 6.0857086181640625,
                "y": -3.5182533264160156,
                "z": 6.182591915130615
            },
            "LBOPGJOHIKN": true,
            "LMFODLLJCNF": "",
            "MNIAJDNCKNB": "DeadRegion",
            "CAKDIBPBMBH": {
                "$type": "IBOOEPBPDKK",
                "JOLGIIECNFP": true,
                "KKFIKNJKGOE": 20.0,
                "HCAIGMDJLMK": "Center",
                "DPPNCNEMOOD": 196.0,
                "JCPKDKOCHDM": 196.0
            },
            "CGPEMLLDMID": ""
        },
        "2": {
            "$type": "EEPFPHOBDAD",
            "JHGKCNMFHHI": 70010006,
            "JLHNLMINEOL": {
                "x": 127.65916442871094,
                "y": -6.458803176879883,
                "z": 33.85332489013672
            },
            "BABPJCCCMPA": {
                "x": 127.65916442871094,
                "y": -13.811983108520508,
                "z": 10.441397666931152
            },
            "LBOPGJOHIKN": true,
            "LMFODLLJCNF": "",
            "CAKDIBPBMBH": {
                "$type": "IBOOEPBPDKK",
                "JOLGIIECNFP": true,
                "KKFIKNJKGOE": 10.0,
                "HCAIGMDJLMK": "Center",
                "DPPNCNEMOOD": 50.0,
                "JCPKDKOCHDM": 50.0
            },
            "CGPEMLLDMID": ""
        }
    }
}