{
    "JFAJHCDAPJP": {
        "1": {
            "$type": "EEHBICBKION",
            "JHGKCNMFHHI": 70120004,
            "JLHNLMINEOL": {
                "x": 0.2565161883831024,
                "y": 2.939368963241577,
                "z": -79.75187683105469
            },
            "LBOPGJOHIKN": true,
            "LMFODLLJCNF": ""
        }
    }
}