{
    "JFAJHCDAPJP": {
        "1": {
            "$type": "EEHBICBKION",
            "JHGKCNMFHHI": 70120004,
            "JLHNLMINEOL": {
                "x": 0.21042048931121826,
                "y": 2.9330859184265137,
                "z": -80.04068756103516
            },
            "LBOPGJOHIKN": true,
            "LMFODLLJCNF": "",
            "FNFALPACEID": {
                "x": 5.0,
                "y": 5.0,
                "z": 5.0
            }
        }
    }
}