{
    "JFAJHCDAPJP": {
        "1": {
            "$type": "NBPMJOMGEBG",
            "JHGKCNMFHHI": 70120003,
            "JLHNLMINEOL": {
                "x": -8.236732482910156,
                "y": 47.01625442504883,
                "z": 53.4764404296875
            },
            "NAKNKBEOHJG": {
                "y": 90.0
            },
            "LBOPGJOHIKN": true,
            "LMFODLLJCNF": "",
            "FNFALPACEID": {
                "x": 38.79999923706055,
                "y": 5.0,
                "z": 26.799999237060547
            },
            "FEPFHLBPEHC": [
                220012003
            ]
        },
        "2": {
            "$type": "NBPMJOMGEBG",
            "JHGKCNMFHHI": 70120003,
            "JLHNLMINEOL": {
                "x": 72.32637023925781,
                "y": 39.48112106323242,
                "z": 113.85047149658203
            },
            "NAKNKBEOHJG": {
                "y": 90.0
            },
            "LBOPGJOHIKN": true,
            "LMFODLLJCNF": "",
            "FNFALPACEID": {
                "x": 13.0,
                "y": 20.0,
                "z": 30.0
            },
            "FEPFHLBPEHC": [
                220012005
            ]
        },
        "3": {
            "$type": "NBPMJOMGEBG",
            "JHGKCNMFHHI": 70120003,
            "JLHNLMINEOL": {
                "x": 178.64613342285156,
                "y": 50.51649475097656,
                "z": 287.3958740234375
            },
            "NAKNKBEOHJG": {
                "y": 180.0
            },
            "LBOPGJOHIKN": true,
            "LMFODLLJCNF": "",
            "FNFALPACEID": {
                "x": 49.20000076293945,
                "y": 13.390000343322754,
                "z": 47.209999084472656
            },
            "FEPFHLBPEHC": [
                220012007
            ]
        },
        "4": {
            "$type": "EEHBICBKION",
            "JHGKCNMFHHI": 70120004,
            "JLHNLMINEOL": {
                "x": 191.51022338867188,
                "y": 59.15999984741211,
                "z": 399.6542663574219
            },
            "LBOPGJOHIKN": true,
            "LMFODLLJCNF": "",
            "FNFALPACEID": {
                "x": 5.0,
                "y": 5.0,
                "z": 5.0
            }
        }
    },
    "CJADLMKHEAK": {
        "1": {
            "$type": "EEPFPHOBDAD",
            "JHGKCNMFHHI": 70010006,
            "JLHNLMINEOL": {
                "x": 194.5571746826172,
                "y": 24.299999237060547,
                "z": 177.75689697265625
            },
            "LBOPGJOHIKN": true,
            "LMFODLLJCNF": "",
            "MNIAJDNCKNB": "DeadRegion",
            "CAKDIBPBMBH": {
                "$type": "IBOOEPBPDKK",
                "JOLGIIECNFP": true,
                "KKFIKNJKGOE": 10.0,
                "HCAIGMDJLMK": "Center",
                "DPPNCNEMOOD": 500.0,
                "JCPKDKOCHDM": 500.0
            },
            "CGPEMLLDMID": ""
        },
        "2": {
            "$type": "EEPFPHOBDAD",
            "JHGKCNMFHHI": 70010006,
            "JLHNLMINEOL": {
                "x": 41.400001525878906,
                "y": 45.0,
                "z": 41.17197799682617
            },
            "LBOPGJOHIKN": true,
            "LMFODLLJCNF": "",
            "MNIAJDNCKNB": "DeadRegion",
            "CAKDIBPBMBH": {
                "$type": "IBOOEPBPDKK",
                "JOLGIIECNFP": true,
                "KKFIKNJKGOE": 5.0,
                "HCAIGMDJLMK": "Center",
                "DPPNCNEMOOD": 40.0,
                "JCPKDKOCHDM": 60.0
            },
            "CGPEMLLDMID": ""
        }
    }
}