{
    "JFAJHCDAPJP": {
        "2": {
            "$type": "NBPMJOMGEBG",
            "JHGKCNMFHHI": 70120003,
            "JLHNLMINEOL": {
                "x": -81.67771911621094,
                "y": -8.112738609313965,
                "z": 95.71053314208984
            },
            "LBOPGJOHIKN": true,
            "LMFODLLJCNF": "",
            "FNFALPACEID": {
                "x": 20.0,
                "y": 5.0,
                "z": 15.0
            }
        },
        "3": {
            "$type": "NBPMJOMGEBG",
            "JHGKCNMFHHI": 70120003,
            "JLHNLMINEOL": {
                "x": -109.8051986694336,
                "y": -12.578749656677246,
                "z": 131.9980926513672
            },
            "NAKNKBEOHJG": {
                "y": 268.2841796875
            },
            "LBOPGJOHIKN": true,
            "LMFODLLJCNF": "",
            "FNFALPACEID": {
                "x": 25.0,
                "y": 15.0,
                "z": 6.0
            }
        },
        "4": {
            "$type": "NBPMJOMGEBG",
            "JHGKCNMFHHI": 70120003,
            "JLHNLMINEOL": {
                "x": -151.84226989746094,
                "y": 14.516448020935059,
                "z": 67.61869049072266
            },
            "NAKNKBEOHJG": {
                "y": 90.0
            },
            "LBOPGJOHIKN": true,
            "LMFODLLJCNF": "",
            "FNFALPACEID": {
                "x": 20.0,
                "y": 10.0,
                "z": 10.0
            }
        },
        "5": {
            "$type": "EEHBICBKION",
            "JHGKCNMFHHI": 70120004,
            "JLHNLMINEOL": {
                "x": -142.28500366210938,
                "y": 18.016420364379883,
                "z": 39.90011978149414
            },
            "LBOPGJOHIKN": true,
            "LMFODLLJCNF": "",
            "FNFALPACEID": {
                "x": 5.0,
                "y": 5.0,
                "z": 5.0
            }
        }
    },
    "CJADLMKHEAK": {
        "26": {
            "$type": "EEPFPHOBDAD",
            "JHGKCNMFHHI": 70010006,
            "JLHNLMINEOL": {
                "x": -108.69999694824219,
                "y": 3.299999952316284,
                "z": 34.900001525878906
            },
            "LBOPGJOHIKN": true,
            "LMFODLLJCNF": "",
            "MNIAJDNCKNB": "ReturnRegion",
            "CAKDIBPBMBH": {
                "$type": "IBOOEPBPDKK",
                "JOLGIIECNFP": true,
                "KKFIKNJKGOE": 100.0,
                "HCAIGMDJLMK": "Center",
                "DPPNCNEMOOD": 5.0,
                "JCPKDKOCHDM": 150.0
            },
            "DEIENLIGGAF": 15.0,
            "CGPEMLLDMID": ""
        },
        "27": {
            "$type": "EEPFPHOBDAD",
            "JHGKCNMFHHI": 70010006,
            "JLHNLMINEOL": {
                "x": -186.8000030517578,
                "y": -12.427510261535645,
                "z": 48.400001525878906
            },
            "LBOPGJOHIKN": true,
            "LMFODLLJCNF": "",
            "MNIAJDNCKNB": "ReturnRegion",
            "CAKDIBPBMBH": {
                "$type": "IBOOEPBPDKK",
                "JOLGIIECNFP": true,
                "KKFIKNJKGOE": 200.0,
                "HCAIGMDJLMK": "Center",
                "DPPNCNEMOOD": 5.0,
                "JCPKDKOCHDM": 300.0
            },
            "DEIENLIGGAF": 15.0,
            "CGPEMLLDMID": ""
        },
        "28": {
            "$type": "EEPFPHOBDAD",
            "JHGKCNMFHHI": 70010006,
            "JLHNLMINEOL": {
                "x": -85.19999694824219,
                "y": -15.483489990234375,
                "z": 163.8000030517578
            },
            "LBOPGJOHIKN": true,
            "LMFODLLJCNF": "",
            "MNIAJDNCKNB": "ReturnRegion",
            "CAKDIBPBMBH": {
                "$type": "IBOOEPBPDKK",
                "JOLGIIECNFP": true,
                "KKFIKNJKGOE": 200.0,
                "HCAIGMDJLMK": "Center",
                "DPPNCNEMOOD": 200.0,
                "JCPKDKOCHDM": 5.0
            },
            "DEIENLIGGAF": 15.0,
            "CGPEMLLDMID": ""
        },
        "29": {
            "$type": "EEPFPHOBDAD",
            "JHGKCNMFHHI": 70010006,
            "JLHNLMINEOL": {
                "x": 3.0,
                "y": -8.000478744506836,
                "z": 97.28019714355469
            },
            "LBOPGJOHIKN": true,
            "LMFODLLJCNF": "",
            "MNIAJDNCKNB": "ReturnRegion",
            "CAKDIBPBMBH": {
                "$type": "IBOOEPBPDKK",
                "JOLGIIECNFP": true,
                "KKFIKNJKGOE": 200.0,
                "HCAIGMDJLMK": "Center",
                "DPPNCNEMOOD": 20.0,
                "JCPKDKOCHDM": 200.0
            },
            "DEIENLIGGAF": 15.0,
            "CGPEMLLDMID": ""
        },
        "30": {
            "$type": "EEPFPHOBDAD",
            "JHGKCNMFHHI": 70010006,
            "JLHNLMINEOL": {
                "x": -153.60000610351562,
                "y": 18.016380310058594,
                "z": 11.630000114440918
            },
            "LBOPGJOHIKN": true,
            "LMFODLLJCNF": "",
            "MNIAJDNCKNB": "ReturnRegion",
            "CAKDIBPBMBH": {
                "$type": "IBOOEPBPDKK",
                "JOLGIIECNFP": true,
                "KKFIKNJKGOE": 200.0,
                "HCAIGMDJLMK": "Center",
                "DPPNCNEMOOD": 100.0,
                "JCPKDKOCHDM": 5.0
            },
            "DEIENLIGGAF": 15.0,
            "CGPEMLLDMID": ""
        },
        "31": {
            "$type": "EEPFPHOBDAD",
            "JHGKCNMFHHI": 70010006,
            "JLHNLMINEOL": {
                "x": -39.79999923706055,
                "y": -7.983790874481201,
                "z": 50.81999969482422
            },
            "LBOPGJOHIKN": true,
            "LMFODLLJCNF": "",
            "MNIAJDNCKNB": "ReturnRegion",
            "CAKDIBPBMBH": {
                "$type": "IBOOEPBPDKK",
                "JOLGIIECNFP": true,
                "KKFIKNJKGOE": 200.0,
                "HCAIGMDJLMK": "Center",
                "DPPNCNEMOOD": 150.0,
                "JCPKDKOCHDM": 5.0
            },
            "DEIENLIGGAF": 15.0,
            "CGPEMLLDMID": ""
        },
        "32": {
            "$type": "EEPFPHOBDAD",
            "JHGKCNMFHHI": 70010006,
            "JLHNLMINEOL": {
                "x": -66.82833099365234,
                "y": -11.05642318725586,
                "z": 113.32364654541016
            },
            "LBOPGJOHIKN": true,
            "LMFODLLJCNF": "",
            "IHHBDJGHCDM": 500.0,
            "EBDCAELNBKO": true,
            "MNIAJDNCKNB": "Teleport",
            "CAKDIBPBMBH": {
                "$type": "IBOOEPBPDKK",
                "JOLGIIECNFP": true,
                "KKFIKNJKGOE": 2.0,
                "HCAIGMDJLMK": "Center",
                "DPPNCNEMOOD": 3.990000009536743,
                "JCPKDKOCHDM": 27.200000762939453
            },
            "OLPGHGHNFMA": {
                "x": -63.70000076293945,
                "y": -6.599999904632568,
                "z": 95.26000213623047
            },
            "DEIENLIGGAF": -90.0,
            "CGPEMLLDMID": ""
        },
        "34": {
            "$type": "EEPFPHOBDAD",
            "JHGKCNMFHHI": 70010006,
            "JLHNLMINEOL": {
                "x": -152.34317016601562,
                "y": -19.038158416748047,
                "z": 35.3146858215332
            },
            "LBOPGJOHIKN": true,
            "LMFODLLJCNF": "",
            "MNIAJDNCKNB": "DeadRegion",
            "CAKDIBPBMBH": {
                "$type": "IBOOEPBPDKK",
                "JOLGIIECNFP": true,
                "KKFIKNJKGOE": 48.959999084472656,