{
    "JFAJHCDAPJP": {
        "1": {
            "$type": "EEHBICBKION",
            "JHGKCNMFHHI": 70120004,
            "JLHNLMINEOL": {
                "x": -0.11327362060546875,
                "y": 514.5,
                "z": -56.6573486328125
            },
            "LBOPGJOHIKN": true,
            "LMFODLLJCNF": "",
            "FNFALPACEID": {
                "x": 2.0,
                "y": 2.0,
                "z": 2.0
            }
        }
    },
    "CJADLMKHEAK": {
        "1": {
            "$type": "EEPFPHOBDAD",
            "JHGKCNMFHHI": 70010006,
            "JLHNLMINEOL": {
                "x": -3.1175529956817627,
                "y": 486.3553466796875,
                "z": 89.28351593017578
            },
            "BABPJCCCMPA": {
                "x": -3.117553234100342,
                "y": 0.0017449641600251198,
                "z": -12.171515464782715
            },
            "LBOPGJOHIKN": true,
            "LMFODLLJCNF": "",
            "IHHBDJGHCDM": 200.0,
            "MNIAJDNCKNB": "DeadRegion",
            "CAKDIBPBMBH": {
                "$type": "IBOOEPBPDKK",
                "JOLGIIECNFP": true,
                "KKFIKNJKGOE": 30.0,
                "HCAIGMDJLMK": "Center",
                "DPPNCNEMOOD": 200.0,
                "JCPKDKOCHDM": 123.0
            },
            "CGPEMLLDMID": ""
        },
        "2": {
            "$type": "EEPFPHOBDAD",
            "JHGKCNMFHHI": 70010006,
            "JLHNLMINEOL": {
                "x": 154.173828125,
                "y": 530.8079833984375,
                "z": 0.8240776062011719
            },
            "BABPJCCCMPA": {
                "x": -3.117553234100342,
                "y": 0.0017449641600251198,
                "z": -12.171515464782715
            },
            "LBOPGJOHIKN": true,
            "LMFODLLJCNF": "",
            "IHHBDJGHCDM": 200.0,
            "MNIAJDNCKNB": "DeadRegion",
            "CAKDIBPBMBH": {
                "$type": "IBOOEPBPDKK",
                "JOLGIIECNFP": true,
                "KKFIKNJKGOE": 40.0,
                "HCAIGMDJLMK": "Center",
                "DPPNCNEMOOD": 200.0,
                "JCPKDKOCHDM": 123.0
            },
            "CGPEMLLDMID": ""
        },
        "3": {
            "$type": "EEPFPHOBDAD",
            "JHGKCNMFHHI": 70010006,
            "JLHNLMINEOL": {
                "x": -131.47705078125,
                "y": 522.7211303710938,
                "z": -84.25276184082031
            },
            "BABPJCCCMPA": {
                "x": -3.117553234100342,
                "y": 0.0017449641600251198,
                "z": -12.171515464782715
            },
            "LBOPGJOHIKN": true,
            "LMFODLLJCNF": "",
            "IHHBDJGHCDM": 200.0,
            "MNIAJDNCKNB": "DeadRegion",
            "CAKDIBPBMBH": {
                "$type": "IBOOEPBPDKK",
                "JOLGIIECNFP": true,
                "KKFIKNJKGOE": 30.0,
                "HCAIGMDJLMK": "Center",
                "DPPNCNEMOOD": 200.0,
                "JCPKDKOCHDM": 123.0
            },
            "CGPEMLLDMID": ""
        },
        "4": {
            "$type": "EEPFPHOBDAD",
            "JHGKCNMFHHI": 70010006,
            "JLHNLMINEOL": {
                "x": -3.1175529956817627,
                "y": 494.9701843261719,
                "z": -22.45940399169922
            },
            "BABPJCCCMPA": {
                "x": -3.117553234100342,
                "y": 0.0017449641600251198,
                "z": -12.171515464782715
            },
            "LBOPGJOHIKN": true,
            "LMFODLLJCNF": "",
            "IHHBDJGHCDM": 200.0,
            "MNIAJDNCKNB": "DeadRegion",
            "CAKDIBPBMBH": {
                "$type": "IBOOEPBPDKK",
                "JOLGIIECNFP": true,
                "KKFIKNJKGOE": 30.0,
                "HCAIGMDJLMK": "Center",
                "DPPNCNEMOOD": 200.0,
                "JCPKDKOCHDM": 123.0
            },
            "CGPEMLLDMID": ""
        }
    }
}