{
    "JFAJHCDAPJP": {
        "1": {
            "$type": "EEHBICBKION",
            "JHGKCNMFHHI": 70120004,
            "JLHNLMINEOL": {
                "x": 343.2304992675781,
                "y": -11.512829780578613,
                "z": 237.74459838867188
            },
            "LBOPGJOHIKN": true,
            "LMFODLLJCNF": "",
            "FNFALPACEID": {
                "x": 5.0,
                "y": 5.0,
                "z": 5.0
            }
        },
        "2": {
            "$type": "EDDOADMFKKD",
            "JHGKCNMFHHI": 70010006,
            "JLHNLMINEOL": {
                "x": 343.2794494628906,
                "y": -19.27631950378418,
                "z": 356.497802734375
            },
            "NAKNKBEOHJG": {
                "y": 180.3465576171875
            },
            "BABPJCCCMPA": {
                "x": 343.2793884277344,
                "y": -19.276317596435547,
                "z": 356.497802734375
            },
            "NCFCCHKIEGO": {
                "y": 180.0
            },
            "LBOPGJOHIKN": true,
            "LMFODLLJCNF": "",
            "FNFALPACEID": {
                "x": 30.0,
                "y": 20.0,
                "z": 5.0
            }
        }
    },
    "CJADLMKHEAK": {
        "1": {
            "$type": "EEPFPHOBDAD",
            "JHGKCNMFHHI": 70010006,
            "JLHNLMINEOL": {
                "x": 343.3409729003906,
                "y": 0.3854789733886719,
                "z": 341.6822509765625
            },
            "BABPJCCCMPA": {
                "x": 343.2793884277344,
                "y": -19.27631950378418,
                "z": 356.497802734375
            },
            "NCFCCHKIEGO": {
                "y": 180.0
            },
            "LBOPGJOHIKN": true,
            "LMFODLLJCNF": "",
            "EBDCAELNBKO": true,
            "MNIAJDNCKNB": "DeadRegion",
            "CAKDIBPBMBH": {
                "$type": "IBOOEPBPDKK",
                "JOLGIIECNFP": true,
                "KKFIKNJKGOE": 20.0,
                "HCAIGMDJLMK": "Center",
                "DPPNCNEMOOD": 50.0,
                "JCPKDKOCHDM": 50.0
            },
            "CGPEMLLDMID": ""
        }
    }
}