{
    "JFAJHCDAPJP": {
        "1": {
            "$type": "EEHBICBKION",
            "JHGKCNMFHHI": 70120004,
            "JLHNLMINEOL": {
                "x": 514.7664794921875,
                "y": 74.15381622314453,
                "z": 444.1798095703125
            },
            "LBOPGJOHIKN": true,
            "LMFODLLJCNF": "",
            "FNFALPACEID": {
                "x": 5.0,
                "y": 5.0,
                "z": 5.0
            }
        }
    }
}