{
    "JFAJHCDAPJP": {
        "1": {
            "$type": "EEHBICBKION",
            "JHGKCNMFHHI": 70120004,
            "JLHNLMINEOL": {
                "x": 2.2067435168082739e-07,
                "z": 1.3242204189300537
            },
            "NAKNKBEOHJG": {
                "y": 180.0
            },
            "BABPJCCCMPA": {
                "x": -0.12527655065059662,
                "y": 0.7367250919342041,
                "z": 12.825610160827637
            },
            "LMFODLLJCNF": "",
            "FNFALPACEID": {
                "x": 3.0,
                "y": 3.0,
                "z": 3.0
            }
        }
    }
}