{
    "JFAJHCDAPJP": {
        "1": {
            "$type": "NBPMJOMGEBG",
            "JHGKCNMFHHI": 70120003,
            "JLHNLMINEOL": {
                "x": 330.5748596191406,
                "y": -28.983539581298828,
                "z": 440.0135192871094
            },
            "NAKNKBEOHJG": {
                "y": 90.0
            },
            "LBOPGJOHIKN": true,
            "LMFODLLJCNF": "",
            "FNFALPACEID": {
                "x": 40.0,
                "y": 10.0,
                "z": 20.0
            }
        },
        "2": {
            "$type": "EEHBICBKION",
            "JHGKCNMFHHI": 70120004,
            "JLHNLMINEOL": {
                "x": 342.6368103027344,
                "y": -19.27675437927246,
                "z": 331.2587585449219
            },
            "LBOPGJOHIKN": true,
            "LMFODLLJCNF": "",
            "FNFALPACEID": {
                "x": 4.0,
                "y": 4.0,
                "z": 4.0
            }
        },
        "3": {
            "$type": "NBPMJOMGEBG",
            "JHGKCNMFHHI": 70120003,
            "JLHNLMINEOL": {
                "x": 354.291748046875,
                "y": -18.85338020324707,
                "z": 364.0289001464844
            },
            "NAKNKBEOHJG": {
                "y": 270.0
            },
            "LBOPGJOHIKN": true,
            "LMFODLLJCNF": "",
            "FNFALPACEID": {
                "x": 20.0,
                "y": 10.0,
                "z": 40.0
            }
        },
        "4": {
            "$type": "EDDOADMFKKD",
            "JHGKCNMFHHI": 70010006,
            "JLHNLMINEOL": {
                "x": 343.02069091796875,
                "y": -28.983810424804688,
                "z": 437.4424133300781
            },
            "NAKNKBEOHJG": {
                "y": 356.0685119628906
            },
            "LBOPGJOHIKN": true,
            "LMFODLLJCNF": "",
            "FNFALPACEID": {
                "x": 20.0,
                "y": 20.0,
                "z": 20.0
            }
        },
        "5": {
            "$type": "EDDOADMFKKD",
            "JHGKCNMFHHI": 70010006,
            "JLHNLMINEOL": {
                "x": 341.59381103515625,
                "y": -18.87342071533203,
                "z": 363.58599853515625
            },
            "NAKNKBEOHJG": {
                "y": 357.5635986328125
            },
            "LBOPGJOHIKN": true,
            "LMFODLLJCNF": "",
            "FNFALPACEID": {
                "x": 20.0,
                "y": 20.0,
                "z": 20.0
            }
        }
    },
    "CJADLMKHEAK": {
        "1": {
            "$type": "EEPFPHOBDAD",
            "JHGKCNMFHHI": 70010006,
            "JLHNLMINEOL": {
                "x": 338.5546569824219,
                "y": 15.208826065063477,
                "z": 359.4695739746094
            },
            "BABPJCCCMPA": {
                "x": 338.5546569824219,
                "y": -6.142026424407959,
                "z": 373.42779541015625
            },
            "LBOPGJOHIKN": true,
            "LMFODLLJCNF": "",
            "MNIAJDNCKNB": "DeadRegion",
            "CAKDIBPBMBH": {
                "$type": "IBOOEPBPDKK",
                "JOLGIIECNFP": true,
                "KKFIKNJKGOE": 50.0,
                "DPPNCNEMOOD": 80.0,
                "JCPKDKOCHDM": 50.0
            },
            "CGPEMLLDMID": ""
        },
        "2": {
            "$type": "EEPFPHOBDAD",
            "JHGKCNMFHHI": 70010006,
            "JLHNLMINEOL": {
                "x": 312.3173522949219,
                "y": 0.5117164850234985,
                "z": 312.15399169921875
            },
            "BABPJCCCMPA": {
                "x": 320.0381164550781,
                "y": 0.5117164850234985,
                "z": 336.674072265625
            },
            "LBOPGJOHIKN": true,
            "LMFODLLJCNF": "",
            "MNIAJDNCKNB": "DeadRegion",
            "CAKDIBPBMBH": {
                "$type": "IBOOEPBPDKK",
                "JOLGIIECNFP": true,
                "KKFIKNJKGOE": 30.0,
                "DPPNCNEMOOD": 30.0,
                "JCPKDKOCHDM": 60.0
            },
            "CGPEMLLDMID": ""
        },
        "3": {
            "$type": "EEPFPHOBDAD",
            "JHGKCNMFHHI": 70010006,
            "JLHNLMINEOL": {
                "x": 375.17510986328125,
                "y": 16.09788703918457,
                "z": 311.21917724609375
            },
            "BABPJCCCMPA": {
                "x": 372.6641845703125,
                "y": 10.292348861694336,
                "z": 335.177490234375
            },
            "LBOPGJOHIKN": true,
            "LMFODLLJCNF": "",
            "MNIAJDNCKNB": "DeadRegion",
            "CAKDIBPBMBH": {
                "$type": "IBOOEPBPDKK",
                "JOLGIIECNFP": true,
                "KKFIKNJKGOE": 30.0,
                "DPPNCNEMOOD": 30.0,
                "JCPKDKOCHDM": 60.0
            },
            "CGPEMLLDMID": ""
        },
        "4": {
            "$type": "EEPFPHOBDAD",
            "JHGKCNMFHHI": 70010006,
            "JLHNLMINEOL": {
                "x": 343.6168518066406,
                "y": 38.676856994628906,
                "z": 274.4719543457031
            },
            "BABPJCCCMPA": {
                "x": 343.6168518066406,
                "y": 26.51561737060547,
                "z": 312.3054504394531
            },
            "LBOPGJOHIKN": true,
            "LMFODLLJCNF": "",
            "MNIAJDNCKNB": "DeadRegion",
            "CAKDIBPBMBH": {
                "$type": "IBOOEPBPDKK",
                "JOLGIIECNFP": true,
                "KKFIKNJKGOE": 50.0,
                "DPPNCNEMOOD": 80.0,
                "JCPKDKOCHDM": 50.0
            },
            "CGPEMLLDMID": ""
        }
    }
}