{
    "JFAJHCDAPJP": {
        "1": {
            "$type": "EEHBICBKION",
            "JHGKCNMFHHI": 70120004,
            "JLHNLMINEOL": {
                "x": -78.79102325439453,
                "y": 109.02349853515625,
                "z": 27.238380432128906
            },
            "NAKNKBEOHJG": {
                "y": 43.53750228881836
            },
            "LBOPGJOHIKN": true,
            "LMFODLLJCNF": "",
            "FNFALPACEID": {
                "x": 5.0,
                "y": 5.0,
                "z": 5.0
            }
        },
        "2": {
            "$type": "EDDOADMFKKD",
            "JHGKCNMFHHI": 70010006,
            "JLHNLMINEOL": {
                "x": -54.97500991821289,
                "y": 95.63804626464844,
                "z": 113.86430358886719
            },
            "NAKNKBEOHJG": {
                "y": 317.1405944824219
            },
            "LBOPGJOHIKN": true,
            "LMFODLLJCNF": "",
            "FNFALPACEID": {
                "x": 5.0,
                "y": 5.0,
                "z": 5.0
            }
        },
        "3": {
            "$type": "EDDOADMFKKD",
            "JHGKCNMFHHI": 70010006,
            "JLHNLMINEOL": {
                "x": -71.34744262695312,
                "y": 106.01080322265625,
                "z": 194.9398956298828
            },
            "NAKNKBEOHJG": {
                "y": 69.66200256347656
            },
            "LBOPGJOHIKN": true,
            "LMFODLLJCNF": "",
            "FNFALPACEID": {
                "x": 5.0,
                "y": 5.0,
                "z": 5.0
            }
        },
        "4": {
            "$type": "EDDOADMFKKD",
            "JHGKCNMFHHI": 70010006,
            "JLHNLMINEOL": {
                "x": 6.75111722946167,
                "y": 101.97039794921875,
                "z": 137.25790405273438
            },
            "NAKNKBEOHJG": {
                "y": 134.9949951171875
            },
            "LBOPGJOHIKN": true,
            "LMFODLLJCNF": "",
            "FNFALPACEID": {
                "x": 5.0,
                "y": 5.0,
                "z": 5.0
            }
        },
        "5": {
            "$type": "EDDOADMFKKD",
            "JHGKCNMFHHI": 70010006,
            "JLHNLMINEOL": {
                "x": -52.55043029785156,
                "y": 105.64849853515625,
                "z": 56.00345993041992
            },
            "NAKNKBEOHJG": {
                "y": 216.19700622558594
            },
            "LBOPGJOHIKN": true,
            "LMFODLLJCNF": "",
            "FNFALPACEID": {
                "x": 5.0,
                "y": 5.0,
                "z": 5.0
            }
        }
    }
}