{
    "JFAJHCDAPJP": {
        "1": {
            "$type": "OJNPIDGMMBH",
            "JHGKCNMFHHI": 70010002,
            "JLHNLMINEOL": {
                "y": 0.20828866958618164,
                "z": 14.394042015075684
            },
            "BABPJCCCMPA": {
                "x": 2243.9951171875,
                "y": 238.7061004638672,
                "z": -780.5136108398438
            },
            "NCFCCHKIEGO": {
                "y": 161.0
            },
            "LBOPGJOHIKN": true,
            "LMFODLLJCNF": "",
            "IKGLHJNELGA": 3,
            "NLHHDFEMOAB": "UI_SCENE_ENTRY_EXIT_KNIGHT",
            "JEDHOHENEOG": {
                "x": 3.0,
                "y": 3.0,
                "z": 3.0
            },
            "JEHJBBGDGPL": 24.0
        }
    },
    "JFNHDLLNGOG": {
        "1": {
            "JHGKCNMFHHI": 40100201,
            "JLHNLMINEOL": {
                "x": -10.388999938964844,
                "z": -7.5370001792907715
            },
            "NAKNKBEOHJG": {
                "y": 90.0
            },
            "LBOPGJOHIKN": true,
            "LMFODLLJCNF": "",
            "PICGGJKHGPP": 1,
            "KJLOFDILEOJ": 100401
        },
        "2": {
            "JHGKCNMFHHI": 40100201,
            "JLHNLMINEOL": {
                "x": -10.388999938964844,
                "z": 7.501999855041504
            },
            "NAKNKBEOHJG": {
                "y": 90.0
            },
            "LBOPGJOHIKN": true,
            "LMFODLLJCNF": "",
            "PICGGJKHGPP": 1,
            "KJLOFDILEOJ": 100401
        },
        "3": {
            "JHGKCNMFHHI": 40100201,
            "JLHNLMINEOL": {
                "x": 10.404999732971191,
                "z": 7.501999855041504
            },
            "NAKNKBEOHJG": {
                "y": 90.0
            },
            "LBOPGJOHIKN": true,
            "LMFODLLJCNF": "",
            "PICGGJKHGPP": 1,
            "KJLOFDILEOJ": 100402
        }
    }
}