{
    "JFAJHCDAPJP": {
        "1": {
            "$type": "NBPMJOMGEBG",
            "JHGKCNMFHHI": 70120003,
            "JLHNLMINEOL": {
                "x": 338.21832275390625,
                "y": -28.004894256591797,
                "z": 472.5709228515625
            },
            "NAKNKBEOHJG": {
                "y": 90.66253662109375
            },
            "LBOPGJOHIKN": true,
            "LMFODLLJCNF": "",
            "FNFALPACEID": {
                "x": 10.0,
                "y": 15.0,
                "z": 30.0
            }
        },
        "2": {
            "$type": "EEHBICBKION",
            "JHGKCNMFHHI": 70120004,
            "JLHNLMINEOL": {
                "x": 350.91009521484375,
                "y": -12.853280067443848,
                "z": 250.5865936279297
            },
            "LBOPGJOHIKN": true,
            "LMFODLLJCNF": "",
            "FNFALPACEID": {
                "x": 5.0,
                "y": 5.0,
                "z": 5.0
            }
        },
        "3": {
            "$type": "NBPMJOMGEBG",
            "JHGKCNMFHHI": 70120003,
            "JLHNLMINEOL": {
                "x": 355.4324951171875,
                "y": -19.264272689819336,
                "z": 355.74200439453125
            },
            "NAKNKBEOHJG": {
                "y": 270.0
            },
            "LBOPGJOHIKN": true,
            "LMFODLLJCNF": "",
            "FNFALPACEID": {
                "x": 15.0,
                "y": 15.0,
                "z": 60.0
            }
        },
        "4": {
            "$type": "NBPMJOMGEBG",
            "JHGKCNMFHHI": 70120003,
            "JLHNLMINEOL": {
                "x": 360.13525390625,
                "y": -11.353534698486328,
                "z": 284.3756103515625
            },
            "NAKNKBEOHJG": {
                "y": 90.0
            },
            "LBOPGJOHIKN": true,
            "LMFODLLJCNF": "",
            "FNFALPACEID": {
                "x": 10.0,
                "y": 15.0,
                "z": 90.0
            }
        },
        "5": {
            "$type": "EDDOADMFKKD",
            "JHGKCNMFHHI": 70010006,
            "JLHNLMINEOL": {
                "x": 343.6044921875,
                "y": -28.497180938720703,
                "z": 444.0008850097656
            },
            "NAKNKBEOHJG": {
                "y": 181.72470092773438
            },
            "LBOPGJOHIKN": true,
            "LMFODLLJCNF": "",
            "FNFALPACEID": {
                "x": 15.0,
                "y": 15.0,
                "z": 15.0
            }
        },
        "6": {
            "$type": "EDDOADMFKKD",
            "JHGKCNMFHHI": 70010006,
            "JLHNLMINEOL": {
                "x": 343.6195068359375,
                "y": -18.904399871826172,
                "z": 363.1294860839844
            },
            "NAKNKBEOHJG": {
                "y": 181.72470092773438
            },
            "LBOPGJOHIKN": true,
            "LMFODLLJCNF": "",
            "FNFALPACEID": {
                "x": 15.0,
                "y": 15.0,
                "z": 15.0
            }
        },
        "7": {
            "$type": "EDDOADMFKKD",
            "JHGKCNMFHHI": 70010006,
            "JLHNLMINEOL": {
                "x": 343.227294921875,
                "y": -11.35359001159668,
                "z": 282.84051513671875
            },
            "NAKNKBEOHJG": {
                "y": 181.72470092773438
            },
            "LBOPGJOHIKN": true,
            "LMFODLLJCNF": "",
            "FNFALPACEID": {
                "x": 15.0,
                "y": 15.0,
                "z": 15.0
            }
        }
    },
    "CJADLMKHEAK": {
        "1": {
            "$type": "EEPFPHOBDAD",
            "JHGKCNMFHHI": 70010006,
            "JLHNLMINEOL": {
                "x": 364.0943908691406,
                "y": -65.5438232421875,
                "z": 427.1391906738281
            },
            "LBOPGJOHIKN": true,
            "LMFODLLJCNF": "",
            "IHHBDJGHCDM": 500.0,
            "EBDCAELNBKO": true,
            "MNIAJDNCKNB": "DeadRegion",
            "CAKDIBPBMBH": {
                "$type": "IBOOEPBPDKK",
                "JOLGIIECNFP": true,
                "KKFIKNJKGOE": 50.0,
                "HCAIGMDJLMK": "Center",
                "DPPNCNEMOOD": 500.0,
                "JCPKDKOCHDM": 500.0
            },
            "CGPEMLLDMID": ""
        },
        "2": {
            "$type": "EEPFPHOBDAD",
            "JHGKCNMFHHI": 70010006,
            "JLHNLMINEOL": {
                "x": 338.9645080566406,
                "y": -55.660160064697266,
                "z": 439.86090087890625
            },
            "LBOPGJOHIKN": true,
            "LMFODLLJCNF": "",
            "IHHBDJGHCDM": 500.0,
            "EBDCAELNBKO": true,
            "MNIAJDNCKNB": "NoReviveRegion",
            "CAKDIBPBMBH": {
                "$type": "IBOOEPBPDKK",
                "JOLGIIECNFP": true,
                "KKFIKNJKGOE": 50.0,
                "HCAIGMDJLMK": "Center",
                "DPPNCNEMOOD": 500.0,
                "JCPKDKOCHDM": 500.0
            },
            "CGPEMLLDMID": ""
        },
        "3": {
            "$type": "EEPFPHOBDAD",
            "JHGKCNMFHHI": 70010006,
            "JLHNLMINEOL": {
                "x": 374.0765075683594,
                "y": -24.242279052734375,
                "z": 357.4409484863281
            },
            "BABPJCCCMPA": {
                "x": 390.4484558105469,
                "y": -14.76533031463623,
                "z": 410.0600891113281
            },
            "LMFODLLJCNF": "",
            "MNIAJDNCKNB": "DeadRegion",
            "CAKDIBPBMBH": {
                "$type": "IBOOEPBPDKK",
                "JOLGIIECNFP": true,
                "KKFIKNJKGOE": 100.0,
                "DPPNCNEMOOD": 30.0,
                "JCPKDKOCHDM": 100.0
            },
            "CGPEMLLDMID": ""
        },
        "4": {
            "$type": "EEPFPHOBDAD",
            "JHGKCNMFHHI": 70010006,
            "JLHNLMINEOL": {
                "x": 311.9552001953125,
                "y": -9.70928955078125,
                "z": 291.32891845703125
            },
            "BABPJCCCMPA": {
                "x": 338.36767578125,
                "y": -10.160003662109375,
                "z": 382.1678466796875
            },
            "LMFODLLJCNF": "",
            "MNIAJDNCKNB": "DeadRegion",
            "CAKDIBPBMBH": {
                "$type": "IBOOEPBPDKK",
                "JOLGIIECNFP": true,
                "KKFIKNJKGOE": 100.0,
                "DPPNCNEMOOD": 30.0,
                "JCPKDKOCHDM": 300.0
            },
            "CGPEMLLDMID": ""
        },
        "5": {
            "$type": "EEPFPHOBDAD",
            "JHGKCNMFHHI": 70010006,
            "JLHNLMINEOL": {
                "x": 382.27691650390625,
                "y": 0.5084952712059021,
                "z": 337.6148681640625
            },
            "BABPJCCCMPA": {
                "x": 364.4189147949219,
                "y": 15.34731674194336,
                "z": 267.85516357421875
            },
            "LMFODLLJCNF": "",
            "MNIAJDNCKNB": "DeadRegion",
            "CAKDIBPBMBH": {
                "$type": "IBOOEPBPDKK",
                "JOLGIIECNFP": true,
                "KKFIKNJKGOE": 100.0,
                "DPPNCNEMOOD": 40.0,
                "JCPKDKOCHDM": 100.0
            },
            "CGPEMLLDMID": ""
        },
        "6": {
            "$type": "EEPFPHOBDAD",
            "JHGKCNMFHHI": 70010006,
            "JLHNLMINEOL": {
                "x": 376.611328125,
                "y": 15.34726333618164,
                "z": 288.62451171875
            },