{
    "JFAJHCDAPJP": {
        "1": {
            "$type": "EEHBICBKION",
            "JHGKCNMFHHI": 70120004,
            "JLHNLMINEOL": {
                "x": -122.7812728881836,
                "y": 11.140000343322754,
                "z": -64.88086700439453
            },
            "NAKNKBEOHJG": {
                "y": 90.0
            },
            "BABPJCCCMPA": {
                "x": -60.53126525878906,
                "y": 11.140000343322754,
                "z": -5.486968994140625
            },
            "LMFODLLJCNF": "",
            "FNFALPACEID": {
                "x": 5.0,
                "y": 5.0,
                "z": 5.0
            }
        }
    }
}