{
    "JFAJHCDAPJP": {
        "1": {
            "$type": "EEHBICBKION",
            "JHGKCNMFHHI": 70120004,
            "JLHNLMINEOL": {
                "x": -67.25357818603516,
                "y": 279.64837646484375,
                "z": -182.04295349121094
            },
            "NAKNKBEOHJG": {
                "y": 135.0
            },
            "LMFODLLJCNF": "",
            "FNFALPACEID": {
                "x": 5.0,
                "y": 5.0,
                "z": 5.0
            }
        }
    }
}