{
    "JFAJHCDAPJP": {
        "1": {
            "$type": "EEHBICBKION",
            "JHGKCNMFHHI": 70120004,
            "JLHNLMINEOL": {
                "x": 0.08681715279817581,
                "y": -1.8999979496002197,
                "z": 65.2941665649414
            },
            "LBOPGJOHIKN": true,
            "LMFODLLJCNF": "",
            "FNFALPACEID": {
                "x": 5.0,
                "y": 5.0,
                "z": 5.0
            }
        },
        "2": {
            "$type": "EDDOADMFKKD",
            "JHGKCNMFHHI": 70360001,
            "JLHNLMINEOL": {
                "x": 0.7229936718940735,
                "y": -1.899999976158142,
                "z": 52.1408805847168
            },
            "LBOPGJOHIKN": true,
            "LMFODLLJCNF": "",
            "FNFALPACEID": {
                "x": 20.0,
                "y": 20.0,
                "z": 20.0
            }
        }
    }
}