{
    "JFAJHCDAPJP": {
        "1": {
            "$type": "EEHBICBKION",
            "JHGKCNMFHHI": 70120004,
            "JLHNLMINEOL": {
                "x": 12.808265686035156,
                "y": -7.0279998779296875,
                "z": -28.738994598388672
            },
            "BABPJCCCMPA": {
                "x": 13.018146514892578,
                "y": -7.0279998779296875,
                "z": -28.920265197753906
            },
            "LBOPGJOHIKN": true,
            "LMFODLLJCNF": "",
            "FNFALPACEID": {
                "x": 5.0,
                "y": 5.0,
                "z": 5.0
            }
        }
    }
}