{
    "JFAJHCDAPJP": {
        "1": {
            "$type": "EEHBICBKION",
            "JHGKCNMFHHI": 70120004,
            "JLHNLMINEOL": {
                "x": 271.8337097167969,
                "y": 42.152130126953125,
                "z": 4.002943992614746
            },
            "NAKNKBEOHJG": {
                "y": 269.30029296875
            },
            "LBOPGJOHIKN": true,
            "LMFODLLJCNF": "",
            "FNFALPACEID": {
                "x": 3.0,
                "y": 3.0,
                "z": 3.0
            }
        },
        "2": {
            "$type": "NBPMJOMGEBG",
            "JHGKCNMFHHI": 70120003,
            "JLHNLMINEOL": {
                "x": 181.46470642089844,
                "y": 18.76634979248047,
                "z": -8.648513793945312
            },
            "LBOPGJOHIKN": true,
            "LMFODLLJCNF": "",
            "FNFALPACEID": {
                "x": 5.0,
                "y": 5.0,
                "z": 40.0
            }
        },
        "3": {
            "$type": "NBPMJOMGEBG",
            "JHGKCNMFHHI": 70120003,
            "JLHNLMINEOL": {
                "x": 38.81869888305664,
                "y": -3.9835848808288574,
                "z": 42.289669036865234
            },
            "LBOPGJOHIKN": true,
            "LMFODLLJCNF": "",
            "FNFALPACEID": {
                "x": 5.0,
                "y": 15.0,
                "z": 40.0
            }
        },
        "4": {
            "$type": "NBPMJOMGEBG",
            "JHGKCNMFHHI": 70120003,
            "JLHNLMINEOL": {
                "x": 268.8056945800781,
                "y": 42.05630111694336,
                "z": 15.947850227355957
            },
            "LBOPGJOHIKN": true,
            "LMFODLLJCNF": "",
            "FNFALPACEID": {
                "x": 5.0,
                "y": 5.0,
                "z": 50.0
            }
        }
    },
    "CJADLMKHEAK": {
        "1": {
            "$type": "EEPFPHOBDAD",
            "JHGKCNMFHHI": 70010006,
            "JLHNLMINEOL": {
                "x": 27.44662094116211,
                "y": 15.185609817504883,
                "z": 31.904220581054688
            },
            "LBOPGJOHIKN": true,
            "LMFODLLJCNF": "",
            "IHHBDJGHCDM": 500.0,
            "EBDCAELNBKO": true,
            "MNIAJDNCKNB": "DeadRegion",
            "CAKDIBPBMBH": {
                "$type": "IBOOEPBPDKK",
                "JOLGIIECNFP": true,
                "KKFIKNJKGOE": 10.0,
                "HCAIGMDJLMK": "Center",
                "DPPNCNEMOOD": 60.0,
                "JCPKDKOCHDM": 40.0
            },
            "OCGNAOFHLFN": 40,
            "CGPEMLLDMID": ""
        },
        "10": {
            "$type": "EEPFPHOBDAD",
            "JHGKCNMFHHI": 70010006,
            "JLHNLMINEOL": {
                "x": 283.4291076660156,
                "y": 61.52402877807617,
                "z": -20.834880828857422
            },
            "LBOPGJOHIKN": true,
            "LMFODLLJCNF": "",
            "IHHBDJGHCDM": 500.0,
            "EBDCAELNBKO": true,
            "MNIAJDNCKNB": "DeadRegion",
            "CAKDIBPBMBH": {
                "$type": "IBOOEPBPDKK",
                "JOLGIIECNFP": true,
                "KKFIKNJKGOE": 10.0,
                "HCAIGMDJLMK": "Center",
                "DPPNCNEMOOD": 40.0,
                "JCPKDKOCHDM": 15.0
            },
            "OCGNAOFHLFN": 40,
            "CGPEMLLDMID": ""
        },
        "11": {
            "$type": "EEPFPHOBDAD",
            "JHGKCNMFHHI": 70010006,
            "JLHNLMINEOL": {
                "x": 282.13751220703125,
                "y": 58.538108825683594,
                "z": 30.117509841918945
            },
            "LBOPGJOHIKN": true,
            "LMFODLLJCNF": "",
            "IHHBDJGHCDM": 500.0,
            "EBDCAELNBKO": true,
            "MNIAJDNCKNB": "DeadRegion",
            "CAKDIBPBMBH": {
                "$type": "IBOOEPBPDKK",
                "JOLGIIECNFP": true,
                "KKFIKNJKGOE": 10.0,
                "HCAIGMDJLMK": "Center",
                "DPPNCNEMOOD": 40.0,
                "JCPKDKOCHDM": 15.0
            },
            "OCGNAOFHLFN": 40,
            "CGPEMLLDMID": ""
        },
        "12": {
            "$type": "EEPFPHOBDAD",
            "JHGKCNMFHHI": 70010006,
            "JLHNLMINEOL": {
                "x": 24.51865005493164,
                "y": 4.518977165222168,
                "z": 17.575510025024414
            },
            "LBOPGJOHIKN": true,
            "LMFODLLJCNF": "",
            "IHHBDJGHCDM": 500.0,
            "EBDCAELNBKO": true,
            "MNIAJDNCKNB": "DeadRegion",
            "CAKDIBPBMBH": {
                "$type": "IBOOEPBPDKK",
                "JOLGIIECNFP": true,
                "KKFIKNJKGOE": 3.0,
                "HCAIGMDJLMK": "Center",
                "DPPNCNEMOOD": 12.0,
                "JCPKDKOCHDM": 5.0
            },
            "OCGNAOFHLFN": 40,
            "CGPEMLLDMID": ""
        },
        "13": {
            "$type": "EEPFPHOBDAD",
            "JHGKCNMFHHI": 70010006,
            "JLHNLMINEOL": {
                "x": 139.32020568847656,
                "y": 2.621674060821533,
                "z": 54.47911071777344
            },
            "LBOPGJOHIKN": true,
            "LMFODLLJCNF": "",
            "IHHBDJGHCDM": 500.0,
            "EBDCAELNBKO": true,
            "MNIAJDNCKNB": "DeadRegion",
            "CAKDIBPBMBH": {
                "$type": "IBOOEPBPDKK",
                "JOLGIIECNFP": true,
                "KKFIKNJKGOE": 10.0,
                "HCAIGMDJLMK": "Center",
                "DPPNCNEMOOD": 15.0,
                "JCPKDKOCHDM": 7.0
            },
            "OCGNAOFHLFN": 40,
            "CGPEMLLDMID": ""
        },
        "14": {
            "$type": "EEPFPHOBDAD",
            "JHGKCNMFHHI": 70010006,
            "JLHNLMINEOL": {
                "x": 137.26620483398438,
                "y": 2.709398031234741,
                "z": 49.222660064697266
            },
            "LBOPGJOHIKN": true,
            "LMFODLLJCNF": "",
            "IHHBDJGHCDM": 500.0,
            "EBDCAELNBKO": true,
            "MNIAJDNCKNB": "DeadRegion",
            "CAKDIBPBMBH": {
                "$type": "IBOOEPBPDKK",
                "JOLGIIECNFP": true,
                "KKFIKNJKGOE": 10.0,
                "HCAIGMDJLMK": "Center",
                "DPPNCNEMOOD": 7.0,
                "JCPKDKOCHDM": 15.0
            },
            "OCGNAOFHLFN": 40,
            "CGPEMLLDMID": ""
        },
        "2": {
            "$type": "EEPFPHOBDAD",
            "JHGKCNMFHHI": 70010006,
            "JLHNLMINEOL": {
                "x": 101.34809875488281,
                "y": 22.379470825195312,
                "z": 39.17346954345703
            },
            "LBOPGJOHIKN": true,
            "LMFODLLJCNF": "",
            "IHHBDJGHCDM": 500.0,
            "EBDCAELNBKO": true,
            "MNIAJDNCKNB": "DeadRegion",
            "CAKDIBPBMBH": {
                "$type": "IBOOEPBPDKK",
                "JOLGIIECNFP": true,
                "KKFIKNJKGOE": 10.0,
                "HCAIGMDJLMK": "Center",
                "DPPNCNEMOOD": 95.0,
                "JCPKDKOCHDM": 80.0
            },
            "OCGNAOFHLFN": 40,
            "CGPEMLLDMID": ""
        },
        "3": {
            "$type": "EEPFPHOBDAD",
            "JHGKCNMFHHI": 70010006,
            "JLHNLMINEOL": {
                "x": 159.10890197753906,
                "y": 27.583980560302734,
                "z": 6.450354099273682
            },
            "LBOPGJOHIKN": true,
            "LMFODLLJCNF": "",
            "IHHBDJGHCDM": 500.0,
            "EBDCAELNBKO": true,
            "MNIAJDNCKNB": "DeadRegion",