{
    "JFAJHCDAPJP": {
        "1": {
            "$type": "EEHBICBKION",
            "JHGKCNMFHHI": 70120004,
            "JLHNLMINEOL": {
                "x": -82.83058166503906,
                "y": 15.791229248046875,
                "z": 171.30062866210938
            },
            "LBOPGJOHIKN": true,
            "LMFODLLJCNF": ""
        },
        "2": {
            "$type": "NBPMJOMGEBG",
            "JHGKCNMFHHI": 70120003,
            "JLHNLMINEOL": {
                "x": 11.980236053466797,
                "y": 2.736335515975952,
                "z": 6.507569313049316
            },
            "LBOPGJOHIKN": true,
            "LMFODLLJCNF": "",
            "FNFALPACEID": {
                "x": 5.0,
                "y": 30.0,
                "z": 50.0
            }
        },
        "3": {
            "$type": "NBPMJOMGEBG",
            "JHGKCNMFHHI": 70120003,
            "JLHNLMINEOL": {
                "x": -75.07250213623047,
                "y": 28.60772132873535,
                "z": 51.8239860534668
            },
            "NAKNKBEOHJG": {
                "y": 90.0
            },
            "LBOPGJOHIKN": true,
            "LMFODLLJCNF": "",
            "FNFALPACEID": {
                "x": 80.0,
                "y": 40.0,
                "z": 10.0
            }
        },
        "4": {
            "$type": "NBPMJOMGEBG",
            "JHGKCNMFHHI": 70120003,
            "JLHNLMINEOL": {
                "x": 81.66609191894531,
                "y": 3.8462576866149902,
                "z": 7.402368545532227
            },
            "LBOPGJOHIKN": true,
            "LMFODLLJCNF": "",
            "FNFALPACEID": {
                "x": 10.0,
                "y": 30.0,
                "z": 60.0
            }
        }
    },
    "CJADLMKHEAK": {
        "1": {
            "$type": "EEPFPHOBDAD",
            "JHGKCNMFHHI": 70010006,
            "JLHNLMINEOL": {
                "x": 23.043363571166992,
                "y": -27.55314064025879,
                "z": 16.561389923095703
            },
            "LBOPGJOHIKN": true,
            "LMFODLLJCNF": "",
            "IHHBDJGHCDM": 500.0,
            "MNIAJDNCKNB": "NoReviveRegion",
            "CAKDIBPBMBH": {
                "$type": "IBOOEPBPDKK",
                "JOLGIIECNFP": true,
                "KKFIKNJKGOE": 50.0,
                "HCAIGMDJLMK": "Center",
                "DPPNCNEMOOD": 300.0,
                "JCPKDKOCHDM": 100.0
            },
            "CGPEMLLDMID": ""
        },
        "10": {
            "$type": "EEPFPHOBDAD",
            "JHGKCNMFHHI": 70010006,
            "JLHNLMINEOL": {
                "x": -43.498661041259766,
                "y": 24.711509704589844,
                "z": 113.1333999633789
            },
            "LBOPGJOHIKN": true,
            "LMFODLLJCNF": "",
            "IHHBDJGHCDM": 500.0,
            "EBDCAELNBKO": true,
            "MNIAJDNCKNB": "DeadRegion",
            "CAKDIBPBMBH": {
                "$type": "IBOOEPBPDKK",
                "JOLGIIECNFP": true,
                "KKFIKNJKGOE": 50.0,
                "HCAIGMDJLMK": "Center",
                "DPPNCNEMOOD": 50.0,
                "JCPKDKOCHDM": 40.0
            },
            "CGPEMLLDMID": ""
        },
        "11": {
            "$type": "EEPFPHOBDAD",
            "JHGKCNMFHHI": 70010006,
            "JLHNLMINEOL": {
                "x": -84.93512725830078,
                "y": 15.504179954528809,
                "z": 104.48919677734375
            },
            "LBOPGJOHIKN": true,
            "LMFODLLJCNF": "",
            "IHHBDJGHCDM": 500.0,
            "EBDCAELNBKO": true,
            "MNIAJDNCKNB": "DeadRegion",
            "CAKDIBPBMBH": {
                "$type": "IBOOEPBPDKK",
                "JOLGIIECNFP": true,
                "KKFIKNJKGOE": 20.0,
                "HCAIGMDJLMK": "Center",
                "DPPNCNEMOOD": 40.0,
                "JCPKDKOCHDM": 60.0
            },
            "CGPEMLLDMID": ""
        },
        "12": {
            "$type": "EEPFPHOBDAD",
            "JHGKCNMFHHI": 70010006,
            "JLHNLMINEOL": {
                "x": -107.95429992675781,
                "y": 34.33250045776367,
                "z": 91.274658203125
            },
            "LBOPGJOHIKN": true,
            "LMFODLLJCNF": "",
            "IHHBDJGHCDM": 500.0,
            "EBDCAELNBKO": true,
            "MNIAJDNCKNB": "DeadRegion",
            "CAKDIBPBMBH": {
                "$type": "IBOOEPBPDKK",
                "JOLGIIECNFP": true,
                "KKFIKNJKGOE": 40.0,
                "HCAIGMDJLMK": "Center",
                "DPPNCNEMOOD": 20.0,
                "JCPKDKOCHDM": 40.0
            },
            "CGPEMLLDMID": ""
        },
        "13": {
            "$type": "EEPFPHOBDAD",
            "JHGKCNMFHHI": 70010006,
            "JLHNLMINEOL": {
                "x": 8.791662216186523,
                "y": 2.3970329761505127,
                "z": -21.308399200439453
            },
            "LBOPGJOHIKN": true,
            "LMFODLLJCNF": "",
            "IHHBDJGHCDM": 500.0,
            "EBDCAELNBKO": true,
            "MNIAJDNCKNB": "DeadRegion",
            "CAKDIBPBMBH": {
                "$type": "IBOOEPBPDKK",
                "JOLGIIECNFP": true,
                "KKFIKNJKGOE": 20.0,
                "HCAIGMDJLMK": "Center",
                "DPPNCNEMOOD": 20.0,
                "JCPKDKOCHDM": 10.0
            },
            "CGPEMLLDMID": ""
        },
        "14": {
            "$type": "EEPFPHOBDAD",
            "JHGKCNMFHHI": 70010006,
            "JLHNLMINEOL": {
                "x": -33.383419036865234,
                "y": 0.3235338032245636,
                "z": -27.484779357910156
            },
            "LBOPGJOHIKN": true,
            "LMFODLLJCNF": "",
            "IHHBDJGHCDM": 500.0,
            "EBDCAELNBKO": true,
            "MNIAJDNCKNB": "DeadRegion",
            "CAKDIBPBMBH": {
                "$type": "IBOOEPBPDKK",
                "JOLGIIECNFP": true,
                "KKFIKNJKGOE": 20.0,
                "HCAIGMDJLMK": "Center",
                "DPPNCNEMOOD": 20.0,
                "JCPKDKOCHDM": 20.0
            },
            "CGPEMLLDMID": ""
        },
        "2": {
            "$type": "EEPFPHOBDAD",
            "JHGKCNMFHHI": 70010006,
            "JLHNLMINEOL": {
                "x": 22.898902893066406,
                "y": -27.55314064025879,
                "z": 16.600000381469727
            },
            "LBOPGJOHIKN": true,
            "LMFODLLJCNF": "",
            "IHHBDJGHCDM": 500.0,
            "MNIAJDNCKNB": "DeadRegion",
            "CAKDIBPBMBH": {
                "$type": "IBOOEPBPDKK",
                "JOLGIIECNFP": true,
                "KKFIKNJKGOE": 50.0,
                "HCAIGMDJLMK": "Center",
                "DPPNCNEMOOD": 300.0,
                "JCPKDKOCHDM": 100.0
            },
            "CGPEMLLDMID": ""
        },
        "3": {
            "$type": "EEPFPHOBDAD",
            "JHGKCNMFHHI": 70010006,
            "JLHNLMINEOL": {
                "x": -82.5,
                "y": 3.0999999046325684,
                "z": 119.69999694824219
            },
            "LBOPGJOHIKN": true,
            "LMFODLLJCNF": "",
            "IHHBDJGHCDM": 500.0,
            "MNIAJDNCKNB": "NoReviveRegion",
            "CAKDIBPBMBH": {
                "$type": "IBOOEPBPDKK",
                "JOLGIIECNFP": true,
                "KKFIKNJKGOE": 40.0,
                "HCAIGMDJLMK": "Center",
                "DPPNCNEMOOD": 100.0,
                "JCPKDKOCHDM": 160.0
            },
            "CGPEMLLDMID": ""
        },
        "4": {
            "$type": "EEPFPHOBDAD",
            "JHGKCNMFHHI": 70010006,