{
    "JFAJHCDAPJP": {
        "1": {
            "$type": "EEHBICBKION",
            "JHGKCNMFHHI": 70120004,
            "JLHNLMINEOL": {
                "x": -162.48423767089844,
                "y": 0.4075279235839844,
                "z": -66.65971374511719
            },
            "BABPJCCCMPA": {
                "x": -154.80116271972656,
                "y": 0.4075279235839844,
                "z": -66.65971374511719
            },
            "LMFODLLJCNF": "",
            "FNFALPACEID": {
                "x": 2.0,
                "y": 2.0,
                "z": 2.0
            }
        },
        "2": {
            "$type": "NBPMJOMGEBG",
            "JHGKCNMFHHI": 70010006,
            "JLHNLMINEOL": {
                "x": -121.45760345458984,
                "y": 1.337319016456604,
                "z": -66.45899963378906
            },
            "NAKNKBEOHJG": {
                "y": 270.0
            },
            "LBOPGJOHIKN": true,
            "LMFODLLJCNF": "",
            "FNFALPACEID": {
                "x": 10.0,
                "y": 20.0,
                "z": 20.0
            }
        }
    }
}