{
    "JFAJHCDAPJP": {
        "1": {
            "$type": "EEHBICBKION",
            "JHGKCNMFHHI": 70120004,
            "JLHNLMINEOL": {
                "x": 252.70126342773438,
                "y": 5.430000305175781,
                "z": -19.964588165283203
            },
            "NAKNKBEOHJG": {
                "y": 279.9000244140625
            },
            "BABPJCCCMPA": {
                "x": -2576.238037109375,
                "y": 312.8558044433594,
                "z": -4520.89892578125
            },
            "LBOPGJOHIKN": true,
            "LMFODLLJCNF": "",
            "FNFALPACEID": {
                "x": 5.0,
                "y": 5.0,
                "z": 5.0
            }
        },
        "2": {
            "$type": "NBPMJOMGEBG",
            "JHGKCNMFHHI": 70010006,
            "JLHNLMINEOL": {
                "x": 96.71259307861328,
                "y": -11.672750473022461,
                "z": -19.894739151000977
            },
            "NAKNKBEOHJG": {
                "y": 90.0
            },
            "LBOPGJOHIKN": true,
            "LMFODLLJCNF": "",
            "FNFALPACEID": {
                "x": 25.0,
                "y": 15.0,
                "z": 2.0
            }
        },
        "3": {
            "$type": "EDDOADMFKKD",
            "JHGKCNMFHHI": 70010006,
            "JLHNLMINEOL": {
                "x": 188.53831481933594,
                "y": 5.8730010986328125,
                "z": -19.347944259643555
            },
            "BABPJCCCMPA": {
                "x": 188.53831481933594,
                "y": 4.252218246459961,
                "z": -19.93707847595215
            },
            "LMFODLLJCNF": "",
            "FNFALPACEID": {
                "x": 5.0,
                "y": 5.0,
                "z": 15.0
            }
        },
        "4": {
            "$type": "NBPMJOMGEBG",
            "JHGKCNMFHHI": 70010006,
            "JLHNLMINEOL": {
                "x": 24.833179473876953,
                "y": -13.282279968261719,
                "z": -19.0185604095459
            },
            "NAKNKBEOHJG": {
                "y": 90.0
            },
            "LBOPGJOHIKN": true,
            "LMFODLLJCNF": "",
            "FNFALPACEID": {
                "x": 15.0,
                "y": 8.0,
                "z": 8.0
            }
        }
    },
    "CJADLMKHEAK": {
        "1": {
            "$type": "EEPFPHOBDAD",
            "JHGKCNMFHHI": 70010006,
            "JLHNLMINEOL": {
                "x": 118.08586120605469,
                "y": -18.921241760253906,
                "z": -19.46133041381836
            },
            "BABPJCCCMPA": {
                "x": 127.09471893310547,
                "y": -23.22606658935547,
                "z": -25.258607864379883
            },
            "LMFODLLJCNF": "",
            "EBDCAELNBKO": true,
            "MNIAJDNCKNB": "DeadRegion",
            "CAKDIBPBMBH": {
                "$type": "IBOOEPBPDKK",
                "JOLGIIECNFP": true,
                "KKFIKNJKGOE": 5.0,
                "HCAIGMDJLMK": "Center",
                "DPPNCNEMOOD": 45.0,
                "JCPKDKOCHDM": 120.0
            },
            "CGPEMLLDMID": ""
        },
        "2": {
            "$type": "EEPFPHOBDAD",
            "JHGKCNMFHHI": 70010006,
            "JLHNLMINEOL": {
                "x": 115.80684661865234,
                "y": -0.2697610855102539,
                "z": -49.328975677490234
            },
            "BABPJCCCMPA": {
                "x": 115.80467224121094,
                "y": -0.2697610855102539,
                "z": -18.890445709228516
            },
            "LMFODLLJCNF": "",
            "EBDCAELNBKO": true,
            "MNIAJDNCKNB": "DeadRegion",
            "CAKDIBPBMBH": {
                "$type": "IBOOEPBPDKK",
                "JOLGIIECNFP": true,
                "KKFIKNJKGOE": 40.0,
                "HCAIGMDJLMK": "Center",
                "DPPNCNEMOOD": 40.0,
                "JCPKDKOCHDM": 30.0
            },
            "CGPEMLLDMID": ""
        },
        "3": {
            "$type": "EEPFPHOBDAD",
            "JHGKCNMFHHI": 70010006,
            "JLHNLMINEOL": {
                "x": 115.49154663085938,
                "y": -0.2697610855102539,
                "z": 9.738685607910156
            },
            "BABPJCCCMPA": {
                "x": 117.78137969970703,
                "y": -11.592819213867188,
                "z": -5.7200026512146
            },
            "LMFODLLJCNF": "",
            "EBDCAELNBKO": true,
            "MNIAJDNCKNB": "DeadRegion",
            "CAKDIBPBMBH": {
                "$type": "IBOOEPBPDKK",
                "JOLGIIECNFP": true,
                "KKFIKNJKGOE": 40.0,
                "HCAIGMDJLMK": "Center",
                "DPPNCNEMOOD": 40.0,
                "JCPKDKOCHDM": 30.0
            },
            "CGPEMLLDMID": ""
        },
        "4": {
            "$type": "EEPFPHOBDAD",
            "JHGKCNMFHHI": 70010006,
            "JLHNLMINEOL": {
                "x": 209.04666137695312,
                "y": -0.5677022933959961,
                "z": -18.81932258605957
            },
            "BABPJCCCMPA": {
                "x": 194.8955078125,
                "y": -0.5677022933959961,
                "z": -19.85935401916504
            },
            "LMFODLLJCNF": "",
            "EBDCAELNBKO": true,
            "MNIAJDNCKNB": "DeadRegion",
            "CAKDIBPBMBH": {
                "$type": "IBOOEPBPDKK",
                "JOLGIIECNFP": true,
                "KKFIKNJKGOE": 5.0,
                "HCAIGMDJLMK": "Center",
                "DPPNCNEMOOD": 45.0,
                "JCPKDKOCHDM": 40.0
            },
            "CGPEMLLDMID": ""
        },
        "5": {
            "$type": "EEPFPHOBDAD",
            "JHGKCNMFHHI": 70010006,
            "JLHNLMINEOL": {
                "x": 249.3858642578125,
                "y": -5.691567420959473,
                "z": -18.262815475463867
            },
            "BABPJCCCMPA": {
                "x": 242.42633056640625,
                "y": 4.048538684844971,
                "z": -14.35782241821289
            },
            "LMFODLLJCNF": "",
            "EBDCAELNBKO": true,
            "MNIAJDNCKNB": "DeadRegion",
            "CAKDIBPBMBH": {
                "$type": "IBOOEPBPDKK",
                "JOLGIIECNFP": true,
                "KKFIKNJKGOE": 5.0,
                "HCAIGMDJLMK": "Center",
                "DPPNCNEMOOD": 10.0,
                "JCPKDKOCHDM": 40.0
            },
            "CGPEMLLDMID": ""
        }
    }
}