{
    "JFAJHCDAPJP": {
        "1": {
            "$type": "EEHBICBKION",
            "MNGKGJOEIJK": "TOWER",
            "JHGKCNMFHHI": 70120004,
            "JLHNLMINEOL": {
                "x": 0.36650756001472473,
                "y": 1.9822448393824743e-06,
                "z": -12.166932106018066
            },
            "BABPJCCCMPA": {
                "x": 492.44598388671875,
                "y": 100.54150390625,
                "z": 488.32806396484375
            },
            "LMFODLLJCNF": "",
            "FNFALPACEID": {
                "x": 3.0,
                "y": 3.0,
                "z": 3.0
            }
        }
    }
}