{
    "JFAJHCDAPJP": {
        "1": {
            "$type": "EEHBICBKION",
            "JHGKCNMFHHI": 70120004,
            "JLHNLMINEOL": {
                "x": 20.979045867919922,
                "y": 1.859999418258667,
                "z": 52.269901275634766
            },
            "BABPJCCCMPA": {
                "x": 20.979045867919922,
                "y": 1.859999418258667,
                "z": 52.269901275634766
            },
            "LMFODLLJCNF": "",
            "FNFALPACEID": {
                "x": 5.0,
                "y": 5.0,
                "z": 5.0
            }
        }
    }
}