{
    "JFAJHCDAPJP": {
        "1": {
            "$type": "EEHBICBKION",
            "JHGKCNMFHHI": 70010001,
            "JLHNLMINEOL": {
                "x": 400.0,
                "y": 24.92132568359375,
                "z": 570.5431518554688
            },
            "BABPJCCCMPA": {
                "x": 305.36627197265625,
                "y": -3.1389966011047363,
                "z": 79.37376403808594
            },
            "LMFODLLJCNF": "",
            "FNFALPACEID": {
                "x": 5.0,
                "y": 5.0,
                "z": 5.0
            }
        }
    }
}