{
    "JFAJHCDAPJP": {
        "1": {
            "$type": "EEHBICBKION",
            "JHGKCNMFHHI": 70120004,
            "JLHNLMINEOL": {
                "x": -67.47567749023438,
                "y": 279.6485900878906,
                "z": -181.54649353027344
            },
            "BABPJCCCMPA": {
                "x": -67.47567749023438,
                "y": 279.6485900878906,
                "z": -182.5861053466797
            },
            "LMFODLLJCNF": "",
            "FNFALPACEID": {
                "x": 5.0,
                "y": 5.0,
                "z": 5.0
            }
        }
    }
}