{
    "JFAJHCDAPJP": {
        "1": {
            "$type": "EEHBICBKION",
            "JHGKCNMFHHI": 70120004,
            "JLHNLMINEOL": {
                "x": -66.58360290527344,
                "y": 126.46520233154297,
                "z": 74.64559173583984
            },
            "NAKNKBEOHJG": {
                "y": 104.37899780273438
            },
            "LBOPGJOHIKN": true,
            "LMFODLLJCNF": "",
            "FNFALPACEID": {
                "x": 6.0,
                "y": 5.0,
                "z": 5.0
            }
        },
        "2": {
            "$type": "EDDOADMFKKD",
            "JHGKCNMFHHI": 70010006,
            "JLHNLMINEOL": {
                "x": -130.0146026611328,
                "y": 34.29082107543945,
                "z": 49.08124923706055
            },
            "NAKNKBEOHJG": {
                "y": 351.9455871582031
            },
            "LBOPGJOHIKN": true,
            "LMFODLLJCNF": "",
            "FNFALPACEID": {
                "x": 15.0,
                "y": 15.0,
                "z": 15.0
            }
        },
        "3": {
            "$type": "EDDOADMFKKD",
            "JHGKCNMFHHI": 70010006,
            "JLHNLMINEOL": {
                "x": -122.97209930419922,
                "y": 47.03947830200195,
                "z": 137.91360473632812
            },
            "NAKNKBEOHJG": {
                "y": 41.95389938354492
            },
            "LBOPGJOHIKN": true,
            "LMFODLLJCNF": "",
            "FNFALPACEID": {
                "x": 15.0,
                "y": 15.0,
                "z": 15.0
            }
        },
        "4": {
            "$type": "EDDOADMFKKD",
            "JHGKCNMFHHI": 70010006,
            "JLHNLMINEOL": {
                "x": -93.93446350097656,
                "y": 63.377620697021484,
                "z": 148.59410095214844
            },
            "NAKNKBEOHJG": {
                "y": 73.63179779052734
            },
            "LBOPGJOHIKN": true,
            "LMFODLLJCNF": "",
            "FNFALPACEID": {
                "x": 20.0,
                "y": 20.0,
                "z": 20.0
            }
        },
        "5": {
            "$type": "EDDOADMFKKD",
            "JHGKCNMFHHI": 70010006,
            "JLHNLMINEOL": {
                "x": -22.265350341796875,
                "y": 65.50019073486328,
                "z": 109.53469848632812
            },
            "NAKNKBEOHJG": {
                "y": 141.2115020751953
            },
            "LBOPGJOHIKN": true,
            "LMFODLLJCNF": "",
            "FNFALPACEID": {
                "x": 15.0,
                "y": 15.0,
                "z": 15.0
            }
        },
        "6": {
            "$type": "EDDOADMFKKD",
            "JHGKCNMFHHI": 70010006,
            "JLHNLMINEOL": {
                "x": -11.848810195922852,
                "y": 111.69640350341797,
                "z": 68.45023345947266
            },
            "NAKNKBEOHJG": {
                "y": 263.7818908691406
            },
            "LBOPGJOHIKN": true,
            "LMFODLLJCNF": "",
            "FNFALPACEID": {
                "x": 15.0,
                "y": 15.0,
                "z": 15.0
            }
        }
    },
    "CJADLMKHEAK": {
        "1": {
            "$type": "EEPFPHOBDAD",
            "JHGKCNMFHHI": 70010006,
            "JLHNLMINEOL": {
                "x": -98.82579040527344,
                "y": -6.6196770668029785,
                "z": 21.492889404296875
            },
            "LBOPGJOHIKN": true,
            "LMFODLLJCNF": "",
            "IHHBDJGHCDM": 500.0,
            "EBDCAELNBKO": true,
            "MNIAJDNCKNB": "DeadRegion",
            "CAKDIBPBMBH": {
                "$type": "IBOOEPBPDKK",
                "JOLGIIECNFP": true,
                "KKFIKNJKGOE": 50.0,
                "HCAIGMDJLMK": "Center",
                "DPPNCNEMOOD": 600.0,
                "JCPKDKOCHDM": 600.0
            },
            "CGPEMLLDMID": ""
        }
    }
}