{
    "JFAJHCDAPJP": {
        "1": {
            "$type": "EEHBICBKION",
            "JHGKCNMFHHI": 70010001,
            "JLHNLMINEOL": {
                "x": -0.1637706756591797,
                "y": 17.860979080200195,
                "z": 696.8057861328125
            },
            "BABPJCCCMPA": {
                "y": -3.1689999103546143,
                "z": 670.1317138671875
            },
            "LMFODLLJCNF": "",
            "FNFALPACEID": {
                "x": 5.0,
                "y": 5.0,
                "z": 5.0
            }
        }
    }
}