{
    "JFAJHCDAPJP": {
        "1": {
            "$type": "EEHBICBKION",
            "JHGKCNMFHHI": 70120004,
            "JLHNLMINEOL": {
                "x": 525.5480346679688,
                "y": 80.50823211669922,
                "z": 460.4757080078125
            },
            "BABPJCCCMPA": {
                "x": 525.5480346679688,
                "y": 80.50823211669922,
                "z": 460.4757080078125
            },
            "LMFODLLJCNF": "",
            "FNFALPACEID": {
                "x": 3.0,
                "y": 3.0,
                "z": 3.0
            }
        }
    },
    "CJADLMKHEAK": {
        "1": {
            "$type": "EEPFPHOBDAD",
            "JHGKCNMFHHI": 70010006,
            "JLHNLMINEOL": {
                "x": 521.6232299804688,
                "y": 35.249977111816406,
                "z": 459.0600891113281
            },
            "LBOPGJOHIKN": true,
            "LMFODLLJCNF": "",
            "IHHBDJGHCDM": 500.0,
            "EBDCAELNBKO": true,
            "MNIAJDNCKNB": "DeadRegion",
            "CAKDIBPBMBH": {
                "$type": "IBOOEPBPDKK",
                "JOLGIIECNFP": true,
                "KKFIKNJKGOE": 80.0,
                "HCAIGMDJLMK": "Center",
                "DPPNCNEMOOD": 150.0,
                "JCPKDKOCHDM": 150.0
            },
            "OCGNAOFHLFN": -20648,
            "OLPGHGHNFMA": {
                "x": 20.0,
                "y": 20.0,
                "z": 20.0
            },
            "CGPEMLLDMID": ""
        }
    }
}