{
    "JFAJHCDAPJP": {
        "1": {
            "$type": "NBPMJOMGEBG",
            "JHGKCNMFHHI": 70120003,
            "JLHNLMINEOL": {
                "x": 11.621500015258789,
                "y": -3.0719947814941406,
                "z": 50.15281677246094
            },
            "NAKNKBEOHJG": {
                "y": 270.0
            },
            "LBOPGJOHIKN": true,
            "LMFODLLJCNF": "",
            "FNFALPACEID": {
                "x": 30.0,
                "y": 10.0,
                "z": 30.0
            }
        },
        "2": {
            "$type": "NBPMJOMGEBG",
            "JHGKCNMFHHI": 70120003,
            "JLHNLMINEOL": {
                "x": 30.01756477355957,
                "y": 7.7846832275390625,
                "z": -59.99269485473633
            },
            "LBOPGJOHIKN": true,
            "LMFODLLJCNF": "",
            "FNFALPACEID": {
                "x": 20.0,
                "y": 10.0,
                "z": 30.0
            }
        },
        "3": {
            "$type": "NBPMJOMGEBG",
            "JHGKCNMFHHI": 70120003,
            "JLHNLMINEOL": {
                "x": 137.7498779296875,
                "y": 60.248470306396484,
                "z": -13.957001686096191
            },
            "NAKNKBEOHJG": {
                "y": 180.0
            },
            "LBOPGJOHIKN": true,
            "LMFODLLJCNF": "",
            "FNFALPACEID": {
                "x": 30.0,
                "y": 10.0,
                "z": 40.0
            }
        },
        "4": {
            "$type": "EEHBICBKION",
            "JHGKCNMFHHI": 70120004,
            "JLHNLMINEOL": {
                "x": 166.25990295410156,
                "y": 81.4580078125,
                "z": -22.14834976196289
            },
            "NAKNKBEOHJG": {
                "y": 90.0
            },
            "LBOPGJOHIKN": true,
            "LMFODLLJCNF": "",
            "FNFALPACEID": {
                "x": 5.0,
                "y": 5.0,
                "z": 5.0
            }
        },
        "5": {
            "$type": "EDDOADMFKKD",
            "JHGKCNMFHHI": 70010006,
            "JLHNLMINEOL": {
                "x": -32.593650817871094,
                "y": 1.0,
                "z": 53.14493942260742
            },
            "NAKNKBEOHJG": {
                "x": 359.93109130859375,
                "y": 173.78280639648438,
                "z": 1.9443000555038452
            },
            "LBOPGJOHIKN": true,
            "LMFODLLJCNF": "",
            "FNFALPACEID": {
                "x": 15.0,
                "y": 15.0,
                "z": 15.0
            }
        },
        "6": {
            "$type": "EDDOADMFKKD",
            "JHGKCNMFHHI": 70010006,
            "JLHNLMINEOL": {
                "x": 4.904983997344971,
                "y": 1.0671969652175903,
                "z": 17.827049255371094
            },
            "NAKNKBEOHJG": {
                "y": 357.76019287109375
            },
            "LBOPGJOHIKN": true,
            "LMFODLLJCNF": "",
            "FNFALPACEID": {
                "x": 15.0,
                "y": 15.0,
                "z": 15.0
            }
        },
        "7": {
            "$type": "EDDOADMFKKD",
            "JHGKCNMFHHI": 70010006,
            "JLHNLMINEOL": {
                "x": 41.54072952270508,
                "y": 8.979337692260742,
                "z": -50.008609771728516
            },
            "NAKNKBEOHJG": {
                "y": 179.72059631347656
            },
            "LBOPGJOHIKN": true,
            "LMFODLLJCNF": "",
            "FNFALPACEID": {
                "x": 15.0,
                "y": 15.0,
                "z": 15.0
            }
        },
        "8": {
            "$type": "EDDOADMFKKD",
            "JHGKCNMFHHI": 70010006,
            "JLHNLMINEOL": {
                "x": 135.71580505371094,
                "y": 58.81557083129883,
                "z": -22.131750106811523
            },
            "NAKNKBEOHJG": {
                "y": 181.65879821777344
            },
            "LBOPGJOHIKN": true,
            "LMFODLLJCNF": "",
            "FNFALPACEID": {
                "x": 15.0,
                "y": 15.0,
                "z": 15.0
            }
        },
        "9": {
            "$type": "EDDOADMFKKD",
            "JHGKCNMFHHI": 70010006,
            "JLHNLMINEOL": {
                "x": 197.01780700683594,
                "y": 60.51055908203125,
                "z": -21.77773094177246
            },
            "NAKNKBEOHJG": {
                "y": 181.83670043945312
            },
            "LBOPGJOHIKN": true,
            "LMFODLLJCNF": ""
        }
    },
    "HGDHNEPDOGI": {
        "2": {
            "$type": "OAAFDINJIII",
            "JHGKCNMFHHI": 70610102,
            "JLHNLMINEOL": {
                "x": -6.019466876983643,
                "y": -30.289630889892578,
                "z": -46.3509407043457
            },
            "LMFODLLJCNF": "",
            "LNFMDHIMEPH": 5.0,
            "MEGCIDMLMMG": "Eff_Windfield_Stay",
            "BFMDDNOOPJE": "Eff_Windfield_Enter"
        },
        "3": {
            "$type": "OAAFDINJIII",
            "JHGKCNMFHHI": 70610102,
            "JLHNLMINEOL": {
                "x": 200.3531951904297,
                "y": 42.40401077270508,
                "z": -21.997690200805664
            },
            "LMFODLLJCNF": "",
            "LNFMDHIMEPH": 8.0,
            "MEGCIDMLMMG": "Eff_Windfield_Stay",
            "BFMDDNOOPJE": "Eff_Windfield_Enter"
        }
    },
    "CJADLMKHEAK": {
        "1": {
            "$type": "EEPFPHOBDAD",
            "JHGKCNMFHHI": 70010006,
            "JLHNLMINEOL": {
                "x": -49.6697883605957,
                "y": 1.0558099746704102,
                "z": 86.2003173828125
            },
            "LBOPGJOHIKN": true,
            "LMFODLLJCNF": "",
            "MNIAJDNCKNB": "NoReviveRegion",
            "CAKDIBPBMBH": {
                "$type": "IBOOEPBPDKK",
                "JOLGIIECNFP": true,
                "KKFIKNJKGOE": 50.0,
                "HCAIGMDJLMK": "Center",
                "DPPNCNEMOOD": 50.0,
                "JCPKDKOCHDM": 50.0
            },
            "CGPEMLLDMID": ""
        },
        "10": {
            "$type": "EEPFPHOBDAD",
            "JHGKCNMFHHI": 70010006,
            "JLHNLMINEOL": {
                "x": -27.298370361328125,
                "y": 14.481969833374023,
                "z": -105.40180206298828
            },
            "LBOPGJOHIKN": true,
            "LMFODLLJCNF": "",
            "IHHBDJGHCDM": 500.0,
            "EBDCAELNBKO": true,
            "MNIAJDNCKNB": "DeadRegion",
            "CAKDIBPBMBH": {
                "$type": "IBOOEPBPDKK",
                "JOLGIIECNFP": true,
                "KKFIKNJKGOE": 50.0,
                "HCAIGMDJLMK": "Center",
                "DPPNCNEMOOD": 100.0,
                "JCPKDKOCHDM": 100.0
            },
            "CGPEMLLDMID": ""
        },
        "2": {
            "$type": "EEPFPHOBDAD",
            "JHGKCNMFHHI": 70010006,
            "JLHNLMINEOL": {
                "x": -98.21781921386719,
                "y": 1.0000014305114746,
                "z": 15.732072830200195
            },
            "LBOPGJOHIKN": true,
            "LMFODLLJCNF": "",
            "MNIAJDNCKNB": "NoReviveRegion",
            "CAKDIBPBMBH": {
                "$type": "IBOOEPBPDKK",
                "JOLGIIECNFP": true,
                "KKFIKNJKGOE": 100.0,
                "HCAIGMDJLMK": "Center",
                "DPPNCNEMOOD": 100.0,
                "JCPKDKOCHDM": 100.0
            },
            "CGPEMLLDMID": ""
        },
        "3": {
            "$type": "EEPFPHOBDAD",