{
    "JFAJHCDAPJP": {
        "1": {
            "$type": "EEHBICBKION",
            "JHGKCNMFHHI": 70120004,
            "JLHNLMINEOL": {
                "x": 492.3885803222656,
                "y": 100.54150390625,
                "z": 488.45556640625
            },
            "BABPJCCCMPA": {
                "x": 492.044921875,
                "y": 100.54150390625,
                "z": 487.9795227050781
            },
            "LMFODLLJCNF": "",
            "FNFALPACEID": {
                "x": 3.0,
                "y": 3.0,
                "z": 3.0
            }
        }
    }
}