{
    "JFAJHCDAPJP": {
        "1": {
            "$type": "EEHBICBKION",
            "JHGKCNMFHHI": 70120004,
            "JLHNLMINEOL": {
                "x": 0.2157595157623291,
                "y": 2.9743618965148926,
                "z": -79.98050689697266
            },
            "LBOPGJOHIKN": true,
            "LMFODLLJCNF": "",
            "FNFALPACEID": {
                "x": 5.0,
                "y": 5.0,
                "z": 5.0
            }
        }
    }
}