{
    "JFAJHCDAPJP": {
        "1": {
            "$type": "EEHBICBKION",
            "JHGKCNMFHHI": 70110002,
            "JLHNLMINEOL": {
                "x": 199.1300048828125,
                "y": 59.01650619506836,
                "z": 397.1000061035156
            },
            "NAKNKBEOHJG": {
                "y": 180.3800048828125
            },
            "LBOPGJOHIKN": true,
            "LMFODLLJCNF": "",
            "FNFALPACEID": {
                "x": 5.0,
                "y": 5.0,
                "z": 5.0
            }
        },
        "3": {
            "$type": "NBPMJOMGEBG",
            "JHGKCNMFHHI": 70120003,
            "JLHNLMINEOL": {
                "x": -8.305451393127441,
                "y": 47.01626205444336,
                "z": 56.988975524902344
            },
            "NAKNKBEOHJG": {
                "y": 90.0
            },
            "LBOPGJOHIKN": true,
            "LMFODLLJCNF": "",
            "FNFALPACEID": {
                "x": 30.0,
                "y": 20.0,
                "z": 30.0
            },
            "FEPFHLBPEHC": [
                220006002
            ]
        },
        "4": {
            "$type": "NBPMJOMGEBG",
            "JHGKCNMFHHI": 70120003,
            "JLHNLMINEOL": {
                "x": 64.21170043945312,
                "y": 39.516239166259766,
                "z": 128.5634002685547
            },
            "NAKNKBEOHJG": {
                "y": 180.0
            },
            "LBOPGJOHIKN": true,
            "LMFODLLJCNF": "",
            "FNFALPACEID": {
                "x": 10.0,
                "y": 20.0,
                "z": 50.0
            },
            "FEPFHLBPEHC": [
                220006003,
                220006004
            ]
        },
        "5": {
            "$type": "NBPMJOMGEBG",
            "JHGKCNMFHHI": 70120003,
            "JLHNLMINEOL": {
                "x": 204.20689392089844,
                "y": 46.01652145385742,
                "z": 180.4284210205078
            },
            "NAKNKBEOHJG": {
                "y": 270.0
            },
            "LBOPGJOHIKN": true,
            "LMFODLLJCNF": "",
            "FNFALPACEID": {
                "x": 40.0,
                "y": 40.0,
                "z": 40.0
            }
        },
        "6": {
            "$type": "NBPMJOMGEBG",
            "JHGKCNMFHHI": 70120003,
            "JLHNLMINEOL": {
                "x": 183.31358337402344,
                "y": 50.516483306884766,
                "z": 289.2301025390625
            },
            "NAKNKBEOHJG": {
                "y": 90.0
            },
            "LBOPGJOHIKN": true,
            "LMFODLLJCNF": "",
            "FNFALPACEID": {
                "x": 50.0,
                "y": 50.0,
                "z": 50.0
            },
            "FEPFHLBPEHC": [
                220006005
            ]
        }
    },
    "HGDHNEPDOGI": {
        "1": {
            "$type": "OAAFDINJIII",
            "JHGKCNMFHHI": 70610102,
            "JLHNLMINEOL": {
                "x": 236.84396362304688,
                "y": 37.2857666015625,
                "z": 182.93905639648438
            },
            "LMFODLLJCNF": "",
            "LNFMDHIMEPH": 10.0,
            "MEGCIDMLMMG": "Eff_Windfield_Stay",
            "BFMDDNOOPJE": "Eff_Windfield_Enter"
        },
        "2": {
            "$type": "OAAFDINJIII",
            "JHGKCNMFHHI": 70610102,
            "JLHNLMINEOL": {
                "x": 247.36611938476562,
                "y": 46.67617416381836,
                "z": 230.27880859375
            },
            "LBOPGJOHIKN": true,
            "LMFODLLJCNF": "",
            "LNFMDHIMEPH": 10.0,
            "MEGCIDMLMMG": "Eff_Windfield_Stay",
            "BFMDDNOOPJE": "Eff_Windfield_Enter"
        },
        "3": {
            "$type": "OAAFDINJIII",
            "JHGKCNMFHHI": 70610102,
            "JLHNLMINEOL": {
                "x": 234.72528076171875,
                "y": 51.90692901611328,
                "z": 257.3619384765625
            },
            "LBOPGJOHIKN": true,
            "LMFODLLJCNF": "",
            "LNFMDHIMEPH": 10.0,
            "MEGCIDMLMMG": "Eff_Windfield_Stay",
            "BFMDDNOOPJE": "Eff_Windfield_Enter"
        }
    },
    "CJADLMKHEAK": {
        "1": {
            "$type": "EEPFPHOBDAD",
            "JHGKCNMFHHI": 70010006,
            "JLHNLMINEOL": {
                "x": 53.22272491455078,
                "y": 41.20000076293945,
                "z": 20.563684463500977
            },
            "LBOPGJOHIKN": true,
            "LMFODLLJCNF": "",
            "MNIAJDNCKNB": "DeadRegion",
            "CAKDIBPBMBH": {
                "$type": "IBOOEPBPDKK",
                "JOLGIIECNFP": true,
                "KKFIKNJKGOE": 7.360000133514404,
                "HCAIGMDJLMK": "Center",
                "DPPNCNEMOOD": 64.0,
                "JCPKDKOCHDM": 111.83000183105469
            },
            "CGPEMLLDMID": ""
        },
        "10": {
            "$type": "EEPFPHOBDAD",
            "JHGKCNMFHHI": 70010006,
            "JLHNLMINEOL": {
                "x": 16.8221492767334,
                "y": 22.6299991607666,
                "z": 176.857177734375
            },
            "LBOPGJOHIKN": true,
            "LMFODLLJCNF": "",
            "MNIAJDNCKNB": "DeadRegion",
            "CAKDIBPBMBH": {
                "$type": "IBOOEPBPDKK",
                "JOLGIIECNFP": true,
                "KKFIKNJKGOE": 16.299999237060547,
                "HCAIGMDJLMK": "Center",
                "DPPNCNEMOOD": 120.4000015258789,
                "JCPKDKOCHDM": 92.80000305175781
            },
            "CGPEMLLDMID": ""
        },
        "12": {
            "$type": "EEPFPHOBDAD",
            "JHGKCNMFHHI": 70010006,
            "JLHNLMINEOL": {
                "x": 154.10000610351562,
                "y": 46.161380767822266,
                "z": 84.69999694824219
            },
            "LBOPGJOHIKN": true,
            "LMFODLLJCNF": "",
            "MNIAJDNCKNB": "ReturnRegion",
            "CAKDIBPBMBH": {
                "$type": "IBOOEPBPDKK",
                "JOLGIIECNFP": true,
                "KKFIKNJKGOE": 200.0,
                "HCAIGMDJLMK": "Center",
                "DPPNCNEMOOD": 200.0,
                "JCPKDKOCHDM": 5.0
            },
            "DEIENLIGGAF": 15.0,
            "CGPEMLLDMID": ""
        },
        "13": {
            "$type": "EEPFPHOBDAD",
            "JHGKCNMFHHI": 70010006,
            "JLHNLMINEOL": {
                "x": 288.0,
                "y": 50.516700744628906,
                "z": 295.0
            },
            "LBOPGJOHIKN": true,
            "LMFODLLJCNF": "",
            "MNIAJDNCKNB": "ReturnRegion",
            "CAKDIBPBMBH": {
                "$type": "IBOOEPBPDKK",
                "JOLGIIECNFP": true,
                "KKFIKNJKGOE": 200.0,
                "HCAIGMDJLMK": "Center",
                "DPPNCNEMOOD": 150.0,
                "JCPKDKOCHDM": 5.0
            },
            "DEIENLIGGAF": 15.0,
            "CGPEMLLDMID": ""
        },
        "14": {
            "$type": "EEPFPHOBDAD",
            "JHGKCNMFHHI": 70010006,
            "JLHNLMINEOL": {
                "x": 94.80000305175781,
                "y": 50.51668930053711,
                "z": 289.9305114746094
            },
            "LBOPGJOHIKN": true,
            "LMFODLLJCNF": "",
            "MNIAJDNCKNB": "NoReviveRegion",
            "CAKDIBPBMBH": {
                "$type": "IBOOEPBPDKK",
                "JOLGIIECNFP": true,
                "KKFIKNJKGOE": 200.0,
                "HCAIGMDJLMK": "Center",
                "DPPNCNEMOOD": 150.0,
                "JCPKDKOCHDM": 5.0
            },
            "DEIENLIGGAF": 15.0,