{
    "JFAJHCDAPJP": {
        "1": {
            "$type": "OJNPIDGMMBH",
            "JHGKCNMFHHI": 70010002,
            "JLHNLMINEOL": {
                "x": 4.514344215393066,
                "y": -2.639436719961165e-16,
                "z": 4.260007381439209
            },
            "NAKNKBEOHJG": {
                "y": 268.99981689453125
            },
            "BABPJCCCMPA": {
                "x": 2302.1240234375,
                "y": 214.09120178222656,
                "z": -922.9132080078125
            },
            "NCFCCHKIEGO": {
                "y": 320.0
            },
            "LBOPGJOHIKN": true,
            "LMFODLLJCNF": "",
            "IKGLHJNELGA": 3,
            "NLHHDFEMOAB": "UI_SCENE_ENTRY_EXIT_ANGELSHARE",
            "JEDHOHENEOG": {
                "x": 1.5,
                "y": 1.5,
                "z": 1.5
            },
            "JEHJBBGDGPL": 24.0
        },
        "2": {
            "$type": "OJNPIDGMMBH",
            "JHGKCNMFHHI": 70010002,
            "JLHNLMINEOL": {
                "x": -4.758655071258545,
                "y": 0.4097932279109955,
                "z": 1.4846553802490234
            },
            "NAKNKBEOHJG": {
                "y": 91.58380889892578
            },
            "BABPJCCCMPA": {
                "x": 2313.199951171875,
                "y": 215.3000030517578,
                "z": -929.7999877929688
            },
            "NCFCCHKIEGO": {
                "y": 146.0
            },
            "LBOPGJOHIKN": true,
            "LMFODLLJCNF": "",
            "IKGLHJNELGA": 3,
            "NLHHDFEMOAB": "UI_SCENE_ENTRY_EXIT_ANGELSHARE",
            "JEDHOHENEOG": {
                "x": 1.5,
                "y": 1.5,
                "z": 1.5
            },
            "JEHJBBGDGPL": 24.0
        },
        "3": {
            "$type": "OJNPIDGMMBH",
            "JHGKCNMFHHI": 70010002,
            "JLHNLMINEOL": {
                "x": 0.018412593752145767,
                "y": 4.896610260009766,
                "z": 8.859965324401855
            },
            "NAKNKBEOHJG": {
                "y": 178.4371795654297
            },
            "BABPJCCCMPA": {
                "x": 2302.115966796875,
                "y": 219.0,
                "z": -929.3480224609375
            },
            "NCFCCHKIEGO": {
                "y": 227.0
            },
            "LBOPGJOHIKN": true,
            "LMFODLLJCNF": "",
            "IKGLHJNELGA": 3,
            "NLHHDFEMOAB": "UI_SCENE_ENTRY_EXIT_ANGELSHARE",
            "JEDHOHENEOG": {
                "x": 1.5,
                "y": 1.5,
                "z": 1.5
            },
            "JEHJBBGDGPL": 24.0
        }
    }
}