{
    "JFAJHCDAPJP": {
        "1": {
            "$type": "EEHBICBKION",
            "JHGKCNMFHHI": 70120004,
            "JLHNLMINEOL": {
                "x": 178.10069274902344,
                "y": 60.527400970458984,
                "z": -21.906169891357422
            },
            "NAKNKBEOHJG": {
                "y": 270.0
            },
            "LBOPGJOHIKN": true,
            "LMFODLLJCNF": "",
            "FNFALPACEID": {
                "x": 5.0,
                "y": 5.0,
                "z": 5.0
            }
        },
        "2": {
            "$type": "NBPMJOMGEBG",
            "JHGKCNMFHHI": 70120003,
            "JLHNLMINEOL": {
                "x": 11.751049995422363,
                "y": -3.0548439025878906,
                "z": 50.06526184082031
            },
            "NAKNKBEOHJG": {
                "y": 270.0
            },
            "LBOPGJOHIKN": true,
            "LMFODLLJCNF": "",
            "FNFALPACEID": {
                "x": 5.0,
                "y": 10.0,
                "z": 20.0
            }
        },
        "3": {
            "$type": "NBPMJOMGEBG",
            "JHGKCNMFHHI": 70120003,
            "JLHNLMINEOL": {
                "x": 29.68968963623047,
                "y": 7.7786359786987305,
                "z": -60.77996826171875
            },
            "LBOPGJOHIKN": true,
            "LMFODLLJCNF": "",
            "FNFALPACEID": {
                "x": 5.0,
                "y": 10.0,
                "z": 20.0
            }
        }
    },
    "CJADLMKHEAK": {
        "1": {
            "$type": "EEPFPHOBDAD",
            "JHGKCNMFHHI": 70010006,
            "JLHNLMINEOL": {
                "x": -49.6697883605957,
                "y": 1.0558099746704102,
                "z": 86.2003173828125
            },
            "LBOPGJOHIKN": true,
            "LMFODLLJCNF": "",
            "MNIAJDNCKNB": "NoReviveRegion",
            "CAKDIBPBMBH": {
                "$type": "IBOOEPBPDKK",
                "JOLGIIECNFP": true,
                "KKFIKNJKGOE": 50.0,
                "HCAIGMDJLMK": "Center",
                "DPPNCNEMOOD": 50.0,
                "JCPKDKOCHDM": 50.0
            },
            "CGPEMLLDMID": ""
        },
        "10": {
            "$type": "EEPFPHOBDAD",
            "JHGKCNMFHHI": 70010006,
            "JLHNLMINEOL": {
                "x": -27.298370361328125,
                "y": 14.481969833374023,
                "z": -105.40180206298828
            },
            "LBOPGJOHIKN": true,
            "LMFODLLJCNF": "",
            "IHHBDJGHCDM": 500.0,
            "EBDCAELNBKO": true,
            "MNIAJDNCKNB": "DeadRegion",
            "CAKDIBPBMBH": {
                "$type": "IBOOEPBPDKK",
                "JOLGIIECNFP": true,
                "KKFIKNJKGOE": 50.0,
                "HCAIGMDJLMK": "Center",
                "DPPNCNEMOOD": 100.0,
                "JCPKDKOCHDM": 100.0
            },
            "CGPEMLLDMID": ""
        },
        "2": {
            "$type": "EEPFPHOBDAD",
            "JHGKCNMFHHI": 70010006,
            "JLHNLMINEOL": {
                "x": -98.21781921386719,
                "y": 1.0000014305114746,
                "z": 15.732072830200195
            },
            "LBOPGJOHIKN": true,
            "LMFODLLJCNF": "",
            "MNIAJDNCKNB": "NoReviveRegion",
            "CAKDIBPBMBH": {
                "$type": "IBOOEPBPDKK",
                "JOLGIIECNFP": true,
                "KKFIKNJKGOE": 100.0,
                "HCAIGMDJLMK": "Center",
                "DPPNCNEMOOD": 100.0,
                "JCPKDKOCHDM": 100.0
            },
            "CGPEMLLDMID": ""
        },
        "3": {
            "$type": "EEPFPHOBDAD",
            "JHGKCNMFHHI": 70010006,
            "JLHNLMINEOL": {
                "x": 51.5723876953125,
                "y": 0.6200000047683716,
                "z": 4.450440406799316
            },
            "LBOPGJOHIKN": true,
            "LMFODLLJCNF": "",
            "MNIAJDNCKNB": "NoReviveRegion",
            "CAKDIBPBMBH": {
                "$type": "IBOOEPBPDKK",
                "JOLGIIECNFP": true,
                "KKFIKNJKGOE": 100.0,
                "HCAIGMDJLMK": "Center",
                "DPPNCNEMOOD": 50.0,
                "JCPKDKOCHDM": 100.0
            },
            "CGPEMLLDMID": ""
        },
        "4": {
            "$type": "EEPFPHOBDAD",
            "JHGKCNMFHHI": 70010006,
            "JLHNLMINEOL": {
                "x": 214.1281280517578,
                "y": 65.84339904785156,
                "z": 74.86680603027344
            },
            "LBOPGJOHIKN": true,
            "LMFODLLJCNF": "",
            "MNIAJDNCKNB": "NoReviveRegion",
            "CAKDIBPBMBH": {
                "$type": "IBOOEPBPDKK",
                "JOLGIIECNFP": true,
                "KKFIKNJKGOE": 100.0,
                "HCAIGMDJLMK": "Center",
                "DPPNCNEMOOD": 100.0,
                "JCPKDKOCHDM": 100.0
            },
            "CGPEMLLDMID": ""
        },
        "5": {
            "$type": "EEPFPHOBDAD",
            "JHGKCNMFHHI": 70010006,
            "JLHNLMINEOL": {
                "x": 128.51548767089844,
                "y": 66.7650375366211,
                "z": -111.60623168945312
            },
            "LBOPGJOHIKN": true,
            "LMFODLLJCNF": "",
            "MNIAJDNCKNB": "NoReviveRegion",
            "CAKDIBPBMBH": {
                "$type": "IBOOEPBPDKK",
                "JOLGIIECNFP": true,
                "KKFIKNJKGOE": 100.0,
                "HCAIGMDJLMK": "Center",
                "DPPNCNEMOOD": 100.0,
                "JCPKDKOCHDM": 100.0
            },
            "CGPEMLLDMID": ""
        },
        "6": {
            "$type": "EEPFPHOBDAD",
            "JHGKCNMFHHI": 70010006,
            "JLHNLMINEOL": {
                "x": 125.8470458984375,
                "y": 35.69606018066406,
                "z": 49.85265350341797
            },
            "LBOPGJOHIKN": true,
            "LMFODLLJCNF": "",
            "MNIAJDNCKNB": "NoReviveRegion",
            "CAKDIBPBMBH": {
                "$type": "IBOOEPBPDKK",
                "JOLGIIECNFP": true,
                "KKFIKNJKGOE": 100.0,
                "HCAIGMDJLMK": "Center",
                "DPPNCNEMOOD": 100.0,
                "JCPKDKOCHDM": 100.0
            },
            "CGPEMLLDMID": ""
        },
        "7": {
            "$type": "EEPFPHOBDAD",
            "JHGKCNMFHHI": 70010006,
            "JLHNLMINEOL": {
                "x": 4.489606857299805,
                "y": -34.992069244384766,
                "z": 1.7352410554885864
            },
            "LBOPGJOHIKN": true,
            "LMFODLLJCNF": "",
            "IHHBDJGHCDM": 500.0,
            "EBDCAELNBKO": true,
            "MNIAJDNCKNB": "DeadRegion",
            "CAKDIBPBMBH": {
                "$type": "IBOOEPBPDKK",
                "JOLGIIECNFP": true,
                "KKFIKNJKGOE": 50.0,
                "HCAIGMDJLMK": "Center",
                "DPPNCNEMOOD": 200.0,
                "JCPKDKOCHDM": 200.0
            },
            "CGPEMLLDMID": ""
        },
        "8": {
            "$type": "EEPFPHOBDAD",
            "JHGKCNMFHHI": 70010006,
            "JLHNLMINEOL": {
                "x": 2.3383729457855225,
                "y": -28.769689559936523,
                "z": -32.90224075317383
            },
            "LBOPGJOHIKN": true,
            "LMFODLLJCNF": "",
            "IHHBDJGHCDM": 500.0,
            "EBDCAELNBKO": true,
            "MNIAJDNCKNB": "DeadRegion",
            "CAKDIBPBMBH": {
                "$type": "IBOOEPBPDKK",
                "JOLGIIECNFP": true,
                "KKFIKNJKGOE": 50.0,
                "HCAIGMDJLMK": "Center",
                "DPPNCNEMOOD": 100.0,