{
    "JFAJHCDAPJP": {
        "1": {
            "$type": "EEHBICBKION",
            "JHGKCNMFHHI": 70360001,
            "JLHNLMINEOL": {
                "x": -43.10696029663086,
                "y": 4.710000038146973,
                "z": -33.363670349121094
            },
            "LBOPGJOHIKN": true,
            "LMFODLLJCNF": "",
            "FNFALPACEID": {
                "x": 1.0,
                "y": 1.0,
                "z": 1.0
            }
        }
    }
}