{
    "JFAJHCDAPJP": {
        "1": {
            "$type": "EEHBICBKION",
            "MNGKGJOEIJK": "TOWER",
            "JHGKCNMFHHI": 70120004,
            "JLHNLMINEOL": {
                "x": -80.32392883300781,
                "y": 13.321619033813477,
                "z": 83.70763397216797
            },
            "BABPJCCCMPA": {
                "x": -69.94496154785156,
                "y": 13.321619033813477,
                "z": 83.11944580078125
            },
            "LMFODLLJCNF": "",
            "FNFALPACEID": {
                "x": 3.0,
                "y": 3.0,
                "z": 3.0
            }
        }
    }
}