{
    "JFAJHCDAPJP": {
        "1": {
            "$type": "EEHBICBKION",
            "JHGKCNMFHHI": 70120004,
            "JLHNLMINEOL": {
                "x": 32.222679138183594,
                "y": 2.8923397064208984,
                "z": 112.82645416259766
            },
            "NAKNKBEOHJG": {
                "y": 1.1800000667572021
            },
            "LBOPGJOHIKN": true,
            "LMFODLLJCNF": "",
            "FNFALPACEID": {
                "x": 3.0,
                "y": 3.0,
                "z": 3.0
            }
        },
        "3": {
            "$type": "EDDOADMFKKD",
            "JHGKCNMFHHI": 70010006,
            "JLHNLMINEOL": {
                "x": 69.99181365966797,
                "y": 0.3651355504989624,
                "z": 105.49629974365234
            },
            "NAKNKBEOHJG": {
                "y": 180.0
            },
            "LBOPGJOHIKN": true,
            "LMFODLLJCNF": "",
            "FNFALPACEID": {
                "x": 15.0,
                "y": 10.0,
                "z": 20.0
            }
        },
        "6": {
            "$type": "NBPMJOMGEBG",
            "JHGKCNMFHHI": 70010006,
            "JLHNLMINEOL": {
                "x": 16.637020111083984,
                "y": 15.707249641418457,
                "z": 129.34286499023438
            },
            "NAKNKBEOHJG": {
                "y": 90.0
            },
            "LBOPGJOHIKN": true,
            "LMFODLLJCNF": "",
            "FNFALPACEID": {
                "x": 10.0,
                "y": 10.0,
                "z": 10.0
            }
        },
        "7": {
            "$type": "NBPMJOMGEBG",
            "JHGKCNMFHHI": 70010006,
            "JLHNLMINEOL": {
                "x": 57.43595886230469,
                "y": 28.43191909790039,
                "z": 75.94615936279297
            },
            "LBOPGJOHIKN": true,
            "LMFODLLJCNF": "",
            "FNFALPACEID": {
                "x": 8.0,
                "y": 6.0,
                "z": 6.0
            }
        },
        "8": {
            "$type": "EDDOADMFKKD",
            "JHGKCNMFHHI": 70010006,
            "JLHNLMINEOL": {
                "x": 31.98542022705078,
                "y": 2.886341094970703,
                "z": 120.8001708984375
            },
            "LBOPGJOHIKN": true,
            "LMFODLLJCNF": "",
            "FNFALPACEID": {
                "x": 20.0,
                "y": 10.0,
                "z": 20.0
            }
        }
    },
    "CJADLMKHEAK": {
        "1": {
            "$type": "EEPFPHOBDAD",
            "JHGKCNMFHHI": 70010006,
            "JLHNLMINEOL": {
                "x": 34.87874984741211,
                "y": -7.427349090576172,
                "z": 97.09597778320312
            },
            "BABPJCCCMPA": {
                "x": 30.880950927734375,
                "y": 2.0035619735717773,
                "z": 96.75653839111328
            },
            "LBOPGJOHIKN": true,
            "LMFODLLJCNF": "",
            "MNIAJDNCKNB": "NoReviveRegion",
            "CAKDIBPBMBH": {
                "$type": "IBOOEPBPDKK",
                "JOLGIIECNFP": true,
                "KKFIKNJKGOE": 40.0,
                "HCAIGMDJLMK": "Center",
                "DPPNCNEMOOD": 60.0,
                "JCPKDKOCHDM": 21.0
            },
            "CGPEMLLDMID": ""
        },
        "2": {
            "$type": "EEPFPHOBDAD",
            "JHGKCNMFHHI": 70010006,
            "JLHNLMINEOL": {
                "x": 53.87732696533203,
                "y": -14.32843017578125,
                "z": 117.8742904663086
            },
            "BABPJCCCMPA": {
                "x": 66.8731689453125,
                "y": -14.32843017578125,
                "z": 119.27428436279297
            },
            "LBOPGJOHIKN": true,
            "LMFODLLJCNF": "",
            "MNIAJDNCKNB": "NoReviveRegion",
            "CAKDIBPBMBH": {
                "$type": "IBOOEPBPDKK",
                "JOLGIIECNFP": true,
                "KKFIKNJKGOE": 40.0,
                "HCAIGMDJLMK": "Center",
                "DPPNCNEMOOD": 22.0,
                "JCPKDKOCHDM": 21.0
            },
            "CGPEMLLDMID": ""
        },
        "3": {
            "$type": "EEPFPHOBDAD",
            "JHGKCNMFHHI": 70010006,
            "JLHNLMINEOL": {
                "x": 16.992393493652344,
                "y": -7.5634565353393555,
                "z": 112.26005554199219
            },
            "BABPJCCCMPA": {
                "x": 19.330224990844727,
                "y": 1.7305933237075806,
                "z": 115.60597229003906
            },
            "LBOPGJOHIKN": true,
            "LMFODLLJCNF": "",
            "MNIAJDNCKNB": "NoReviveRegion",
            "CAKDIBPBMBH": {
                "$type": "IBOOEPBPDKK",
                "JOLGIIECNFP": true,
                "KKFIKNJKGOE": 40.0,
                "HCAIGMDJLMK": "Center",
                "DPPNCNEMOOD": 10.0,
                "JCPKDKOCHDM": 21.0
            },
            "CGPEMLLDMID": ""
        }
    }
}