{
    "JFAJHCDAPJP": {
        "1": {
            "$type": "EEHBICBKION",
            "JHGKCNMFHHI": 70010001,
            "JLHNLMINEOL": {
                "x": 350.8247985839844,
                "y": 37.12934112548828,
                "z": 355.4822998046875
            },
            "BABPJCCCMPA": {
                "x": 350.8247985839844,
                "y": 37.12934112548828,
                "z": 355.4822998046875
            },
            "LMFODLLJCNF": "",
            "FNFALPACEID": {
                "x": 5.0,
                "y": 5.0,
                "z": 5.0
            }
        }
    }
}