{
    "JFAJHCDAPJP": {
        "1": {
            "$type": "OJNPIDGMMBH",
            "JHGKCNMFHHI": 70010002,
            "JLHNLMINEOL": {
                "x": -0.05581182241439819,
                "y": 0.1999988704919815,
                "z": 12.945052146911621
            },
            "BABPJCCCMPA": {
                "x": -2536.7529296875,
                "y": 275.8833923339844,
                "z": -4621.15478515625
            },
            "NCFCCHKIEGO": {
                "y": 277.0
            },
            "LBOPGJOHIKN": true,
            "LMFODLLJCNF": "",
            "IKGLHJNELGA": 3,
            "NLHHDFEMOAB": "UI_SCENE_ENTRY_EXIT_SHEFENGXING",
            "JEDHOHENEOG": {
                "x": 3.0,
                "y": 3.0,
                "z": 3.0
            },
            "JEHJBBGDGPL": 24.0
        }
    }
}