{
    "JFAJHCDAPJP": {
        "1": {
            "$type": "EEHBICBKION",
            "JHGKCNMFHHI": 70010001,
            "JLHNLMINEOL": {
                "x": 452.77117919921875,
                "y": 31.24724578857422,
                "z": 526.962646484375
            },
            "BABPJCCCMPA": {
                "x": 319.9519348144531,
                "y": 0.029999196529388428,
                "z": 477.7627868652344
            },
            "LMFODLLJCNF": "",
            "FNFALPACEID": {
                "x": 5.0,
                "y": 5.0,
                "z": 5.0
            }
        }
    }
}