{
    "JFAJHCDAPJP": {
        "1": {
            "$type": "EEHBICBKION",
            "JHGKCNMFHHI": 70360001,
            "JLHNLMINEOL": {
                "x": 34.44301986694336,
                "y": -4.003147125244141,
                "z": 8.848396301269531
            },
            "LBOPGJOHIKN": true,
            "LMFODLLJCNF": "",
            "FNFALPACEID": {
                "x": 1.0,
                "y": 1.0,
                "z": 1.0
            }
        }
    }
}