{
    "JFAJHCDAPJP": {
        "1": {
            "$type": "EEHBICBKION",
            "JHGKCNMFHHI": 70120004,
            "JLHNLMINEOL": {
                "x": 54.5260009765625,
                "y": 25.60999870300293,
                "z": 94.31713104248047
            },
            "BABPJCCCMPA": {
                "x": 491.4590148925781,
                "y": 100.54150390625,
                "z": 487.8755187988281
            },
            "LMFODLLJCNF": "",
            "FNFALPACEID": {
                "x": 2.0,
                "y": 2.0,
                "z": 2.0
            }
        }
    }
}