{
    "JFAJHCDAPJP": {
        "1": {
            "$type": "EEHBICBKION",
            "JHGKCNMFHHI": 70120004,
            "JLHNLMINEOL": {
                "x": 217.2493896484375,
                "y": -0.1475609987974167,
                "z": -0.13429275155067444
            },
            "BABPJCCCMPA": {
                "x": 218.80751037597656,
                "y": -0.1475609987974167,
                "z": 0.099995456635952
            },
            "NCFCCHKIEGO": {
                "y": 90.0
            },
            "LMFODLLJCNF": "",
            "FNFALPACEID": {
                "x": 5.0,
                "y": 5.0,
                "z": 5.0
            }
        }
    }
}