{
    "JFAJHCDAPJP": {
        "1": {
            "$type": "EEHBICBKION",
            "MNGKGJOEIJK": "TOWER",
            "JHGKCNMFHHI": 70120004,
            "JLHNLMINEOL": {
                "x": -38.902687072753906,
                "y": -563.1326293945312,
                "z": -347.3212585449219
            },
            "BABPJCCCMPA": {
                "x": -39.917057037353516,
                "y": -563.132568359375,
                "z": -349.1394958496094
            },
            "LBOPGJOHIKN": true,
            "LMFODLLJCNF": "",
            "FNFALPACEID": {
                "x": 3.0,
                "y": 3.0,
                "z": 3.0
            }
        },
        "2": {
            "$type": "NBPMJOMGEBG",
            "JHGKCNMFHHI": 70010006,
            "JLHNLMINEOL": {
                "x": -41.040000915527344,
                "y": -395.6000061035156,
                "z": -29.8700008392334
            },
            "NAKNKBEOHJG": {
                "y": 175.73980712890625
            },
            "LBOPGJOHIKN": true,
            "LMFODLLJCNF": "",
            "FNFALPACEID": {
                "x": 45.0,
                "y": 30.0,
                "z": 45.0
            }
        },
        "3": {
            "$type": "EDDOADMFKKD",
            "JHGKCNMFHHI": 70010006,
            "JLHNLMINEOL": {
                "x": -35.57112121582031,
                "y": -396.1199951171875,
                "z": -36.270301818847656
            },
            "NAKNKBEOHJG": {
                "y": 175.09776306152344
            },
            "LBOPGJOHIKN": true,
            "LMFODLLJCNF": "",
            "FNFALPACEID": {
                "x": 40.0,
                "y": 40.0,
                "z": 40.0
            }
        },
        "4": {
            "$type": "NBPMJOMGEBG",
            "JHGKCNMFHHI": 70010006,
            "JLHNLMINEOL": {
                "x": -36.39178466796875,
                "y": -255.6970672607422,
                "z": 45.56312561035156
            },
            "NAKNKBEOHJG": {
                "y": 175.73976135253906
            },
            "LBOPGJOHIKN": true,
            "LMFODLLJCNF": "",
            "FNFALPACEID": {
                "x": 45.0,
                "y": 20.760000228881836,
                "z": 45.0
            }
        },
        "5": {
            "$type": "EDDOADMFKKD",
            "JHGKCNMFHHI": 70010006,
            "JLHNLMINEOL": {
                "x": -36.674224853515625,
                "y": -255.69654846191406,
                "z": 45.246612548828125
            },
            "NAKNKBEOHJG": {
                "y": 175.09776306152344
            },
            "LBOPGJOHIKN": true,
            "LMFODLLJCNF": "",
            "FNFALPACEID": {
                "x": 25.0,
                "y": 25.0,
                "z": 25.0
            }
        },
        "6": {
            "$type": "NBPMJOMGEBG",
            "JHGKCNMFHHI": 70010006,
            "JLHNLMINEOL": {
                "x": -45.26545333862305,
                "y": -580.9456176757812,
                "z": -135.8896026611328
            },
            "NAKNKBEOHJG": {
                "y": 175.73980712890625
            },
            "LBOPGJOHIKN": true,
            "LMFODLLJCNF": "",
            "FNFALPACEID": {
                "x": 20.0,
                "y": 20.0,
                "z": 20.0
            }
        },
        "7": {
            "$type": "EDDOADMFKKD",
            "JHGKCNMFHHI": 70010006,
            "JLHNLMINEOL": {
                "x": -40.84986877441406,
                "y": -575.989990234375,
                "z": -40.150875091552734
            },
            "NAKNKBEOHJG": {
                "y": 176.6178436279297
            },
            "LBOPGJOHIKN": true,
            "LMFODLLJCNF": "",
            "FNFALPACEID": {
                "x": 45.0,
                "y": 40.0,
                "z": 45.0
            }
        },
        "8": {
            "$type": "NBPMJOMGEBG",
            "JHGKCNMFHHI": 70010006,
            "JLHNLMINEOL": {
                "x": -40.929229736328125,
                "y": -575.7886962890625,
                "z": -26.227214813232422
            },
            "NAKNKBEOHJG": {
                "y": 175.73980712890625
            },
            "LBOPGJOHIKN": true,
            "LMFODLLJCNF": "",
            "FNFALPACEID": {
                "x": 45.0,
                "y": 45.0,
                "z": 45.0
            }
        }
    }
}