{
    "JFAJHCDAPJP": {
        "10": {
            "$type": "MOFENBMAOJG",
            "JHGKCNMFHHI": 70110002,
            "EDNFEPIKANK": 210,
            "JLHNLMINEOL": {
                "x": 479.9536437988281,
                "y": 172.4817352294922,
                "z": 897.6928100585938
            },
            "NAKNKBEOHJG": {
                "y": 335.2102966308594
            },
            "BABPJCCCMPA": {
                "x": 480.2389831542969,
                "y": 172.29360961914062,
                "z": 893.6085815429688
            },
            "NCFCCHKIEGO": {
                "x": 4.196486042928882e-05,
                "y": 355.87506103515625,
                "z": 1.676337342360057e-05
            },
            "LMFODLLJCNF": "",
            "LJOPBPFBBBM": true
        },
        "11": {
            "$type": "MOFENBMAOJG",
            "MNGKGJOEIJK": "PORTAL",
            "JHGKCNMFHHI": 70110003,
            "EDNFEPIKANK": 210,
            "JLHNLMINEOL": {
                "x": 698.8804931640625,
                "y": 320.79998779296875,
                "z": 549.2357177734375
            },
            "BABPJCCCMPA": {
                "x": 1519.4300537109375,
                "y": 196.8679962158203,
                "z": 858.4500122070312
            },
            "NCFCCHKIEGO": {
                "y": 244.0
            },
            "LBOPGJOHIKN": true,
            "LMFODLLJCNF": ""
        },
        "12": {
            "$type": "MOFENBMAOJG",
            "MNGKGJOEIJK": "PORTAL",
            "JHGKCNMFHHI": 70110003,
            "EDNFEPIKANK": 210,
            "JLHNLMINEOL": {
                "x": 507.5325927734375,
                "y": 209.92320251464844,
                "z": -297.6048889160156
            },
            "BABPJCCCMPA": {
                "x": 1074.8123779296875,
                "y": 199.42999267578125,
                "z": -696.3433837890625
            },
            "NCFCCHKIEGO": {
                "y": 92.90000915527344
            },
            "LBOPGJOHIKN": true,
            "LMFODLLJCNF": ""
        },
        "13": {
            "$type": "MOFENBMAOJG",
            "MNGKGJOEIJK": "PORTAL",
            "JHGKCNMFHHI": 70110003,
            "EDNFEPIKANK": 210,
            "JLHNLMINEOL": {
                "x": -322.69970703125,
                "y": 316.32000732421875,
                "z": 367.1679992675781
            },
            "BABPJCCCMPA": {
                "x": -791.5449829101562,
                "y": 153.41600036621094,
                "z": -38.790000915527344
            },
            "NCFCCHKIEGO": {
                "y": 203.38999938964844
            },
            "LBOPGJOHIKN": true,
            "LMFODLLJCNF": ""
        },
        "14": {
            "$type": "LCHIJPMNNDB",
            "EDNFEPIKANK": 210,
            "JLHNLMINEOL": {
                "x": 282.6308898925781,
                "y": 314.5570983886719,
                "z": 335.4739990234375
            },
            "BABPJCCCMPA": {
                "x": 282.6308898925781,
                "y": 314.5570983886719,
                "z": 335.4739990234375
            },
            "LBOPGJOHIKN": true,
            "LMFODLLJCNF": "",
            "OHBJIGKMKGC": "MichiaeOffering"
        },
        "15": {
            "$type": "MOFENBMAOJG",
            "JHGKCNMFHHI": 70110002,
            "EDNFEPIKANK": 210,
            "JLHNLMINEOL": {
                "x": 1511.4630126953125,
                "y": 194.5363006591797,
                "z": 862.3873291015625
            },
            "NAKNKBEOHJG": {
                "x": 0.050300054252147675,
                "y": 156.06849670410156,
                "z": 0.11330001801252365
            },
            "BABPJCCCMPA": {
                "x": 1512.5269775390625,
                "y": 195.1033935546875,
                "z": 859.0067138671875
            },
            "NCFCCHKIEGO": {
                "x": 0.5026000142097473,
                "y": 156.0679931640625,
                "z": 0.11299999803304672
            },
            "LMFODLLJCNF": "",
            "LJOPBPFBBBM": true
        },
        "16": {
            "$type": "MOFENBMAOJG",
            "JHGKCNMFHHI": 70110002,
            "EDNFEPIKANK": 210,
            "JLHNLMINEOL": {
                "x": 1080.6600341796875,
                "y": 197.59300231933594,
                "z": -699.7202758789062
            },
            "NAKNKBEOHJG": {
                "x": 351.0226135253906,
                "y": 41.911102294921875,
                "z": 1.1337001323699951
            },
            "BABPJCCCMPA": {
                "x": 1083.5345458984375,
                "y": 198.07171630859375,
                "z": -698.4483032226562
            },
            "NCFCCHKIEGO": {
                "x": 352.46087646484375,
                "y": 82.52532196044922,
                "z": 354.9163818359375
            },
            "LMFODLLJCNF": "",
            "LJOPBPFBBBM": true
        },
        "17": {
            "$type": "MOFENBMAOJG",
            "JHGKCNMFHHI": 70110002,
            "EDNFEPIKANK": 210,
            "JLHNLMINEOL": {
                "x": -787.674072265625,
                "y": 149.46470642089844,
                "z": -41.23680877685547
            },
            "NAKNKBEOHJG": {
                "x": 4.7119011878967285,
                "y": 41.351402282714844,
                "z": 2.52250075340271
            },
            "BABPJCCCMPA": {
                "x": -791.2654418945312,
                "y": 150.07687377929688,
                "z": -41.74168014526367
            },
            "NCFCCHKIEGO": {
                "x": 348.2155456542969,
                "y": 247.14443969726562,
                "z": 352.8470153808594
            },
            "LMFODLLJCNF": "",
            "LJOPBPFBBBM": true
        },
        "2": {
            "$type": "MOFENBMAOJG",
            "JHGKCNMFHHI": 70110002,
            "EDNFEPIKANK": 210,
            "JLHNLMINEOL": {
                "x": 296.3528747558594,
                "y": 325.29193115234375,
                "z": 311.5407409667969
            },
            "NAKNKBEOHJG": {
                "y": 9.503999710083008
            },
            "BABPJCCCMPA": {
                "x": 300.879638671875,
                "y": 325.6234130859375,
                "z": 310.571533203125
            },
            "NCFCCHKIEGO": {
                "y": 6.746720314025879
            },
            "LBOPGJOHIKN": true,
            "LMFODLLJCNF": ""
        },
        "3": {
            "$type": "MOFENBMAOJG",
            "JHGKCNMFHHI": 70110002,
            "EDNFEPIKANK": 210,
            "JLHNLMINEOL": {
                "x": 625.8930053710938,
                "y": 263.48931884765625,
                "z": 633.1066284179688
            },
            "NAKNKBEOHJG": {
                "y": 204.3448028564453
            },
            "BABPJCCCMPA": {
                "x": 625.2212524414062,
                "y": 263.2143249511719,
                "z": 630.899658203125
            },
            "NCFCCHKIEGO": {
                "y": 216.70594787597656
            },
            "LMFODLLJCNF": "",
            "LJOPBPFBBBM": true
        },
        "5": {
            "$type": "MOFENBMAOJG",
            "JHGKCNMFHHI": 70110002,
            "EDNFEPIKANK": 210,
            "JLHNLMINEOL": {
                "x": 234.6644744873047,
                "y": 245.66363525390625,
                "z": -369.0870361328125
            },
            "NAKNKBEOHJG": {
                "x": 5.368974685668945,
                "y": 27.322101593017578,
                "z": 2.7675373554229736
            },
            "BABPJCCCMPA": {
                "x": 235.27206420898438,