{
    "JFAJHCDAPJP": {
        "1": {
            "$type": "EEHBICBKION",
            "JHGKCNMFHHI": 70120004,
            "JLHNLMINEOL": {
                "x": -5.922163009643555,
                "y": 69.4327621459961,
                "z": 69.59752655029297
            },
            "NAKNKBEOHJG": {
                "y": 331.2961120605469
            },
            "LBOPGJOHIKN": true,
            "LMFODLLJCNF": "",
            "FNFALPACEID": {
                "x": 5.0,
                "y": 5.0,
                "z": 5.0
            }
        },
        "2": {
            "$type": "EDDOADMFKKD",
            "JHGKCNMFHHI": 70010006,
            "JLHNLMINEOL": {
                "x": -128.1278076171875,
                "y": 34.291099548339844,
                "z": 45.91426086425781
            },
            "NAKNKBEOHJG": {
                "y": 337.4154968261719
            },
            "LBOPGJOHIKN": true,
            "LMFODLLJCNF": "",
            "FNFALPACEID": {
                "x": 15.0,
                "y": 15.0,
                "z": 15.0
            }
        },
        "3": {
            "$type": "EDDOADMFKKD",
            "JHGKCNMFHHI": 70010006,
            "JLHNLMINEOL": {
                "x": -122.57740020751953,
                "y": 47.03615951538086,
                "z": 137.51730346679688
            },
            "NAKNKBEOHJG": {
                "y": 11.312100410461426
            },
            "LBOPGJOHIKN": true,
            "LMFODLLJCNF": "",
            "FNFALPACEID": {
                "x": 15.0,
                "y": 15.0,
                "z": 15.0
            }
        },
        "4": {
            "$type": "EDDOADMFKKD",
            "JHGKCNMFHHI": 70010006,
            "JLHNLMINEOL": {
                "x": -136.7218017578125,
                "y": 37.38650894165039,
                "z": 98.57166290283203
            },
            "NAKNKBEOHJG": {
                "y": 356.8167724609375
            },
            "LBOPGJOHIKN": true,
            "LMFODLLJCNF": ""
        },
        "5": {
            "$type": "EDDOADMFKKD",
            "JHGKCNMFHHI": 70010006,
            "JLHNLMINEOL": {
                "x": -97.51730346679688,
                "y": 63.50592041015625,
                "z": 150.52670288085938
            },
            "NAKNKBEOHJG": {
                "y": 90.40840148925781
            },
            "LBOPGJOHIKN": true,
            "LMFODLLJCNF": "",
            "FNFALPACEID": {
                "x": 15.0,
                "y": 15.0,
                "z": 15.0
            }
        },
        "6": {
            "$type": "EDDOADMFKKD",
            "JHGKCNMFHHI": 70010006,
            "JLHNLMINEOL": {
                "x": -51.122188568115234,
                "y": 67.03736877441406,
                "z": 127.12999725341797
            },
            "NAKNKBEOHJG": {
                "y": 103.17240142822266
            },
            "LBOPGJOHIKN": true,
            "LMFODLLJCNF": "",
            "FNFALPACEID": {
                "x": 15.0,
                "y": 15.0,
                "z": 15.0
            }
        },
        "7": {
            "$type": "EDDOADMFKKD",
            "JHGKCNMFHHI": 70010006,
            "JLHNLMINEOL": {
                "x": -24.38014030456543,
                "y": 65.47545623779297,
                "z": 110.356201171875
            },
            "NAKNKBEOHJG": {
                "y": 140.72169494628906
            },
            "LBOPGJOHIKN": true,
            "LMFODLLJCNF": "",
            "FNFALPACEID": {
                "x": 15.0,
                "y": 15.0,
                "z": 15.0
            }
        }
    },
    "CJADLMKHEAK": {
        "1": {
            "$type": "EEPFPHOBDAD",
            "JHGKCNMFHHI": 70010006,
            "JLHNLMINEOL": {
                "x": -64.39347076416016,
                "y": -40.501800537109375,
                "z": 81.66842651367188
            },
            "LBOPGJOHIKN": true,
            "LMFODLLJCNF": "",
            "IHHBDJGHCDM": 500.0,
            "MNIAJDNCKNB": "DeadRegion",
            "CAKDIBPBMBH": {
                "$type": "IBOOEPBPDKK",
                "JOLGIIECNFP": true,
                "KKFIKNJKGOE": 100.0,
                "HCAIGMDJLMK": "Center",
                "DPPNCNEMOOD": 800.0,
                "JCPKDKOCHDM": 800.0
            },
            "OLPGHGHNFMA": {
                "x": 20.0,
                "y": 20.0,
                "z": 20.0
            },
            "CGPEMLLDMID": ""
        }
    }
}