{
    "JFAJHCDAPJP": {
        "1": {
            "$type": "NBPMJOMGEBG",
            "JHGKCNMFHHI": 70120003,
            "JLHNLMINEOL": {
                "x": -7.412833213806152,
                "y": 4.28511905670166,
                "z": -11.731369972229004
            },
            "LBOPGJOHIKN": true,
            "LMFODLLJCNF": "",
            "FNFALPACEID": {
                "x": 28.809999465942383,
                "y": 28.100000381469727,
                "z": 59.09000015258789
            }
        },
        "2": {
            "$type": "NBPMJOMGEBG",
            "JHGKCNMFHHI": 70120003,
            "JLHNLMINEOL": {
                "x": -84.4608154296875,
                "y": 18.535118103027344,
                "z": 10.984137535095215
            },
            "NAKNKBEOHJG": {
                "y": 90.0
            },
            "LBOPGJOHIKN": true,
            "LMFODLLJCNF": "",
            "FNFALPACEID": {
                "x": 21.399999618530273,
                "y": 15.0,
                "z": 25.600000381469727
            }
        },
        "3": {
            "$type": "NBPMJOMGEBG",
            "JHGKCNMFHHI": 70120003,
            "JLHNLMINEOL": {
                "x": -198.96316528320312,
                "y": 21.582366943359375,
                "z": 33.97372055053711
            },
            "NAKNKBEOHJG": {
                "y": 90.0
            },
            "LBOPGJOHIKN": true,
            "LMFODLLJCNF": "",
            "FNFALPACEID": {
                "x": 49.20000076293945,
                "y": 15.0,
                "z": 13.6899995803833
            }
        },
        "5": {
            "$type": "EEHBICBKION",
            "JHGKCNMFHHI": 70120004,
            "JLHNLMINEOL": {
                "x": -309.9845886230469,
                "y": 31.598400115966797,
                "z": 170.41720581054688
            },
            "NAKNKBEOHJG": {
                "y": 265.6308898925781
            },
            "LBOPGJOHIKN": true,
            "LMFODLLJCNF": "",
            "FNFALPACEID": {
                "x": 10.0,
                "y": 10.0,
                "z": 10.0
            }
        },
        "6": {
            "$type": "NBPMJOMGEBG",
            "JHGKCNMFHHI": 70120003,
            "JLHNLMINEOL": {
                "x": -190.92279052734375,
                "y": 25.275760650634766,
                "z": 187.70362854003906
            },
            "LBOPGJOHIKN": true,
            "LMFODLLJCNF": "",
            "FNFALPACEID": {
                "x": 61.79999923706055,
                "y": 23.600000381469727,
                "z": 72.5999984741211
            }
        }
    },
    "CJADLMKHEAK": {
        "1": {
            "$type": "EEPFPHOBDAD",
            "JHGKCNMFHHI": 40000007,
            "JLHNLMINEOL": {
                "x": -124.13780212402344,
                "y": 9.879530906677246,
                "z": 43.738651275634766
            },
            "LBOPGJOHIKN": true,
            "LMFODLLJCNF": "",
            "IHHBDJGHCDM": 500.0,
            "EBDCAELNBKO": true,
            "MNIAJDNCKNB": "DeadRegion",
            "CAKDIBPBMBH": {
                "$type": "IBOOEPBPDKK",
                "JOLGIIECNFP": true,
                "KKFIKNJKGOE": 10.0,
                "HCAIGMDJLMK": "Center",
                "DPPNCNEMOOD": 100.0,
                "JCPKDKOCHDM": 100.0
            },
            "DEIENLIGGAF": 0.10000000149011612,
            "CGPEMLLDMID": ""
        },
        "10": {
            "$type": "EEPFPHOBDAD",
            "JHGKCNMFHHI": 40000007,
            "JLHNLMINEOL": {
                "x": -207.68246459960938,
                "y": 1.501047134399414,
                "z": 50.77288818359375
            },
            "LBOPGJOHIKN": true,
            "LMFODLLJCNF": "",
            "IHHBDJGHCDM": 500.0,
            "EBDCAELNBKO": true,
            "MNIAJDNCKNB": "NoReviveRegion",
            "CAKDIBPBMBH": {
                "$type": "IBOOEPBPDKK",
                "JOLGIIECNFP": true,
                "KKFIKNJKGOE": 36.75,
                "HCAIGMDJLMK": "Center",
                "DPPNCNEMOOD": 251.89999389648438,
                "JCPKDKOCHDM": 256.6000061035156
            },
            "CGPEMLLDMID": ""
        },
        "11": {
            "$type": "EEPFPHOBDAD",
            "JHGKCNMFHHI": 40000007,
            "JLHNLMINEOL": {
                "x": -140.5946807861328,
                "y": 21.570755004882812,
                "z": -23.198524475097656
            },
            "LBOPGJOHIKN": true,
            "LMFODLLJCNF": "",
            "IHHBDJGHCDM": 500.0,
            "EBDCAELNBKO": true,
            "MNIAJDNCKNB": "NoReviveRegion",
            "CAKDIBPBMBH": {
                "$type": "IBOOEPBPDKK",
                "JOLGIIECNFP": true,
                "KKFIKNJKGOE": 156.89999389648438,
                "HCAIGMDJLMK": "Center",
                "DPPNCNEMOOD": 153.39999389648438,
                "JCPKDKOCHDM": 82.30000305175781
            },
            "CGPEMLLDMID": ""
        },
        "12": {
            "$type": "EEPFPHOBDAD",
            "JHGKCNMFHHI": 40000007,
            "JLHNLMINEOL": {
                "x": 26.14183235168457,
                "y": 4.435791969299316,
                "z": -66.8480453491211
            },
            "LBOPGJOHIKN": true,
            "LMFODLLJCNF": "",
            "IHHBDJGHCDM": 500.0,
            "EBDCAELNBKO": true,
            "MNIAJDNCKNB": "NoReviveRegion",
            "CAKDIBPBMBH": {
                "$type": "IBOOEPBPDKK",
                "JOLGIIECNFP": true,
                "KKFIKNJKGOE": 156.89999389648438,
                "HCAIGMDJLMK": "Center",
                "DPPNCNEMOOD": 153.39999389648438,
                "JCPKDKOCHDM": 82.30000305175781
            },
            "CGPEMLLDMID": ""
        },
        "13": {
            "$type": "EEPFPHOBDAD",
            "JHGKCNMFHHI": 40000007,
            "JLHNLMINEOL": {
                "x": 11.242666244506836,
                "y": 4.46860408782959,
                "z": 64.82264709472656
            },
            "LBOPGJOHIKN": true,
            "LMFODLLJCNF": "",
            "IHHBDJGHCDM": 500.0,
            "EBDCAELNBKO": true,
            "MNIAJDNCKNB": "NoReviveRegion",
            "CAKDIBPBMBH": {
                "$type": "IBOOEPBPDKK",
                "JOLGIIECNFP": true,
                "KKFIKNJKGOE": 156.89999389648438,
                "HCAIGMDJLMK": "Center",
                "DPPNCNEMOOD": 153.39999389648438,
                "JCPKDKOCHDM": 82.30000305175781
            },
            "CGPEMLLDMID": ""
        },
        "14": {
            "$type": "EEPFPHOBDAD",
            "JHGKCNMFHHI": 40000007,
            "JLHNLMINEOL": {
                "x": 25.436952590942383,
                "y": -82.57981872558594,
                "z": 1.7550747394561768
            },
            "LBOPGJOHIKN": true,
            "LMFODLLJCNF": "",
            "IHHBDJGHCDM": 500.0,
            "EBDCAELNBKO": true,
            "MNIAJDNCKNB": "NoReviveRegion",
            "CAKDIBPBMBH": {
                "$type": "IBOOEPBPDKK",
                "JOLGIIECNFP": true,
                "KKFIKNJKGOE": 156.89999389648438,
                "HCAIGMDJLMK": "Center",
                "DPPNCNEMOOD": 161.1999969482422,
                "JCPKDKOCHDM": 191.39999389648438
            },
            "CGPEMLLDMID": ""
        },
        "15": {
            "$type": "EEPFPHOBDAD",
            "JHGKCNMFHHI": 40000007,
            "JLHNLMINEOL": {
                "x": -62.80331802368164,
                "y": 19.756790161132812,
                "z": 31.744060516357422
            },
            "LBOPGJOHIKN": true,
            "LMFODLLJCNF": "",
            "IHHBDJGHCDM": 500.0,
            "EBDCAELNBKO": true,