{
    "JFAJHCDAPJP": {
        "1": {
            "$type": "EEHBICBKION",
            "JHGKCNMFHHI": 70120004,
            "JLHNLMINEOL": {
                "x": -78.3954849243164,
                "y": 13.233109474182129,
                "z": 83.61766815185547
            },
            "BABPJCCCMPA": {
                "x": -79.50897216796875,
                "y": 13.233109474182129,
                "z": 82.59361267089844
            },
            "LMFODLLJCNF": ""
        }
    }
}