{
    "JFAJHCDAPJP": {
        "1": {
            "$type": "OJNPIDGMMBH",
            "JHGKCNMFHHI": 70010002,
            "JLHNLMINEOL": {
                "x": 0.15391555428504944,
                "y": 0.009000353515148163,
                "z": -8.170223236083984
            },
            "BABPJCCCMPA": {
                "x": -539.5250244140625,
                "y": 227.9600067138672,
                "z": 360.6000061035156
            },
            "NCFCCHKIEGO": {
                "y": 320.0
            },
            "LBOPGJOHIKN": true,
            "LMFODLLJCNF": "",
            "IKGLHJNELGA": 3,
            "NLHHDFEMOAB": "UI_SCENE_ENTRY_EXIT_Liuliting",
            "JEDHOHENEOG": {
                "x": 2.0,
                "y": 2.0,
                "z": 2.0
            },
            "JEHJBBGDGPL": 24.0
        }
    }
}