{
    "JFAJHCDAPJP": {
        "1": {
            "$type": "EEHBICBKION",
            "JHGKCNMFHHI": 70120004,
            "JLHNLMINEOL": {
                "x": 0.3208976984024048,
                "y": -0.15419450402259827,
                "z": -27.097810745239258
            },
            "LBOPGJOHIKN": true,
            "LMFODLLJCNF": "",
            "FNFALPACEID": {
                "x": 3.0,
                "y": 3.0,
                "z": 3.0
            }
        }
    }
}