{
    "JFAJHCDAPJP": {
        "1": {
            "$type": "EEHBICBKION",
            "JHGKCNMFHHI": 70120004,
            "JLHNLMINEOL": {
                "x": -89.42375183105469,
                "y": 10.462010383605957,
                "z": -13.769940376281738
            },
            "NAKNKBEOHJG": {
                "y": 90.0
            },
            "LBOPGJOHIKN": true,
            "LMFODLLJCNF": "",
            "FNFALPACEID": {
                "x": 5.0,
                "y": 5.0,
                "z": 5.0
            }
        },
        "2": {
            "$type": "NBPMJOMGEBG",
            "JHGKCNMFHHI": 70120003,
            "JLHNLMINEOL": {
                "x": 173.34532165527344,
                "y": 6.187446117401123,
                "z": -33.93204879760742
            },
            "NAKNKBEOHJG": {
                "y": 180.0
            },
            "LBOPGJOHIKN": true,
            "LMFODLLJCNF": "",
            "FNFALPACEID": {
                "x": 5.0,
                "y": 10.0,
                "z": 100.0
            }
        },
        "3": {
            "$type": "NBPMJOMGEBG",
            "JHGKCNMFHHI": 70120003,
            "JLHNLMINEOL": {
                "x": 283.9884338378906,
                "y": -4.118801116943359,
                "z": -8.985620498657227
            },
            "NAKNKBEOHJG": {
                "y": 180.98117065429688
            },
            "LBOPGJOHIKN": true,
            "LMFODLLJCNF": "",
            "FNFALPACEID": {
                "x": 20.0,
                "y": 20.0,
                "z": 70.0
            }
        },
        "4": {
            "$type": "NBPMJOMGEBG",
            "JHGKCNMFHHI": 70120003,
            "JLHNLMINEOL": {
                "x": 349.4570007324219,
                "y": 11.570554733276367,
                "z": -8.815197944641113
            },
            "NAKNKBEOHJG": {
                "y": 270.0
            },
            "LBOPGJOHIKN": true,
            "LMFODLLJCNF": "",
            "FNFALPACEID": {
                "x": 50.0,
                "y": 20.0,
                "z": 70.0
            }
        },
        "5": {
            "$type": "NBPMJOMGEBG",
            "JHGKCNMFHHI": 70120003,
            "JLHNLMINEOL": {
                "x": -52.26171112060547,
                "y": 10.019280433654785,
                "z": -4.559332847595215
            },
            "NAKNKBEOHJG": {
                "y": 271.01385498046875
            },
            "LBOPGJOHIKN": true,
            "LMFODLLJCNF": "",
            "FNFALPACEID": {
                "x": 50.0,
                "y": 6.0,
                "z": 8.0
            }
        }
    },
    "HGDHNEPDOGI": {
        "1": {
            "$type": "OAAFDINJIII",
            "JHGKCNMFHHI": 70610102,
            "JLHNLMINEOL": {
                "x": 166.05059814453125,
                "y": -9.0,
                "z": -25.54136085510254
            },
            "LMFODLLJCNF": "",
            "LNFMDHIMEPH": 10.0,
            "MEGCIDMLMMG": "Eff_Windfield_Stay",
            "BFMDDNOOPJE": "Eff_Windfield_Enter"
        }
    },
    "CJADLMKHEAK": {
        "1": {
            "$type": "EEPFPHOBDAD",
            "JHGKCNMFHHI": 70010006,
            "JLHNLMINEOL": {
                "x": 170.10821533203125,
                "y": -34.9310188293457,
                "z": -7.5309600830078125
            },
            "LBOPGJOHIKN": true,
            "LMFODLLJCNF": "",
            "IHHBDJGHCDM": 500.0,
            "MNIAJDNCKNB": "DeadRegion",
            "CAKDIBPBMBH": {
                "$type": "IBOOEPBPDKK",
                "JOLGIIECNFP": true,
                "KKFIKNJKGOE": 50.0,
                "HCAIGMDJLMK": "Center",
                "DPPNCNEMOOD": 700.0,
                "JCPKDKOCHDM": 500.0
            },
            "CGPEMLLDMID": ""
        },
        "10": {
            "$type": "EEPFPHOBDAD",
            "JHGKCNMFHHI": 70010006,
            "JLHNLMINEOL": {
                "x": 27.132932662963867,
                "y": -11.826522827148438,
                "z": -13.93228530883789
            },
            "LBOPGJOHIKN": true,
            "LMFODLLJCNF": "",
            "IHHBDJGHCDM": 500.0,
            "MNIAJDNCKNB": "NoReviveRegion",
            "CAKDIBPBMBH": {
                "$type": "IBOOEPBPDKK",
                "JOLGIIECNFP": true,
                "KKFIKNJKGOE": 50.0,
                "HCAIGMDJLMK": "Center",
                "DPPNCNEMOOD": 50.0,
                "JCPKDKOCHDM": 100.0
            },
            "CGPEMLLDMID": ""
        },
        "11": {
            "$type": "EEPFPHOBDAD",
            "JHGKCNMFHHI": 70010006,
            "JLHNLMINEOL": {
                "x": -44.845359802246094,
                "y": -1.2520090341567993,
                "z": -16.928789138793945
            },
            "LBOPGJOHIKN": true,
            "LMFODLLJCNF": "",
            "IHHBDJGHCDM": 500.0,
            "EBDCAELNBKO": true,
            "MNIAJDNCKNB": "DeadRegion",
            "CAKDIBPBMBH": {
                "$type": "IBOOEPBPDKK",
                "JOLGIIECNFP": true,
                "KKFIKNJKGOE": 20.0,
                "HCAIGMDJLMK": "Center",
                "DPPNCNEMOOD": 20.0,
                "JCPKDKOCHDM": 100.0
            },
            "CGPEMLLDMID": ""
        },
        "12": {
            "$type": "EEPFPHOBDAD",
            "JHGKCNMFHHI": 70010006,
            "JLHNLMINEOL": {
                "x": 233.1903076171875,
                "y": -4.1816020011901855,
                "z": -14.236310005187988
            },
            "LBOPGJOHIKN": true,
            "LMFODLLJCNF": "",
            "IHHBDJGHCDM": 500.0,
            "EBDCAELNBKO": true,
            "MNIAJDNCKNB": "DeadRegion",
            "CAKDIBPBMBH": {
                "$type": "IBOOEPBPDKK",
                "JOLGIIECNFP": true,
                "KKFIKNJKGOE": 5.0,
                "HCAIGMDJLMK": "Center",
                "DPPNCNEMOOD": 20.0,
                "JCPKDKOCHDM": 10.0
            },
            "CGPEMLLDMID": ""
        },
        "13": {
            "$type": "EEPFPHOBDAD",
            "JHGKCNMFHHI": 70010006,
            "JLHNLMINEOL": {
                "x": 220.1356964111328,
                "y": -2.5607199668884277,
                "z": -22.653589248657227
            },
            "LBOPGJOHIKN": true,
            "LMFODLLJCNF": "",
            "IHHBDJGHCDM": 500.0,
            "EBDCAELNBKO": true,
            "MNIAJDNCKNB": "DeadRegion",
            "CAKDIBPBMBH": {
                "$type": "IBOOEPBPDKK",
                "JOLGIIECNFP": true,
                "KKFIKNJKGOE": 5.0,
                "HCAIGMDJLMK": "Center",
                "DPPNCNEMOOD": 10.0,
                "JCPKDKOCHDM": 15.0
            },
            "CGPEMLLDMID": ""
        },
        "2": {
            "$type": "EEPFPHOBDAD",
            "JHGKCNMFHHI": 70010006,
            "JLHNLMINEOL": {
                "x": 315.3621520996094,
                "y": 3.63784122467041,
                "z": -33.52877426147461
            },
            "LBOPGJOHIKN": true,
            "LMFODLLJCNF": "",
            "IHHBDJGHCDM": 500.0,
            "MNIAJDNCKNB": "ReturnRegion",
            "CAKDIBPBMBH": {
                "$type": "IBOOEPBPDKK",
                "JOLGIIECNFP": true,
                "KKFIKNJKGOE": 30.0,
                "HCAIGMDJLMK": "Center",
                "DPPNCNEMOOD": 50.0,
                "JCPKDKOCHDM": 10.0
            },
            "CGPEMLLDMID": ""
        },
        "3": {
            "$type": "EEPFPHOBDAD",
            "JHGKCNMFHHI": 70010006,
            "JLHNLMINEOL": {
                "x": 307.2442932128906,
                "y": 4.488121509552002,
                "z": 2.7814254760742188
            },