{
    "JFAJHCDAPJP": {
        "1": {
            "$type": "EEHBICBKION",
            "JHGKCNMFHHI": 70120004,
            "JLHNLMINEOL": {
                "x": -66.90620422363281,
                "y": 279.6484069824219,
                "z": -182.3705291748047
            },
            "BABPJCCCMPA": {
                "x": -66.90620422363281,
                "y": 279.6484069824219,
                "z": -182.3705291748047
            },
            "LMFODLLJCNF": ""
        }
    }
}