{
    "JFAJHCDAPJP": {
        "2": {
            "$type": "MGENFLGOABK",
            "JHGKCNMFHHI": 70950059,
            "EDNFEPIKANK": 6,
            "JLHNLMINEOL": {
                "x": 2253.016845703125,
                "y": 253.647216796875,
                "z": -1463.6412353515625
            },
            "BABPJCCCMPA": {
                "x": 2253.016845703125,
                "y": 253.647216796875,
                "z": -1463.6412353515625
            },
            "LMFODLLJCNF": "",
            "KLCLIKBGJPP": [
                531002
            ],
            "GLHIBLDNIFM": "OnUnlocked",
            "OMHIOCJLFJN": [
                7201
            ],
            "MODOBIJMHOD": {},
            "FNFALPACEID": {
                "x": 5.0,
                "y": 5.0,
                "z": 5.0
            },
            "NLHHDFEMOAB": "UI_STC_Intee_DungeonEntry",
            "KLCKKMNDIMP": true,
            "OKKAKGFHNEM": true
        }
    }
}