{
    "JFAJHCDAPJP": {
        "1": {
            "$type": "EEHBICBKION",
            "JHGKCNMFHHI": 70120004,
            "JLHNLMINEOL": {
                "x": 33.87624740600586,
                "y": 16.720001220703125,
                "z": -132.865478515625
            },
            "BABPJCCCMPA": {
                "x": 33.87624740600586,
                "y": 16.720001220703125,
                "z": -132.865478515625
            },
            "LBOPGJOHIKN": true,
            "LMFODLLJCNF": "",
            "FNFALPACEID": {
                "x": 5.0,
                "y": 5.0,
                "z": 5.0
            }
        },
        "2": {
            "$type": "EDDOADMFKKD",
            "JHGKCNMFHHI": 70010006,
            "JLHNLMINEOL": {
                "x": 32.169456481933594,
                "y": -9.218162536621094,
                "z": 8.511528015136719
            },
            "NAKNKBEOHJG": {
                "y": 180.0
            },
            "BABPJCCCMPA": {
                "x": 32.786861419677734,
                "y": -11.189998626708984,
                "z": 9.550005912780762
            },
            "NCFCCHKIEGO": {
                "y": 180.0
            },
            "LBOPGJOHIKN": true,
            "LMFODLLJCNF": "",
            "FNFALPACEID": {
                "x": 20.0,
                "y": 5.0,
                "z": 5.0
            }
        },
        "3": {
            "$type": "EDDOADMFKKD",
            "JHGKCNMFHHI": 70010006,
            "JLHNLMINEOL": {
                "x": 31.766599655151367,
                "y": 1.6358410120010376,
                "z": -45.60491180419922
            },
            "NAKNKBEOHJG": {
                "y": 270.0
            },
            "BABPJCCCMPA": {
                "x": 31.766599655151367,
                "y": 0.4349919259548187,
                "z": -45.60491180419922
            },
            "NCFCCHKIEGO": {
                "y": 270.0
            },
            "LBOPGJOHIKN": true,
            "LMFODLLJCNF": "",
            "FNFALPACEID": {
                "x": 5.0,
                "y": 5.0,
                "z": 10.0
            }
        },
        "4": {
            "$type": "EDDOADMFKKD",
            "JHGKCNMFHHI": 70010006,
            "JLHNLMINEOL": {
                "x": 8.7056884765625,
                "y": -0.9709993004798889,
                "z": -13.393710136413574
            },
            "NAKNKBEOHJG": {
                "y": 90.0
            },
            "BABPJCCCMPA": {
                "x": 8.7056884765625,
                "y": 0.49000006914138794,
                "z": -13.393858909606934
            },
            "NCFCCHKIEGO": {
                "y": 90.0
            },
            "LBOPGJOHIKN": true,
            "LMFODLLJCNF": "",
            "FNFALPACEID": {
                "x": 5.0,
                "y": 5.0,
                "z": 5.0
            }
        },
        "5": {
            "$type": "EDDOADMFKKD",
            "JHGKCNMFHHI": 70010006,
            "JLHNLMINEOL": {
                "x": 33.10742950439453,
                "y": 15.307868003845215,
                "z": -46.876708984375
            },
            "NAKNKBEOHJG": {
                "y": 180.0
            },
            "BABPJCCCMPA": {
                "x": 33.10742950439453,
                "y": 18.718690872192383,
                "z": -45.56351852416992
            },
            "NCFCCHKIEGO": {
                "y": 180.0
            },
            "LBOPGJOHIKN": true,
            "LMFODLLJCNF": "",
            "FNFALPACEID": {
                "x": 10.0,
                "y": 10.0,
                "z": 10.0
            }
        },
        "6": {
            "$type": "NBPMJOMGEBG",
            "JHGKCNMFHHI": 70010006,
            "JLHNLMINEOL": {
                "x": 33.10742950439453,
                "y": 14.84882640838623,
                "z": -46.876708984375
            },
            "NAKNKBEOHJG": {
                "y": 180.0
            },
            "BABPJCCCMPA": {
                "x": 33.10742950439453,
                "y": 15.59887981414795,
                "z": -46.876708984375
            },
            "NCFCCHKIEGO": {
                "y": 180.0
            },
            "LBOPGJOHIKN": true,
            "LMFODLLJCNF": "",
            "FNFALPACEID": {
                "x": 10.0,
                "y": 10.0,
                "z": 10.0
            }
        }
    }
}