{
    "JFAJHCDAPJP": {
        "1": {
            "$type": "EEHBICBKION",
            "JHGKCNMFHHI": 70120004,
            "JLHNLMINEOL": {
                "x": -167.55447387695312,
                "y": 0.4227980971336365,
                "z": -66.70379638671875
            },
            "BABPJCCCMPA": {
                "x": -167.55447387695312,
                "y": 0.4227980971336365,
                "z": -66.70379638671875
            },
            "LMFODLLJCNF": "",
            "FNFALPACEID": {
                "x": 3.0,
                "y": 3.0,
                "z": 3.0
            }
        },
        "2": {
            "$type": "NBPMJOMGEBG",
            "JHGKCNMFHHI": 70010006,
            "JLHNLMINEOL": {
                "x": -125.62920379638672,
                "y": 4.182250022888184,
                "z": -66.34614562988281
            },
            "NAKNKBEOHJG": {
                "y": 270.0
            },
            "BABPJCCCMPA": {
                "x": -125.62920379638672,
                "y": 1.337319016456604,
                "z": -66.2983627319336
            },
            "LMFODLLJCNF": "",
            "FNFALPACEID": {
                "x": 5.0,
                "y": 10.0,
                "z": 10.0
            }
        }
    }
}