{
    "JFAJHCDAPJP": {
        "1": {
            "$type": "OJNPIDGMMBH",
            "JHGKCNMFHHI": 70010002,
            "JLHNLMINEOL": {
                "x": -0.031739234924316406,
                "y": 0.7367246747016907,
                "z": 17.803958892822266
            },
            "NAKNKBEOHJG": {
                "y": 180.0
            },
            "BABPJCCCMPA": {
                "x": -3293.06640625,
                "y": 269.79681396484375,
                "z": -4465.8876953125
            },
            "NCFCCHKIEGO": {
                "y": 51.20000076293945
            },
            "LBOPGJOHIKN": true,
            "LMFODLLJCNF": "",
            "IKGLHJNELGA": 3,
            "NLHHDFEMOAB": "UI_SCENE_ENTRY_EXIT_TenryuBugyo",
            "JEDHOHENEOG": {
                "x": 5.0,
                "y": 5.0,
                "z": 5.0
            },
            "JEHJBBGDGPL": 24.0
        }
    }
}