{
    "JFAJHCDAPJP": {
        "1": {
            "$type": "EEHBICBKION",
            "JHGKCNMFHHI": 70120004,
            "JLHNLMINEOL": {
                "x": -197.75372314453125,
                "y": 21.612119674682617,
                "z": 43.271385192871094
            },
            "BABPJCCCMPA": {
                "x": -197.75372314453125,
                "y": 21.612119674682617,
                "z": 43.271385192871094
            },
            "LMFODLLJCNF": ""
        }
    }
}