{
    "JFAJHCDAPJP": {
        "1": {
            "$type": "EEHBICBKION",
            "JHGKCNMFHHI": 70360001,
            "JLHNLMINEOL": {
                "x": 60.44545364379883,
                "y": -2.3756141662597656,
                "z": -55.643218994140625
            },
            "LBOPGJOHIKN": true,
            "LMFODLLJCNF": "",
            "FNFALPACEID": {
                "x": 1.0,
                "y": 1.0,
                "z": 1.0
            }
        }
    }
}