{
    "JFAJHCDAPJP": {
        "1": {
            "$type": "EEHBICBKION",
            "JHGKCNMFHHI": 70120004,
            "JLHNLMINEOL": {
                "x": 68.47267150878906,
                "y": 76.9609375,
                "z": -81.0444107055664
            },
            "BABPJCCCMPA": {
                "x": 68.47267150878906,
                "y": 76.9609375,
                "z": -81.0444107055664
            },
            "LMFODLLJCNF": "",
            "FNFALPACEID": {
                "x": 3.0,
                "y": 3.0,
                "z": 3.0
            }
        }
    }
}