{
    "JFAJHCDAPJP": {
        "1": {
            "$type": "EEHBICBKION",
            "JHGKCNMFHHI": 70360001,
            "JLHNLMINEOL": {
                "x": 47.44968032836914,
                "y": 4.870949745178223,
                "z": -52.53768539428711
            },
            "BABPJCCCMPA": {
                "x": 8.2332763671875,
                "y": -7.100188255310059,
                "z": -50.177894592285156
            },
            "LBOPGJOHIKN": true,
            "LMFODLLJCNF": "",
            "FNFALPACEID": {
                "x": 1.0,
                "y": 1.0,
                "z": 1.0
            }
        }
    }
}