{
    "JFAJHCDAPJP": {
        "1": {
            "$type": "EEHBICBKION",
            "JHGKCNMFHHI": 70120004,
            "JLHNLMINEOL": {
                "x": -48.320919036865234,
                "y": 21.860000610351562,
                "z": -70.23140716552734
            },
            "LBOPGJOHIKN": true,
            "LMFODLLJCNF": "",
            "FNFALPACEID": {
                "x": 3.0,
                "y": 3.0,
                "z": 3.0
            }
        },
        "2": {
            "$type": "NBPMJOMGEBG",
            "JHGKCNMFHHI": 70010006,
            "JLHNLMINEOL": {
                "x": 0.09180348366498947,
                "y": 0.0017473989864811301,
                "z": -20.508930206298828
            },
            "BABPJCCCMPA": {
                "x": 0.16239440441131592,
                "y": 0.001747399801388383,
                "z": -20.508928298950195
            },
            "LBOPGJOHIKN": true,
            "LMFODLLJCNF": "",
            "FNFALPACEID": {
                "x": 20.0,
                "y": 20.0,
                "z": 20.0
            }
        }
    }
}