{
    "JFAJHCDAPJP": {
        "1": {
            "$type": "MOFENBMAOJG",
            "JHGKCNMFHHI": 70110002,
            "EDNFEPIKANK": 300,
            "JLHNLMINEOL": {
                "x": 1018.260009765625,
                "y": 1086.43994140625,
                "z": 900.3800048828125
            },
            "NAKNKBEOHJG": {
                "y": 1.7619999647140503
            },
            "BABPJCCCMPA": {
                "x": 1021.4306030273438,
                "y": 1086.553955078125,
                "z": 895.8396606445312
            },
            "NCFCCHKIEGO": {
                "y": 248.34512329101562
            },
            "LMFODLLJCNF": ""
        },
        "10": {
            "$type": "MOFENBMAOJG",
            "JHGKCNMFHHI": 70110002,
            "EDNFEPIKANK": 300,
            "JLHNLMINEOL": {
                "x": 212.56199645996094,
                "y": 457.4020080566406,
                "z": 592.655029296875
            },
            "NAKNKBEOHJG": {
                "y": 32.26200485229492
            },
            "BABPJCCCMPA": {
                "x": 212.2812042236328,
                "y": 456.8197021484375,
                "z": 596.971923828125
            },
            "NCFCCHKIEGO": {
                "y": -60.645999908447266
            },
            "LMFODLLJCNF": ""
        },
        "11": {
            "$type": "MOFENBMAOJG",
            "JHGKCNMFHHI": 70110002,
            "EDNFEPIKANK": 300,
            "JLHNLMINEOL": {
                "x": 398.02801513671875,
                "y": 418.4259948730469,
                "z": 393.46099853515625
            },
            "NAKNKBEOHJG": {
                "y": 30.000001907348633
            },
            "BABPJCCCMPA": {
                "x": 402.1695861816406,
                "y": 418.8612976074219,
                "z": 396.2333068847656
            },
            "NCFCCHKIEGO": {
                "y": 28.454999923706055
            },
            "LMFODLLJCNF": ""
        },
        "12": {
            "$type": "MOFENBMAOJG",
            "JHGKCNMFHHI": 70110002,
            "EDNFEPIKANK": 300,
            "JLHNLMINEOL": {
                "x": 339.39599609375,
                "y": 179.2601776123047,
                "z": 807.4559936523438
            },
            "NAKNKBEOHJG": {
                "y": 145.13687133789062
            },
            "BABPJCCCMPA": {
                "x": 340.0264587402344,
                "y": 180.46031188964844,
                "z": 812.7549438476562
            },
            "NCFCCHKIEGO": {
                "y": 8.051839828491211
            },
            "LMFODLLJCNF": ""
        },
        "13": {
            "$type": "MOFENBMAOJG",
            "JHGKCNMFHHI": 70110002,
            "EDNFEPIKANK": 300,
            "JLHNLMINEOL": {
                "x": 508.7619934082031,
                "y": 97.2030029296875,
                "z": 1206.7879638671875
            },
            "NAKNKBEOHJG": {
                "y": 244.76300048828125
            },
            "BABPJCCCMPA": {
                "x": 507.77191162109375,
                "y": 96.78900146484375,
                "z": 1213.1109619140625
            },
            "NCFCCHKIEGO": {
                "y": -44.595001220703125
            },
            "LMFODLLJCNF": ""
        },
        "14": {
            "$type": "MOFENBMAOJG",
            "JHGKCNMFHHI": 70110002,
            "EDNFEPIKANK": 300,
            "JLHNLMINEOL": {
                "x": 531.7420043945312,
                "y": 481.94500732421875,
                "z": 521.9630126953125
            },
            "NAKNKBEOHJG": {
                "y": 85.0,
                "z": 180.0
            },
            "BABPJCCCMPA": {
                "x": 525.9821166992188,
                "y": 475.4704284667969,
                "z": 524.8372802734375
            },
            "NCFCCHKIEGO": {
                "y": 280.94000244140625
            },
            "LMFODLLJCNF": "",
            "GLHIBLDNIFM": "OnUnlocked"
        },
        "15": {
            "$type": "LCHIJPMNNDB",
            "JHGKCNMFHHI": 70010001,
            "EDNFEPIKANK": 300,
            "JLHNLMINEOL": {
                "x": 206.23550415039062,
                "y": 461.093505859375,
                "z": 615.0048217773438
            },
            "BABPJCCCMPA": {
                "x": 204.0802001953125,
                "y": 461.0723876953125,
                "z": 614.4863891601562
            },
            "LMFODLLJCNF": "",
            "OHBJIGKMKGC": "LuminanceStoneNPC"
        },
        "16": {
            "$type": "LCHIJPMNNDB",
            "JHGKCNMFHHI": 70010001,
            "EDNFEPIKANK": 300,
            "JLHNLMINEOL": {
                "x": 1074.68505859375,
                "y": 961.40771484375,
                "z": 684.5313110351562
            },
            "BABPJCCCMPA": {
                "x": 1076.43505859375,
                "y": 961.3753051757812,
                "z": 681.453125
            },
            "LMFODLLJCNF": "",
            "OHBJIGKMKGC": "LuminanceStoneNPC"
        },
        "17": {
            "$type": "MOFENBMAOJG",
            "JHGKCNMFHHI": 70110002,
            "EDNFEPIKANK": 300,
            "JLHNLMINEOL": {
                "x": 303.6719970703125,
                "y": 155.093994140625,
                "z": 1321.1820068359375
            },
            "NAKNKBEOHJG": {
                "y": 349.0
            },
            "BABPJCCCMPA": {
                "x": 306.040771484375,
                "y": 155.07269287109375,
                "z": 1325.0572509765625
            },
            "NCFCCHKIEGO": {
                "y": 55.23459243774414
            },
            "LMFODLLJCNF": ""
        },
        "2": {
            "$type": "MOFENBMAOJG",
            "JHGKCNMFHHI": 70110002,
            "EDNFEPIKANK": 300,
            "JLHNLMINEOL": {
                "x": 1056.116943359375,
                "y": 960.656005859375,
                "z": 661.6680297851562
            },
            "NAKNKBEOHJG": {
                "y": 1.7619999647140503
            },
            "BABPJCCCMPA": {
                "x": 1059.3199462890625,
                "y": 960.7017822265625,
                "z": 664.0587768554688
            },
            "NCFCCHKIEGO": {
                "y": 51.257999420166016
            },
            "LMFODLLJCNF": ""
        },
        "3": {
            "$type": "MOFENBMAOJG",
            "JHGKCNMFHHI": 70110002,
            "EDNFEPIKANK": 300,
            "JLHNLMINEOL": {
                "x": 766.2150268554688,
                "y": 962.5009765625,
                "z": 893.6959838867188
            },
            "BABPJCCCMPA": {
                "x": 763.0684814453125,
                "y": 963.7484741210938,
                "z": 887.7244262695312
            },
            "NCFCCHKIEGO": {
                "y": 343.9094543457031
            },
            "LMFODLLJCNF": ""
        },
        "4": {
            "$type": "MOFENBMAOJG",
            "JHGKCNMFHHI": 70110002,
            "EDNFEPIKANK": 300,
            "JLHNLMINEOL": {
                "x": 976.8387451171875,
                "y": 796.0706176757812,
                "z": 331.2787170410156
            },
            "NAKNKBEOHJG": {
                "x": -1.6675266722998572e-09,
                "y": 1.7620000839233398,
                "z": 358.4728088378906
            },
            "BABPJCCCMPA": {
                "x": 975.558837890625,
                "y": 796.2444458007812,
                "z": 338.8951110839844
            },
            "NCFCCHKIEGO": {
                "x": 359.0036315917969,
                "y": 222.47879028320312,
                "z": 1.1574667692184448
            },