{
    "JFAJHCDAPJP": {
        "1": {
            "$type": "EEHBICBKION",
            "JHGKCNMFHHI": 70120004,
            "JLHNLMINEOL": {
                "x": -78.60403442382812,
                "y": 13.102983474731445,
                "z": 83.8307113647461
            },
            "BABPJCCCMPA": {
                "x": -78.60403442382812,
                "y": 13.102983474731445,
                "z": 83.8307113647461
            },
            "LMFODLLJCNF": ""
        }
    }
}