{
    "JFAJHCDAPJP": {
        "1": {
            "$type": "EEHBICBKION",
            "JHGKCNMFHHI": 70360001,
            "JLHNLMINEOL": {
                "x": 44.31404113769531,
                "y": -3.9989330768585205,
                "z": 9.0100679397583
            },
            "LBOPGJOHIKN": true,
            "LMFODLLJCNF": "",
            "FNFALPACEID": {
                "x": 1.0,
                "y": 1.0,
                "z": 1.0
            }
        }
    }
}