{
    "JFAJHCDAPJP": {
        "1": {
            "$type": "EEHBICBKION",
            "JHGKCNMFHHI": 70120004,
            "JLHNLMINEOL": {
                "x": 0.009204372763633728,
                "y": 2.5093653202056885,
                "z": -56.74320602416992
            },
            "LBOPGJOHIKN": true,
            "LMFODLLJCNF": "",
            "FNFALPACEID": {
                "x": 5.0,
                "y": 5.0,
                "z": 5.0
            }
        }
    }
}