{
    "JFAJHCDAPJP": {
        "1": {
            "$type": "EEHBICBKION",
            "JHGKCNMFHHI": 70010001,
            "JLHNLMINEOL": {
                "x": 80.0,
                "y": 32.993072509765625,
                "z": 628.703125
            },
            "BABPJCCCMPA": {
                "x": 80.0,
                "y": -0.5823365449905396,
                "z": 600.0
            },
            "LMFODLLJCNF": "",
            "FNFALPACEID": {
                "x": 5.0,
                "y": 5.0,
                "z": 5.0
            }
        }
    }
}