{
    "JFAJHCDAPJP": {
        "1": {
            "$type": "EEHBICBKION",
            "JHGKCNMFHHI": 70120004,
            "JLHNLMINEOL": {
                "x": -2.2304580211639404,
                "y": 14.620829582214355,
                "z": -76.49252319335938
            },
            "LBOPGJOHIKN": true,
            "LMFODLLJCNF": "",
            "FNFALPACEID": {
                "x": 5.0,
                "y": 5.0,
                "z": 5.0
            }
        },
        "2": {
            "$type": "NBPMJOMGEBG",
            "JHGKCNMFHHI": 70120003,
            "JLHNLMINEOL": {
                "x": -9.301132202148438,
                "y": -12.315979957580566,
                "z": 63.15956115722656
            },
            "NAKNKBEOHJG": {
                "y": 90.0
            },
            "LBOPGJOHIKN": true,
            "LMFODLLJCNF": "",
            "FNFALPACEID": {
                "x": 8.0,
                "y": 8.0,
                "z": 25.0
            }
        },
        "3": {
            "$type": "EDDOADMFKKD",
            "JHGKCNMFHHI": 70010006,
            "JLHNLMINEOL": {
                "x": 49.856719970703125,
                "y": -1.724181056022644,
                "z": 68.92520904541016
            },
            "LBOPGJOHIKN": true,
            "LMFODLLJCNF": "",
            "FNFALPACEID": {
                "x": 10.0,
                "y": 5.0,
                "z": 5.0
            }
        },
        "5": {
            "$type": "EDDOADMFKKD",
            "JHGKCNMFHHI": 70010006,
            "JLHNLMINEOL": {
                "x": -49.0405387878418,
                "y": -0.055124398320913315,
                "z": 36.93267059326172
            },
            "NAKNKBEOHJG": {
                "y": 90.98200225830078
            },
            "LBOPGJOHIKN": true,
            "LMFODLLJCNF": "",
            "FNFALPACEID": {
                "x": 10.0,
                "y": 10.0,
                "z": 5.0
            }
        },
        "6": {
            "$type": "NBPMJOMGEBG",
            "JHGKCNMFHHI": 70010006,
            "JLHNLMINEOL": {
                "x": 6.070069789886475,
                "y": 3.4699039459228516,
                "z": 96.56070709228516
            },
            "LBOPGJOHIKN": true,
            "LMFODLLJCNF": "",
            "FNFALPACEID": {
                "x": 5.0,
                "y": 10.0,
                "z": 10.0
            }
        }
    },
    "CJADLMKHEAK": {
        "1": {
            "$type": "EEPFPHOBDAD",
            "JHGKCNMFHHI": 70010006,
            "JLHNLMINEOL": {
                "x": 70.32655334472656,
                "y": -1.1518330574035645,
                "z": 17.449859619140625
            },
            "LBOPGJOHIKN": true,
            "LMFODLLJCNF": "",
            "MNIAJDNCKNB": "DeadRegion",
            "CAKDIBPBMBH": {
                "$type": "IBOOEPBPDKK",
                "JOLGIIECNFP": true,
                "KKFIKNJKGOE": 50.0,
                "HCAIGMDJLMK": "Center",
                "DPPNCNEMOOD": 50.0,
                "JCPKDKOCHDM": 50.0
            },
            "CGPEMLLDMID": ""
        },
        "11": {
            "$type": "EEPFPHOBDAD",
            "JHGKCNMFHHI": 70010006,
            "JLHNLMINEOL": {
                "x": -91.51138305664062,
                "y": 1.7229670286178589,
                "z": 67.05213165283203
            },
            "LBOPGJOHIKN": true,
            "LMFODLLJCNF": "",
            "MNIAJDNCKNB": "DeadRegion",
            "CAKDIBPBMBH": {
                "$type": "IBOOEPBPDKK",
                "JOLGIIECNFP": true,
                "KKFIKNJKGOE": 50.0,
                "HCAIGMDJLMK": "Center",
                "DPPNCNEMOOD": 50.0,
                "JCPKDKOCHDM": 150.0
            },
            "CGPEMLLDMID": ""
        },
        "12": {
            "$type": "EEPFPHOBDAD",
            "JHGKCNMFHHI": 70010006,
            "JLHNLMINEOL": {
                "x": 3.2859060764312744,
                "y": 3.1140689849853516,
                "z": 135.5509033203125
            },
            "LBOPGJOHIKN": true,
            "LMFODLLJCNF": "",
            "MNIAJDNCKNB": "DeadRegion",
            "CAKDIBPBMBH": {
                "$type": "IBOOEPBPDKK",
                "JOLGIIECNFP": true,
                "KKFIKNJKGOE": 50.0,
                "HCAIGMDJLMK": "Center",
                "DPPNCNEMOOD": 150.0,
                "JCPKDKOCHDM": 50.0
            },
            "CGPEMLLDMID": ""
        },
        "13": {
            "$type": "EEPFPHOBDAD",
            "JHGKCNMFHHI": 70010006,
            "JLHNLMINEOL": {
                "x": 81.88641357421875,
                "y": -5.4570770263671875,
                "z": 71.00496673583984
            },
            "LBOPGJOHIKN": true,
            "LMFODLLJCNF": "",
            "MNIAJDNCKNB": "DeadRegion",
            "CAKDIBPBMBH": {
                "$type": "IBOOEPBPDKK",
                "JOLGIIECNFP": true,
                "KKFIKNJKGOE": 50.0,
                "HCAIGMDJLMK": "Center",
                "DPPNCNEMOOD": 40.0,
                "JCPKDKOCHDM": 100.0
            },
            "CGPEMLLDMID": ""
        },
        "14": {
            "$type": "EEPFPHOBDAD",
            "JHGKCNMFHHI": 70010006,
            "JLHNLMINEOL": {
                "x": -7.368052959442139,
                "y": -2.049988031387329,
                "z": 40.83488082885742
            },
            "LBOPGJOHIKN": true,
            "LMFODLLJCNF": "",
            "MNIAJDNCKNB": "DeadRegion",
            "CAKDIBPBMBH": {
                "$type": "IBOOEPBPDKK",
                "JOLGIIECNFP": true,
                "KKFIKNJKGOE": 60.0,
                "HCAIGMDJLMK": "Center",
                "DPPNCNEMOOD": 40.0,
                "JCPKDKOCHDM": 5.0
            },
            "CGPEMLLDMID": ""
        },
        "15": {
            "$type": "EEPFPHOBDAD",
            "JHGKCNMFHHI": 70010006,
            "JLHNLMINEOL": {
                "x": -15.236760139465332,
                "y": -35.943851470947266,
                "z": -1.0476969480514526
            },
            "LBOPGJOHIKN": true,
            "LMFODLLJCNF": "",
            "MNIAJDNCKNB": "DeadRegion",
            "CAKDIBPBMBH": {
                "$type": "IBOOEPBPDKK",
                "JOLGIIECNFP": true,
                "KKFIKNJKGOE": 50.0,
                "HCAIGMDJLMK": "Center",
                "DPPNCNEMOOD": 60.0,
                "JCPKDKOCHDM": 80.0
            },
            "CGPEMLLDMID": ""
        },
        "16": {
            "$type": "EEPFPHOBDAD",
            "JHGKCNMFHHI": 70010006,
            "JLHNLMINEOL": {
                "x": 16.424129486083984,
                "y": -1.9874229431152344,
                "z": 20.773990631103516
            },
            "LBOPGJOHIKN": true,
            "LMFODLLJCNF": "",
            "MNIAJDNCKNB": "DeadRegion",
            "CAKDIBPBMBH": {
                "$type": "IBOOEPBPDKK",
                "JOLGIIECNFP": true,
                "KKFIKNJKGOE": 60.0,
                "HCAIGMDJLMK": "Center",
                "DPPNCNEMOOD": 10.0,
                "JCPKDKOCHDM": 45.0
            },
            "CGPEMLLDMID": ""
        },
        "17": {
            "$type": "EEPFPHOBDAD",
            "JHGKCNMFHHI": 70010006,
            "JLHNLMINEOL": {
                "x": -30.07893943786621,
                "y": 3.566394090652466,
                "z": 47.00891876220703
            },
            "LBOPGJOHIKN": true,
            "LMFODLLJCNF": "",
            "MNIAJDNCKNB": "DeadRegion",
            "CAKDIBPBMBH": {
                "$type": "IBOOEPBPDKK",
                "JOLGIIECNFP": true,
                "KKFIKNJKGOE": 60.0,
                "HCAIGMDJLMK": "Center",
                "DPPNCNEMOOD": 10.0,