{
    "JFAJHCDAPJP": {
        "1": {
            "$type": "OJNPIDGMMBH",
            "JHGKCNMFHHI": 70010002,
            "JLHNLMINEOL": {
                "x": 0.03163028135895729,
                "y": 6.415838811335561e-07,
                "z": -4.962438106536865
            },
            "BABPJCCCMPA": {
                "x": -560.8660278320312,
                "y": 228.0,
                "z": 335.02099609375
            },
            "LBOPGJOHIKN": true,
            "LMFODLLJCNF": "",
            "IKGLHJNELGA": 3,
            "NLHHDFEMOAB": "UI_SCENE_ENTRY_EXIT_XINYUEXUAN",
            "JEDHOHENEOG": {
                "x": 3.0,
                "y": 3.0,
                "z": 3.0
            },
            "JEHJBBGDGPL": 24.0
        }
    }
}