{
    "JFAJHCDAPJP": {
        "1": {
            "$type": "EEHBICBKION",
            "JHGKCNMFHHI": 70120004,
            "JLHNLMINEOL": {
                "x": -66.58360290527344,
                "y": 126.46520233154297,
                "z": 74.64559173583984
            },
            "NAKNKBEOHJG": {
                "y": 104.37909698486328
            },
            "LBOPGJOHIKN": true,
            "LMFODLLJCNF": "",
            "FNFALPACEID": {
                "x": 5.0,
                "y": 5.0,
                "z": 5.0
            }
        },
        "2": {
            "$type": "EDDOADMFKKD",
            "JHGKCNMFHHI": 70010006,
            "JLHNLMINEOL": {
                "x": -129.60069274902344,
                "y": 34.28752899169922,
                "z": 49.2883186340332
            },
            "NAKNKBEOHJG": {
                "y": 351.9455871582031
            },
            "LBOPGJOHIKN": true,
            "LMFODLLJCNF": "",
            "FNFALPACEID": {
                "x": 15.0,
                "y": 15.0,
                "z": 15.0
            }
        },
        "3": {
            "$type": "EDDOADMFKKD",
            "JHGKCNMFHHI": 70010006,
            "JLHNLMINEOL": {
                "x": -221.38059997558594,
                "y": 35.92903137207031,
                "z": 114.05249786376953
            },
            "NAKNKBEOHJG": {
                "y": 41.95389938354492
            },
            "LBOPGJOHIKN": true,
            "LMFODLLJCNF": "",
            "FNFALPACEID": {
                "x": 15.0,
                "y": 15.0,
                "z": 15.0
            }
        },
        "4": {
            "$type": "EDDOADMFKKD",
            "JHGKCNMFHHI": 70010006,
            "JLHNLMINEOL": {
                "x": -221.38059997558594,
                "y": 35.92903137207031,
                "z": 114.05249786376953
            },
            "NAKNKBEOHJG": {
                "y": 73.63179779052734
            },
            "LBOPGJOHIKN": true,
            "LMFODLLJCNF": "",
            "FNFALPACEID": {
                "x": 20.0,
                "y": 20.0,
                "z": 20.0
            }
        },
        "5": {
            "$type": "EDDOADMFKKD",
            "JHGKCNMFHHI": 70010006,
            "JLHNLMINEOL": {
                "x": -221.38059997558594,
                "y": 35.92903137207031,
                "z": 114.05249786376953
            },
            "NAKNKBEOHJG": {
                "y": 141.2115020751953
            },
            "LBOPGJOHIKN": true,
            "LMFODLLJCNF": "",
            "FNFALPACEID": {
                "x": 15.0,
                "y": 15.0,
                "z": 15.0
            }
        },
        "6": {
            "$type": "EDDOADMFKKD",
            "JHGKCNMFHHI": 70010006,
            "JLHNLMINEOL": {
                "x": -221.38059997558594,
                "y": 35.92903137207031,
                "z": 114.05249786376953
            },
            "NAKNKBEOHJG": {
                "y": 263.7818908691406
            },
            "LBOPGJOHIKN": true,
            "LMFODLLJCNF": "",
            "FNFALPACEID": {
                "x": 15.0,
                "y": 15.0,
                "z": 15.0
            }
        }
    },
    "CJADLMKHEAK": {
        "1": {
            "$type": "EEPFPHOBDAD",
            "JHGKCNMFHHI": 70010006,
            "JLHNLMINEOL": {
                "x": -98.82579040527344,
                "y": -6.6196770668029785,
                "z": 21.492889404296875
            },
            "LBOPGJOHIKN": true,
            "LMFODLLJCNF": "",
            "IHHBDJGHCDM": 500.0,
            "EBDCAELNBKO": true,
            "MNIAJDNCKNB": "DeadRegion",
            "CAKDIBPBMBH": {
                "$type": "IBOOEPBPDKK",
                "JOLGIIECNFP": true,
                "KKFIKNJKGOE": 50.0,
                "HCAIGMDJLMK": "Center",
                "DPPNCNEMOOD": 600.0,
                "JCPKDKOCHDM": 600.0
            },
            "CGPEMLLDMID": ""
        }
    }
}