{
    "JFAJHCDAPJP": {
        "1": {
            "$type": "EEHBICBKION",
            "JHGKCNMFHHI": 70120004,
            "JLHNLMINEOL": {
                "x": 293.95245361328125,
                "y": 42.21049499511719,
                "z": 19.44182777404785
            },
            "LBOPGJOHIKN": true,
            "LMFODLLJCNF": "",
            "FNFALPACEID": {
                "x": 5.0,
                "y": 5.0,
                "z": 5.0
            }
        },
        "2": {
            "$type": "NBPMJOMGEBG",
            "JHGKCNMFHHI": 70120003,
            "JLHNLMINEOL": {
                "x": 52.47904968261719,
                "y": -1.1467243432998657,
                "z": 42.59628677368164
            },
            "NAKNKBEOHJG": {
                "y": 90.0
            },
            "LBOPGJOHIKN": true,
            "LMFODLLJCNF": "",
            "FNFALPACEID": {
                "x": 6.800000190734863,
                "y": 9.760000228881836,
                "z": 31.809999465942383
            }
        },
        "3": {
            "$type": "NBPMJOMGEBG",
            "JHGKCNMFHHI": 70120003,
            "JLHNLMINEOL": {
                "x": 180.73330688476562,
                "y": 19.25016975402832,
                "z": 19.233800888061523
            },
            "NAKNKBEOHJG": {
                "y": 90.0
            },
            "LBOPGJOHIKN": true,
            "LMFODLLJCNF": "",
            "FNFALPACEID": {
                "x": 5.0,
                "y": 10.0,
                "z": 40.0
            }
        },
        "4": {
            "$type": "NBPMJOMGEBG",
            "JHGKCNMFHHI": 70120003,
            "JLHNLMINEOL": {
                "x": 269.6184997558594,
                "y": 41.91143035888672,
                "z": 18.659339904785156
            },
            "NAKNKBEOHJG": {
                "y": 180.81820678710938
            },
            "LBOPGJOHIKN": true,
            "LMFODLLJCNF": "",
            "FNFALPACEID": {
                "x": 5.0,
                "y": 18.399999618530273,
                "z": 100.0
            },
            "FEPFHLBPEHC": [
                220023014
            ]
        },
        "5": {
            "$type": "NBPMJOMGEBG",
            "JHGKCNMFHHI": 70010006,
            "JLHNLMINEOL": {
                "x": 181.6038055419922,
                "y": 18.766300201416016,
                "z": -17.410499572753906
            },
            "NAKNKBEOHJG": {
                "y": 138.539794921875
            },
            "LBOPGJOHIKN": true,
            "LMFODLLJCNF": "",
            "FNFALPACEID": {
                "x": 26.200000762939453,
                "y": 10.0,
                "z": 5.0
            }
        },
        "6": {
            "$type": "NBPMJOMGEBG",
            "JHGKCNMFHHI": 70010006,
            "JLHNLMINEOL": {
                "x": 214.6020050048828,
                "y": 15.946419715881348,
                "z": -21.37388038635254
            },
            "NAKNKBEOHJG": {
                "y": 221.3865966796875
            },
            "LBOPGJOHIKN": true,
            "LMFODLLJCNF": "",
            "FNFALPACEID": {
                "x": 23.56999969482422,
                "y": 10.0,
                "z": 5.0
            }
        },
        "7": {
            "$type": "NBPMJOMGEBG",
            "JHGKCNMFHHI": 70010006,
            "JLHNLMINEOL": {
                "x": 234.40269470214844,
                "y": 18.750389099121094,
                "z": 24.590700149536133
            },
            "NAKNKBEOHJG": {
                "y": 329.5857849121094
            },
            "LBOPGJOHIKN": true,
            "LMFODLLJCNF": "",
            "FNFALPACEID": {
                "x": 26.200000762939453,
                "y": 10.0,
                "z": 5.0
            }
        },
        "8": {
            "$type": "NBPMJOMGEBG",
            "JHGKCNMFHHI": 70010006,
            "JLHNLMINEOL": {
                "x": 217.88450622558594,
                "y": 27.016460418701172,
                "z": 35.57651138305664
            },
            "NAKNKBEOHJG": {
                "y": 32.028804779052734
            },
            "LBOPGJOHIKN": true,
            "LMFODLLJCNF": "",
            "FNFALPACEID": {
                "x": 9.0600004196167,
                "y": 10.0,
                "z": 5.0
            }
        }
    },
    "CJADLMKHEAK": {
        "1": {
            "$type": "EEPFPHOBDAD",
            "JHGKCNMFHHI": 70010006,
            "JLHNLMINEOL": {
                "x": 105.66275024414062,
                "y": -21.439985275268555,
                "z": 20.646320343017578
            },
            "LBOPGJOHIKN": true,
            "LMFODLLJCNF": "",
            "IHHBDJGHCDM": 500.0,
            "EBDCAELNBKO": true,
            "MNIAJDNCKNB": "DeadRegion",
            "CAKDIBPBMBH": {
                "$type": "IBOOEPBPDKK",
                "JOLGIIECNFP": true,
                "KKFIKNJKGOE": 20.3799991607666,
                "HCAIGMDJLMK": "Center",
                "DPPNCNEMOOD": 109.4000015258789,
                "JCPKDKOCHDM": 106.5999984741211
            },
            "CGPEMLLDMID": ""
        },
        "10": {
            "$type": "EEPFPHOBDAD",
            "JHGKCNMFHHI": 40000007,
            "JLHNLMINEOL": {
                "x": 282.0704345703125,
                "y": 40.6225471496582,
                "z": -17.745729446411133
            },
            "LBOPGJOHIKN": true,
            "LMFODLLJCNF": "",
            "IHHBDJGHCDM": 500.0,
            "EBDCAELNBKO": true,
            "MNIAJDNCKNB": "ReturnRegion",
            "CAKDIBPBMBH": {
                "$type": "IBOOEPBPDKK",
                "JOLGIIECNFP": true,
                "KKFIKNJKGOE": 18.5,
                "HCAIGMDJLMK": "Center",
                "DPPNCNEMOOD": 7.579999923706055,
                "JCPKDKOCHDM": 7.610000133514404
            },
            "DEIENLIGGAF": 5.0,
            "CGPEMLLDMID": ""
        },
        "11": {
            "$type": "EEPFPHOBDAD",
            "JHGKCNMFHHI": 70010006,
            "JLHNLMINEOL": {
                "x": 247.5377960205078,
                "y": 49.845611572265625,
                "z": 6.579288005828857
            },
            "LBOPGJOHIKN": true,
            "LMFODLLJCNF": "",
            "IHHBDJGHCDM": 500.0,
            "EBDCAELNBKO": true,
            "MNIAJDNCKNB": "DeadRegion",
            "CAKDIBPBMBH": {
                "$type": "IBOOEPBPDKK",
                "JOLGIIECNFP": true,
                "KKFIKNJKGOE": 15.050000190734863,
                "HCAIGMDJLMK": "Center",
                "DPPNCNEMOOD": 20.0,
                "JCPKDKOCHDM": 40.0
            },
            "DEIENLIGGAF": 5.0,
            "CGPEMLLDMID": ""
        },
        "12": {
            "$type": "EEPFPHOBDAD",
            "JHGKCNMFHHI": 40000007,
            "JLHNLMINEOL": {
                "x": 254.64120483398438,
                "y": 40.79651641845703,
                "z": -16.06924819946289
            },
            "LBOPGJOHIKN": true,
            "LMFODLLJCNF": "",
            "IHHBDJGHCDM": 500.0,
            "EBDCAELNBKO": true,
            "MNIAJDNCKNB": "ReturnRegion",
            "CAKDIBPBMBH": {
                "$type": "IBOOEPBPDKK",
                "JOLGIIECNFP": true,
                "KKFIKNJKGOE": 10.050000190734863,
                "HCAIGMDJLMK": "Center",
                "DPPNCNEMOOD": 22.799999237060547,
                "JCPKDKOCHDM": 7.610000133514404
            },
            "DEIENLIGGAF": 5.0,
            "CGPEMLLDMID": ""
        },
        "2": {
            "$type": "EEPFPHOBDAD",
            "JHGKCNMFHHI": 70010006,
            "JLHNLMINEOL": {
                "x": 92.86614227294922,