{
    "JFAJHCDAPJP": {
        "1": {
            "$type": "EEHBICBKION",
            "JHGKCNMFHHI": 70010001,
            "JLHNLMINEOL": {
                "x": 26.67820167541504,
                "y": 0.40000060200691223,
                "z": -6.596979141235352
            },
            "LBOPGJOHIKN": true,
            "LMFODLLJCNF": ""
        },
        "10": {
            "$type": "MOFENBMAOJG",
            "MNGKGJOEIJK": "PORTAL",
            "JHGKCNMFHHI": 70110003,
            "JLHNLMINEOL": {
                "x": 280.34967041015625,
                "y": 0.13284564018249512,
                "z": -34.40972900390625
            },
            "BABPJCCCMPA": {
                "x": 410.34967041015625,
                "y": 2.132845640182495,
                "z": -27.40972900390625
            },
            "LBOPGJOHIKN": true,
            "LMFODLLJCNF": ""
        },
        "11": {
            "$type": "MOFENBMAOJG",
            "MNGKGJOEIJK": "PORTAL",
            "JHGKCNMFHHI": 70110003,
            "JLHNLMINEOL": {
                "x": 325.5076599121094,
                "y": 0.13284564018249512,
                "z": -34.905635833740234
            },
            "BABPJCCCMPA": {
                "x": 455.5076599121094,
                "y": 2.132845640182495,
                "z": -27.905635833740234
            },
            "LBOPGJOHIKN": true,
            "LMFODLLJCNF": ""
        },
        "12": {
            "$type": "MOFENBMAOJG",
            "MNGKGJOEIJK": "PORTAL",
            "JHGKCNMFHHI": 70110003,
            "JLHNLMINEOL": {
                "x": 369.77685546875,
                "y": 0.2861671447753906,
                "z": -36.367942810058594
            },
            "BABPJCCCMPA": {
                "x": 499.77685546875,
                "y": 2.2861671447753906,
                "z": -29.367942810058594
            },
            "LBOPGJOHIKN": true,
            "LMFODLLJCNF": ""
        },
        "13": {
            "$type": "MOFENBMAOJG",
            "MNGKGJOEIJK": "PORTAL",
            "JHGKCNMFHHI": 70110003,
            "JLHNLMINEOL": {
                "x": 417.2731018066406,
                "y": 0.4290354251861572,
                "z": -35.375335693359375
            },
            "BABPJCCCMPA": {
                "x": 547.2730712890625,
                "y": 2.4290354251861572,
                "z": -28.375335693359375
            },
            "LBOPGJOHIKN": true,
            "LMFODLLJCNF": ""
        },
        "14": {
            "$type": "MOFENBMAOJG",
            "MNGKGJOEIJK": "PORTAL",
            "JHGKCNMFHHI": 70110003,
            "JLHNLMINEOL": {
                "x": 463.1523132324219,
                "y": 0.4290354251861572,
                "z": -34.48311233520508
            },
            "BABPJCCCMPA": {
                "x": 593.15234375,
                "y": 2.4290354251861572,
                "z": -27.483112335205078
            },
            "LBOPGJOHIKN": true,
            "LMFODLLJCNF": ""
        },
        "15": {
            "$type": "MOFENBMAOJG",
            "MNGKGJOEIJK": "PORTAL",
            "JHGKCNMFHHI": 70110003,
            "JLHNLMINEOL": {
                "x": 427.81005859375,
                "y": 1.1328446865081787,
                "z": 9.332918167114258
            },
            "BABPJCCCMPA": {
                "x": 557.81005859375,
                "y": 3.1328446865081787,
                "z": 16.332918167114258
            },
            "LBOPGJOHIKN": true,
            "LMFODLLJCNF": ""
        },
        "16": {
            "$type": "MOFENBMAOJG",
            "MNGKGJOEIJK": "PORTAL",
            "JHGKCNMFHHI": 70110003,
            "JLHNLMINEOL": {
                "x": 479.3782043457031,
                "y": 1.1328446865081787,
                "z": 8.854358673095703
            },
            "BABPJCCCMPA": {
                "x": 609.378173828125,
                "y": 3.1328446865081787,
                "z": 15.854358673095703
            },
            "LBOPGJOHIKN": true,
            "LMFODLLJCNF": ""
        },
        "17": {
            "$type": "MOFENBMAOJG",
            "MNGKGJOEIJK": "PORTAL",
            "JHGKCNMFHHI": 70110003,
            "JLHNLMINEOL": {
                "x": 532.1347045898438,
                "y": 1.1328446865081787,
                "z": 8.651203155517578
            },
            "BABPJCCCMPA": {
                "x": 662.1347045898438,
                "y": 3.1328446865081787,
                "z": 15.651203155517578
            },
            "LBOPGJOHIKN": true,
            "LMFODLLJCNF": ""
        },
        "18": {
            "$type": "MOFENBMAOJG",
            "MNGKGJOEIJK": "PORTAL",
            "JHGKCNMFHHI": 70110003,
            "JLHNLMINEOL": {
                "x": 504.18267822265625,
                "y": 0.4290354251861572,
                "z": -36.451045989990234
            },
            "BABPJCCCMPA": {
                "x": 634.1826782226562,
                "y": 2.4290354251861572,
                "z": -29.451045989990234
            },
            "LBOPGJOHIKN": true,
            "LMFODLLJCNF": ""
        },
        "19": {
            "$type": "MOFENBMAOJG",
            "MNGKGJOEIJK": "PORTAL",
            "JHGKCNMFHHI": 70110003,
            "JLHNLMINEOL": {
                "x": 550.7950439453125,
                "y": 0.5951640605926514,
                "z": -35.44788360595703
            },
            "BABPJCCCMPA": {
                "x": 680.7950439453125,
                "y": 2.5951640605926514,
                "z": -28.44788360595703
            },
            "LBOPGJOHIKN": true,
            "LMFODLLJCNF": ""
        },
        "2": {
            "$type": "MOFENBMAOJG",
            "MNGKGJOEIJK": "PORTAL",
            "JHGKCNMFHHI": 70110003,
            "EDNFEPIKANK": 1,
            "JLHNLMINEOL": {
                "x": 181.387451171875,
                "y": 11.82766056060791,
                "z": 9.06037712097168
            },
            "BABPJCCCMPA": {
                "x": 299.2874450683594,
                "y": 13.82766056060791,
                "z": 16.06037712097168
            },
            "LBOPGJOHIKN": true,
            "LMFODLLJCNF": ""
        },
        "20": {
            "$type": "MOFENBMAOJG",
            "MNGKGJOEIJK": "PORTAL",
            "JHGKCNMFHHI": 70110003,
            "JLHNLMINEOL": {
                "x": 574.66455078125,
                "y": 1.1328446865081787,
                "z": 9.473928451538086
            },
            "BABPJCCCMPA": {
                "x": 704.66455078125,
                "y": 3.1328446865081787,
                "z": 16.473928451538086
            },
            "LBOPGJOHIKN": true,
            "LMFODLLJCNF": ""
        },
        "21": {
            "$type": "MOFENBMAOJG",
            "MNGKGJOEIJK": "PORTAL",
            "JHGKCNMFHHI": 70110003,
            "JLHNLMINEOL": {
                "x": 627.2017211914062,
                "y": 1.132845401763916,
                "z": 11.25255298614502
            },
            "BABPJCCCMPA": {
                "x": 757.2017211914062,
                "y": 3.132845401763916,
                "z": 18.252552032470703
            },
            "LBOPGJOHIKN": true,
            "LMFODLLJCNF": ""
        },
        "22": {
            "$type": "MOFENBMAOJG",
            "MNGKGJOEIJK": "PORTAL",
            "JHGKCNMFHHI": 70110003,
            "JLHNLMINEOL": {
                "x": 596.4420776367188,
                "y": 0.6328456401824951,
                "z": -34.359867095947266
            },
            "BABPJCCCMPA": {
                "x": 726.4420776367188,
                "y": 2.632845640182495,
                "z": -27.359867095947266
            },
            "LBOPGJOHIKN": true,