{
    "BPLAKLDAHHD": 80.0,
    "secondHeight": 30.0,
    "IHIDMICIAPL": [
        {
            "furnitureID": 376102,
            "position": {
                "_x": 9.21856689453125,
                "_z": 0.073486328125
            }
        },
        {
            "furnitureID": 376103,
            "position": {
                "_x": -9.082122802734375,
                "_z": -0.0902099609375
            }
        }
    ]
}