{
    "BPLAKLDAHHD": 50.0,
    "secondHeight": 30.0,
    "IHIDMICIAPL": [
        {
            "furnitureID": 376152,
            "position": {
                "_x": 0.22332763671875,
                "_z": 27.2000732421875
            }
        },
        {
            "furnitureID": 376153,
            "position": {
                "_x": 0.22332763671875,
                "_z": 3.2000732421875
            }
        },
        {
            "furnitureID": 376154,
            "position": {
                "_x": 0.22332763671875,
                "_y": 12.0,
                "_z": 3.2000732421875
            }
        }
    ]
}