{
    "KFHBFNPDJBE": [
        {
            "FGIJCELCGFI": 1,
            "BEAPOFELABD": [
                {
                    "ENHNGKJBJAB": 375103,
                    "NGIEEIOLPPO": {
                        "_x": 259.0400085449219,
                        "_y": 186.53700256347656,
                        "_z": 540.780029296875
                    },
                    "HEOCEHKEBFM": {
                        "_y": 90.0
                    },
                    "EBKJPIEAJKB": 0
                }
            ],
            "OAMAFGAEPLH": [
                {
                    "pos": {
                        "_x": 170.3699951171875,
                        "_y": 206.6199951171875,
                        "_z": 568.6699829101562
                    },
                    "rot": {
                        "_y": -47.810001373291016
                    }
                }
            ]
        },
        {
            "FGIJCELCGFI": 2,
            "OAMAFGAEPLH": [
                {
                    "pos": {
                        "_x": 295.25,
                        "_y": 204.0800018310547,
                        "_z": 404.260009765625
                    },
                    "rot": {
                        "_y": -64.30000305175781
                    }
                }
            ]
        },
        {
            "FGIJCELCGFI": 3,
            "OAMAFGAEPLH": [
                {
                    "pos": {
                        "_x": 620.760009765625,
                        "_y": 204.3699951171875,
                        "_z": 407.6000061035156
                    },
                    "rot": {
                        "_y": -32.2400016784668
                    }
                }
            ]
        },
        {
            "FGIJCELCGFI": 4,
            "OAMAFGAEPLH": [
                {
                    "pos": {
                        "_x": 777.4199829101562,
                        "_y": 205.22000122070312,
                        "_z": 648.6400146484375
                    },
                    "rot": {
                        "_y": -36.599998474121094
                    }
                }
            ]
        }
    ],
    "FEDAOJMDBHN": true,
    "IJNPADKGNKE": {
        "_x": 273.0,
        "_y": 186.0,
        "_z": 540.0
    },
    "IPIIGEMFLHK": {
        "_y": 128.0
    },
    "KNHCJKHCOAN": {
        "ENHNGKJBJAB": 375103,
        "NGIEEIOLPPO": {
            "_x": 259.0400085449219,
            "_y": 186.53700256347656,
            "_z": 540.780029296875
        },
        "HEOCEHKEBFM": {
            "_y": 90.0
        },
        "EBKJPIEAJKB": 1
    },
    "HHOLBNPIHEM": {
        "_x": 268.5,
        "_y": 186.0,
        "_z": 551.0
    },
    "GLBBIJLNNEE": 3
}