{
    "JOPMNNJKAJC": 3,
    "LDBODNMPBNM": [
        {
            "NEPOIBEANND": 322100001,
            "OMNDEBJIOCP": "StandbyPoint",
            "ECLBMPMBMLE": {
                "_x": -3109.072021484375,
                "_y": 251.17739868164062,
                "_z": -4425.7548828125
            },
            "FANCKABFCPH": {
                "_y": 202.18240356445312
            },
            "HNMACAPMBPJ": 1190
        },
        {
            "NEPOIBEANND": 322100002,
            "OMNDEBJIOCP": "StandbyPoint",
            "ECLBMPMBMLE": {
                "_x": -3147.012939453125,
                "_y": 251.40379333496094,
                "_z": -4427.7158203125
            },
            "FANCKABFCPH": {
                "_y": 239.56280517578125
            }
        },
        {
            "NEPOIBEANND": 322100003,
            "OMNDEBJIOCP": "StandbyPoint",
            "ECLBMPMBMLE": {
                "_x": -3129.783935546875,
                "_y": 253.1230926513672,
                "_z": -4483.8837890625
            },
            "FANCKABFCPH": {
                "_y": 92.6073989868164
            }
        },
        {
            "NEPOIBEANND": 322100004,
            "OMNDEBJIOCP": "StandbyPoint",
            "ECLBMPMBMLE": {
                "_x": -3112.64501953125,
                "_y": 252.52560424804688,
                "_z": -4444.4208984375
            },
            "FANCKABFCPH": {
                "_y": 20.625699996948242
            }
        }
    ]
}