{
    "sceneId": 3,
    "actionPoints": [
        {
            "localId": 322100001,
            "type": "StandbyPoint",
            "pos": {
                "x": -3109.072021484375,
                "y": 251.17739868164062,
                "z": -4425.7548828125
            },
            "rot": {
                "y": 202.18240356445312
            },
            "freestyle": 1190
        },
        {
            "localId": 322100002,
            "type": "StandbyPoint",
            "pos": {
                "x": -3147.012939453125,
                "y": 251.40379333496094,
                "z": -4427.7158203125
            },
            "rot": {
                "y": 239.56280517578125
            }
        },
        {
            "localId": 322100003,
            "type": "StandbyPoint",
            "pos": {
                "x": -3129.783935546875,
                "y": 253.1230926513672,
                "z": -4483.8837890625
            },
            "rot": {
                "y": 92.6073989868164
            }
        },
        {
            "localId": 322100004,
            "type": "StandbyPoint",
            "pos": {
                "x": -3112.64501953125,
                "y": 252.52560424804688,
                "z": -4444.4208984375
            },
            "rot": {
                "y": 20.625699996948242
            }
        }
    ]
}