{
    "sceneId": 20124,
    "actionPoints": [
        {
            "localId": 1,
            "type": "AureaePoint",
            "pos": {
                "_x": 524.8900146484375,
                "_y": 80.69000244140625,
                "_z": 460.010009765625
            }
        },
        {
            "localId": 2,
            "type": "AureaePoint",
            "pos": {
                "_x": 561.4174194335938,
                "_y": 52.540000915527344,
                "_z": 460.010009765625
            },
            "rot": {
                "_y": 270.0
            }
        },
        {
            "localId": 3,
            "type": "AureaePoint",
            "pos": {
                "_x": 524.8900146484375,
                "_y": 52.540000915527344,
                "_z": 441.9599914550781
            }
        }
    ]
}