{
    "JOPMNNJKAJC": 20124,
    "LDBODNMPBNM": [
        {
            "NEPOIBEANND": 1,
            "OMNDEBJIOCP": "AureaePoint",
            "ECLBMPMBMLE": {
                "_x": 524.8900146484375,
                "_y": 80.69000244140625,
                "_z": 460.010009765625
            }
        },
        {
            "NEPOIBEANND": 2,
            "OMNDEBJIOCP": "AureaePoint",
            "ECLBMPMBMLE": {
                "_x": 561.4174194335938,
                "_y": 52.540000915527344,
                "_z": 460.010009765625
            },
            "FANCKABFCPH": {
                "_y": 270.0
            }
        },
        {
            "NEPOIBEANND": 3,
            "OMNDEBJIOCP": "AureaePoint",
            "ECLBMPMBMLE": {
                "_x": 524.8900146484375,
                "_y": 52.540000915527344,
                "_z": 441.9599914550781
            }
        }
    ]
}