{
    "JOPMNNJKAJC": 3,
    "LDBODNMPBNM": [
        {
            "NEPOIBEANND": 321300001,
            "OMNDEBJIOCP": "MultiTalkPrimPoint",
            "ECLBMPMBMLE": {
                "_x": -3561.344970703125,
                "_y": 217.52789306640625,
                "_z": -3095.0048828125
            },
            "FANCKABFCPH": {
                "_y": 341.3460998535156
            }
        },
        {
            "NEPOIBEANND": 321300002,
            "OMNDEBJIOCP": "MultiTalkPoint",
            "ECLBMPMBMLE": {
                "_x": -3562.18603515625,
                "_y": 217.59719848632812,
                "_z": -3092.0869140625
            },
            "FANCKABFCPH": {
                "_y": 154.71710205078125
            }
        }
    ]
}