{
    "sceneId": 3,
    "actionPoints": [
        {
            "localId": 321300001,
            "type": "MultiTalkPrimPoint",
            "pos": {
                "x": -3561.344970703125,
                "y": 217.52789306640625,
                "z": -3095.0048828125
            },
            "rot": {
                "y": 341.3460998535156
            }
        },
        {
            "localId": 321300002,
            "type": "MultiTalkPoint",
            "pos": {
                "x": -3562.18603515625,
                "y": 217.59719848632812,
                "z": -3092.0869140625
            },
            "rot": {
                "y": 154.71710205078125
            }
        }
    ]
}