{
    "sceneId": 3,
    "actionPoints": [
        {
            "localId": 321000001,
            "type": "MultiTalkPrimPoint",
            "pos": {
                "_x": -4006.087890625,
                "_y": 195.51190185546875,
                "_z": -832.8911743164062
            },
            "rot": {
                "_y": 199.29660034179688
            },
            "freestyle": 1190
        },
        {
            "localId": 321000002,
            "type": "MultiTalkPoint",
            "pos": {
                "_x": -4007.7041015625,
                "_y": 195.51190185546875,
                "_z": -832.7506713867188
            },
            "rot": {
                "_y": 165.2769012451172
            },
            "freestyle": 1120
        },
        {
            "localId": 321000003,
            "type": "SitPoint",
            "pos": {
                "_x": -3982.263916015625,
                "_y": 166.73049926757812,
                "_z": -833.2448120117188
            },
            "rot": {
                "_y": 22.046499252319336
            }
        }
    ]
}