{
    "JOPMNNJKAJC": 3,
    "LDBODNMPBNM": [
        {
            "NEPOIBEANND": 321000001,
            "OMNDEBJIOCP": "MultiTalkPrimPoint",
            "ECLBMPMBMLE": {
                "_x": -4006.087890625,
                "_y": 195.51190185546875,
                "_z": -832.8911743164062
            },
            "FANCKABFCPH": {
                "_y": 199.29660034179688
            },
            "HNMACAPMBPJ": 1190
        },
        {
            "NEPOIBEANND": 321000002,
            "OMNDEBJIOCP": "MultiTalkPoint",
            "ECLBMPMBMLE": {
                "_x": -4007.7041015625,
                "_y": 195.51190185546875,
                "_z": -832.7506713867188
            },
            "FANCKABFCPH": {
                "_y": 165.2769012451172
            },
            "HNMACAPMBPJ": 1120
        },
        {
            "NEPOIBEANND": 321000003,
            "OMNDEBJIOCP": "SitPoint",
            "ECLBMPMBMLE": {
                "_x": -3982.263916015625,
                "_y": 166.73049926757812,
                "_z": -833.2448120117188
            },
            "FANCKABFCPH": {
                "_y": 22.046499252319336
            }
        }
    ]
}