{
    "sceneId": 3,
    "actionPoints": [
        {
            "localId": 321000001,
            "type": "MultiTalkPrimPoint",
            "pos": {
                "x": -4006.087890625,
                "y": 195.51190185546875,
                "z": -832.8911743164062
            },
            "rot": {
                "y": 199.29660034179688
            },
            "freestyle": 1190
        },
        {
            "localId": 321000002,
            "type": "MultiTalkPoint",
            "pos": {
                "x": -4007.7041015625,
                "y": 195.51190185546875,
                "z": -832.7506713867188
            },
            "rot": {
                "y": 165.2769012451172
            },
            "freestyle": 1120
        },
        {
            "localId": 321000003,
            "type": "SitPoint",
            "pos": {
                "x": -3982.263916015625,
                "y": 166.73049926757812,
                "z": -833.2448120117188
            },
            "rot": {
                "y": 22.046499252319336
            }
        }
    ]
}