{
    "JOPMNNJKAJC": 3,
    "LDBODNMPBNM": [
        {
            "NEPOIBEANND": 320900001,
            "OMNDEBJIOCP": "StandbyPoint",
            "ECLBMPMBMLE": {
                "_x": -2564.597900390625,
                "_y": 201.68069458007812,
                "_z": -3751.89599609375
            },
            "HNMACAPMBPJ": 1120
        },
        {
            "NEPOIBEANND": 320900002,
            "OMNDEBJIOCP": "StandbyPoint",
            "ECLBMPMBMLE": {
                "_x": -2560.367919921875,
                "_y": 201.68069458007812,
                "_z": -3747.14697265625
            },
            "FANCKABFCPH": {
                "_y": 342.3169860839844
            },
            "HNMACAPMBPJ": 1120
        },
        {
            "NEPOIBEANND": 320900003,
            "OMNDEBJIOCP": "StandbyPoint",
            "ECLBMPMBMLE": {
                "_x": -2570.837890625,
                "_y": 201.68069458007812,
                "_z": -3753.4951171875
            },
            "HNMACAPMBPJ": 1120
        },
        {
            "NEPOIBEANND": 320900004,
            "OMNDEBJIOCP": "StandbyPoint",
            "ECLBMPMBMLE": {
                "_x": -2577.64501953125,
                "_y": 201.68069458007812,
                "_z": -3746.554931640625
            },
            "FANCKABFCPH": {
                "_y": 48.960601806640625
            },
            "HNMACAPMBPJ": 1120
        }
    ]
}