{
    "sceneId": 3,
    "actionPoints": [
        {
            "localId": 320900001,
            "type": "StandbyPoint",
            "pos": {
                "_x": -2564.597900390625,
                "_y": 201.68069458007812,
                "_z": -3751.89599609375
            },
            "freestyle": 1120
        },
        {
            "localId": 320900002,
            "type": "StandbyPoint",
            "pos": {
                "_x": -2560.367919921875,
                "_y": 201.68069458007812,
                "_z": -3747.14697265625
            },
            "rot": {
                "_y": 342.3169860839844
            },
            "freestyle": 1120
        },
        {
            "localId": 320900003,
            "type": "StandbyPoint",
            "pos": {
                "_x": -2570.837890625,
                "_y": 201.68069458007812,
                "_z": -3753.4951171875
            },
            "freestyle": 1120
        },
        {
            "localId": 320900004,
            "type": "StandbyPoint",
            "pos": {
                "_x": -2577.64501953125,
                "_y": 201.68069458007812,
                "_z": -3746.554931640625
            },
            "rot": {
                "_y": 48.960601806640625
            },
            "freestyle": 1120
        }
    ]
}