{
    "JOPMNNJKAJC": 1077,
    "LDBODNMPBNM": [
        {
            "NEPOIBEANND": 1,
            "OMNDEBJIOCP": "MultiTalkPoint",
            "ECLBMPMBMLE": {
                "_x": 3.6297059059143066,
                "_y": -0.14122280478477478,
                "_z": -11.714090347290039
            },
            "FANCKABFCPH": {
                "_y": 272.84149169921875
            }
        },
        {
            "NEPOIBEANND": 2,
            "OMNDEBJIOCP": "MultiTalkPrimPoint",
            "ECLBMPMBMLE": {
                "_x": 2.1816420555114746,
                "_y": -0.14122259616851807,
                "_z": -11.682439804077148
            },
            "FANCKABFCPH": {
                "_y": 90.30225372314453
            }
        }
    ]
}