{
    "sceneId": 1077,
    "actionPoints": [
        {
            "localId": 1,
            "type": "MultiTalkPoint",
            "pos": {
                "x": 3.6297059059143066,
                "y": -0.14122280478477478,
                "z": -11.714090347290039
            },
            "rot": {
                "y": 272.84149169921875
            }
        },
        {
            "localId": 2,
            "type": "MultiTalkPrimPoint",
            "pos": {
                "x": 2.1816420555114746,
                "y": -0.14122259616851807,
                "z": -11.682439804077148
            },
            "rot": {
                "y": 90.30225372314453
            }
        }
    ]
}