{
    "JOPMNNJKAJC": 3,
    "LDBODNMPBNM": [
        {
            "NEPOIBEANND": 321200001,
            "OMNDEBJIOCP": "MultiTalkPrimPoint",
            "ECLBMPMBMLE": {
                "_x": -3626.847900390625,
                "_y": 200.24209594726562,
                "_z": -2729.0869140625
            },
            "FANCKABFCPH": {
                "_y": 317.230712890625
            }
        },
        {
            "NEPOIBEANND": 321200002,
            "OMNDEBJIOCP": "MultiTalkPoint",
            "ECLBMPMBMLE": {
                "_x": -3628.748046875,
                "_y": 200.23330688476562,
                "_z": -2727.322021484375
            },
            "FANCKABFCPH": {
                "_y": 130.62930297851562
            }
        }
    ]
}