{
    "sceneId": 3,
    "actionPoints": [
        {
            "localId": 321200001,
            "type": "MultiTalkPrimPoint",
            "pos": {
                "_x": -3626.847900390625,
                "_y": 200.24209594726562,
                "_z": -2729.0869140625
            },
            "rot": {
                "_y": 317.230712890625
            }
        },
        {
            "localId": 321200002,
            "type": "MultiTalkPoint",
            "pos": {
                "_x": -3628.748046875,
                "_y": 200.23330688476562,
                "_z": -2727.322021484375
            },
            "rot": {
                "_y": 130.62930297851562
            }
        }
    ]
}