{
    "sceneId": 20120,
    "actionPoints": [
        {
            "localId": 1,
            "type": "AureaePoint",
            "pos": {
                "x": 524.8900146484375,
                "y": 80.69000244140625,
                "z": 460.010009765625
            }
        },
        {
            "localId": 2,
            "type": "AureaePoint",
            "pos": {
                "x": 561.4174194335938,
                "y": 55.0,
                "z": 460.010009765625
            },
            "rot": {
                "y": 270.0
            }
        },
        {
            "localId": 3,
            "type": "AureaePoint",
            "pos": {
                "x": 524.8900146484375,
                "y": 52.540000915527344,
                "z": 441.9599914550781
            }
        }
    ]
}