{
    "JOPMNNJKAJC": 3,
    "LDBODNMPBNM": [
        {
            "NEPOIBEANND": 331500001,
            "OMNDEBJIOCP": "StandbyPoint",
            "ECLBMPMBMLE": {
                "_x": 96.66678619384766,
                "_y": 199.84359741210938,
                "_z": 2630.056884765625
            },
            "FANCKABFCPH": {
                "_y": 138.99429321289062
            },
            "HNMACAPMBPJ": 4401
        }
    ]
}