{
    "sceneId": 3,
    "actionPoints": [
        {
            "localId": 331500001,
            "type": "StandbyPoint",
            "pos": {
                "x": 96.66678619384766,
                "y": 199.84359741210938,
                "z": 2630.056884765625
            },
            "rot": {
                "y": 138.99429321289062
            },
            "freestyle": 4401
        }
    ]
}