{
    "sceneId": 4,
    "actionPoints": [
        {
            "localId": 400400001,
            "type": "LandingPoint",
            "pos": {
                "_x": -634.2158203125,
                "_y": 120.0,
                "_z": -197.08580017089844
            }
        }
    ]
}