{
    "JOPMNNJKAJC": 4,
    "LDBODNMPBNM": [
        {
            "NEPOIBEANND": 400400001,
            "OMNDEBJIOCP": "LandingPoint",
            "ECLBMPMBMLE": {
                "_x": -634.2158203125,
                "_y": 120.0,
                "_z": -197.08580017089844
            }
        }
    ]
}