{
    "sceneId": 35736,
    "actionPoints": [
        {
            "localId": 1,
            "type": "StandbyPoint",
            "pos": {
                "x": 0.10460110008716583,
                "y": -0.11000300198793411,
                "z": -0.12480120360851288
            }
        },
        {
            "localId": 2,
            "type": "StandbyPoint",
            "pos": {
                "x": -18.068370819091797,
                "y": -0.10173629969358444,
                "z": -0.1142577975988388
            }
        },
        {
            "localId": 3,
            "type": "StandbyPoint",
            "pos": {
                "x": 18.0047607421875,
                "y": -0.11000300198793411,
                "z": -0.12480120360851288
            }
        }
    ]
}