{
    "JOPMNNJKAJC": 35736,
    "LDBODNMPBNM": [
        {
            "NEPOIBEANND": 1,
            "OMNDEBJIOCP": "StandbyPoint",
            "ECLBMPMBMLE": {
                "_x": 0.10460110008716583,
                "_y": -0.11000300198793411,
                "_z": -0.12480120360851288
            }
        },
        {
            "NEPOIBEANND": 2,
            "OMNDEBJIOCP": "StandbyPoint",
            "ECLBMPMBMLE": {
                "_x": -18.068370819091797,
                "_y": -0.10173629969358444,
                "_z": -0.1142577975988388
            }
        },
        {
            "NEPOIBEANND": 3,
            "OMNDEBJIOCP": "StandbyPoint",
            "ECLBMPMBMLE": {
                "_x": 18.0047607421875,
                "_y": -0.11000300198793411,
                "_z": -0.12480120360851288
            }
        }
    ]
}