{
    "JOPMNNJKAJC": 1074,
    "LDBODNMPBNM": [
        {
            "NEPOIBEANND": 1,
            "OMNDEBJIOCP": "SitPoint",
            "ECLBMPMBMLE": {
                "_x": -13.442099571228027,
                "_y": 0.0553688183426857,
                "_z": 11.464030265808105
            },
            "HNMACAPMBPJ": 8010
        },
        {
            "NEPOIBEANND": 2,
            "OMNDEBJIOCP": "SitPoint",
            "ECLBMPMBMLE": {
                "_x": -13.435600280761719,
                "_y": 0.05536701902747154,
                "_z": 13.562910079956055
            },
            "FANCKABFCPH": {
                "_y": 180.0
            },
            "HNMACAPMBPJ": 8010
        },
        {
            "NEPOIBEANND": 3,
            "OMNDEBJIOCP": "MultiTalkPrimPoint",
            "ECLBMPMBMLE": {
                "_x": 18.52216911315918,
                "_y": 0.05536887049674988,
                "_z": 11.409449577331543
            },
            "HNMACAPMBPJ": 8010
        },
        {
            "NEPOIBEANND": 4,
            "OMNDEBJIOCP": "MultiTalkPoint",
            "ECLBMPMBMLE": {
                "_x": 18.543819427490234,
                "_y": 0.05536698177456856,
                "_z": 13.61238956451416
            },
            "FANCKABFCPH": {
                "_y": 180.36639404296875
            },
            "HNMACAPMBPJ": 8010
        }
    ]
}