{
    "sceneId": 1074,
    "actionPoints": [
        {
            "localId": 1,
            "type": "SitPoint",
            "pos": {
                "x": -13.442099571228027,
                "y": 0.0553688183426857,
                "z": 11.464030265808105
            },
            "freestyle": 8010
        },
        {
            "localId": 2,
            "type": "SitPoint",
            "pos": {
                "x": -13.435600280761719,
                "y": 0.05536701902747154,
                "z": 13.562910079956055
            },
            "rot": {
                "y": 180.0
            },
            "freestyle": 8010
        },
        {
            "localId": 3,
            "type": "MultiTalkPrimPoint",
            "pos": {
                "x": 18.52216911315918,
                "y": 0.05536887049674988,
                "z": 11.409449577331543
            },
            "freestyle": 8010
        },
        {
            "localId": 4,
            "type": "MultiTalkPoint",
            "pos": {
                "x": 18.543819427490234,
                "y": 0.05536698177456856,
                "z": 13.61238956451416
            },
            "rot": {
                "y": 180.36639404296875
            },
            "freestyle": 8010
        }
    ]
}