{
    "JOPMNNJKAJC": 1072,
    "LDBODNMPBNM": [
        {
            "NEPOIBEANND": 1,
            "OMNDEBJIOCP": "MultiTalkPrimPoint",
            "ECLBMPMBMLE": {
                "_x": 2.0676839351654053,
                "_y": 0.752106785774231,
                "_z": 3.581141948699951
            },
            "FANCKABFCPH": {
                "_y": 179.84669494628906
            },
            "HNMACAPMBPJ": 1050
        },
        {
            "NEPOIBEANND": 2,
            "OMNDEBJIOCP": "MultiTalkPoint",
            "ECLBMPMBMLE": {
                "_x": 1.9773529767990112,
                "_y": 0.7521079778671265,
                "_z": 2.3082261085510254
            },
            "HNMACAPMBPJ": 1170
        }
    ]
}