{
    "sceneId": 1072,
    "actionPoints": [
        {
            "localId": 1,
            "type": "MultiTalkPrimPoint",
            "pos": {
                "x": 2.0676839351654053,
                "y": 0.752106785774231,
                "z": 3.581141948699951
            },
            "rot": {
                "y": 179.84669494628906
            },
            "freestyle": 1050
        },
        {
            "localId": 2,
            "type": "MultiTalkPoint",
            "pos": {
                "x": 1.9773529767990112,
                "y": 0.7521079778671265,
                "z": 2.3082261085510254
            },
            "freestyle": 1170
        }
    ]
}