{
    "JOPMNNJKAJC": 3,
    "LDBODNMPBNM": [
        {
            "NEPOIBEANND": 310300001,
            "OMNDEBJIOCP": "LandingPoint",
            "ECLBMPMBMLE": {
                "_x": 565.9149169921875,
                "_y": 230.76010131835938,
                "_z": 1673.6710205078125
            }
        },
        {
            "NEPOIBEANND": 310300002,
            "OMNDEBJIOCP": "LandingPoint",
            "ECLBMPMBMLE": {
                "_x": 577.113525390625,
                "_y": 233.82569885253906,
                "_z": 1701.258056640625
            }
        },
        {
            "NEPOIBEANND": 310300003,
            "OMNDEBJIOCP": "InvestigatePoint",
            "ECLBMPMBMLE": {
                "_x": 720.7210083007812,
                "_y": 222.1938018798828,
                "_z": 1313.4150390625
            },
            "FANCKABFCPH": {
                "_y": 257.56561279296875
            },
            "GECHHKENOCK": 0.0,
            "BBJIEILKMBH": 0.0
        }
    ]
}