{
    "JOPMNNJKAJC": 1034,
    "LDBODNMPBNM": [
        {
            "NEPOIBEANND": 1,
            "OMNDEBJIOCP": "SitOnChairPoint",
            "ECLBMPMBMLE": {
                "_x": -0.42306968569755554,
                "_y": 0.00823997613042593,
                "_z": 4.295805931091309
            },
            "FANCKABFCPH": {
                "_y": 179.822998046875
            },
            "GECHHKENOCK": 0.0,
            "BBJIEILKMBH": 0.0
        },
        {
            "NEPOIBEANND": 2,
            "OMNDEBJIOCP": "HidingPoint",
            "ECLBMPMBMLE": {
                "_x": 0.05896497145295143,
                "_y": -1.3268200405036623e-07,
                "_z": -8.299979209899902
            },
            "FANCKABFCPH": {
                "_y": 181.4835968017578
            },
            "GECHHKENOCK": 0.0,
            "BBJIEILKMBH": 0.0
        }
    ]
}