{
    "JOPMNNJKAJC": 1035,
    "LDBODNMPBNM": [
        {
            "NEPOIBEANND": 1,
            "ECLBMPMBMLE": {
                "_x": 3.7665319442749023,
                "_y": 0.007068546023219824,
                "_z": 1.9128799438476562
            },
            "FANCKABFCPH": {
                "_y": 178.08090209960938
            }
        },
        {
            "NEPOIBEANND": 2,
            "ECLBMPMBMLE": {
                "_x": 0.04175654053688049,
                "_y": 6.417650979528844e-07,
                "_z": -5.298273086547852
            },
            "FANCKABFCPH": {
                "_y": 185.61309814453125
            }
        }
    ]
}