{
    "sceneId": 3,
    "actionPoints": [
        {
            "localId": 310300001,
            "type": "LandingPoint",
            "pos": {
                "_x": 565.9149169921875,
                "_y": 230.76010131835938,
                "_z": 1673.6710205078125
            }
        },
        {
            "localId": 310300002,
            "type": "LandingPoint",
            "pos": {
                "_x": 577.113525390625,
                "_y": 233.82569885253906,
                "_z": 1701.258056640625
            }
        },
        {
            "localId": 310300003,
            "type": "InvestigatePoint",
            "pos": {
                "_x": 720.7210083007812,
                "_y": 222.1938018798828,
                "_z": 1313.4150390625
            },
            "rot": {
                "_y": 257.56561279296875
            },
            "actZoneInnerRadius": 0.0,
            "actZoneOuterRadius": 0.0
        }
    ]
}