{
    "sceneId": 1034,
    "actionPoints": [
        {
            "localId": 1,
            "type": "SitOnChairPoint",
            "pos": {
                "_x": -0.42306968569755554,
                "_y": 0.00823997613042593,
                "_z": 4.295805931091309
            },
            "rot": {
                "_y": 179.822998046875
            },
            "actZoneInnerRadius": 0.0,
            "actZoneOuterRadius": 0.0
        },
        {
            "localId": 2,
            "type": "HidingPoint",
            "pos": {
                "_x": 0.05896497145295143,
                "_y": -1.3268200405036623e-07,
                "_z": -8.299979209899902
            },
            "rot": {
                "_y": 181.4835968017578
            },
            "actZoneInnerRadius": 0.0,
            "actZoneOuterRadius": 0.0
        }
    ]
}