{
    "sceneId": 1035,
    "actionPoints": [
        {
            "localId": 1,
            "pos": {
                "x": 3.7665319442749023,
                "y": 0.007068546023219824,
                "z": 1.9128799438476562
            },
            "rot": {
                "y": 178.08090209960938
            }
        },
        {
            "localId": 2,
            "pos": {
                "x": 0.04175654053688049,
                "y": 6.417650979528844e-07,
                "z": -5.298273086547852
            },
            "rot": {
                "y": 185.61309814453125
            }
        }
    ]
}