{
    "sceneId": 30001,
    "bornPosList": [
        {
            "id": 1,
            "configId": 86,
            "pos": {
                "x": -5.656796932220459,
                "y": 0.016539189964532852,
                "z": -9.214149475097656
            },
            "groupId": 230001019,
            "suiteIdList": [
                1
            ]
        }
    ]
}