{
    "sceneId": 40050,
    "bornPosList": [
        {
            "id": 1,
            "configId": 20519,
            "pos": {
                "x": 23.98780059814453,
                "y": 56.735538482666016,
                "z": -81.72456359863281
            },
            "groupId": 240050007,
            "suiteIdList": [
                1
            ]
        }
    ]
}