{
    "sceneId": 1018,
    "bornPosList": [
        {
            "id": 1,
            "configId": 1513,
            "roomId": 1,
            "pos": {
                "x": 4.738855838775635,
                "y": 0.00673782778903842,
                "z": -11.114109992980957
            },
            "rot": {
                "y": 270.0
            },
            "groupId": 201018901,
            "suiteIdList": [
                1
            ]
        },
        {
            "id": 2,
            "configId": 1514,
            "roomId": 1,
            "pos": {
                "x": 7.100052833557129,
                "y": 1.0358740091323853,
                "z": -5.4512619972229
            },
            "rot": {
                "y": 270.0
            },
            "groupId": 201018901,
            "suiteIdList": [
                1
            ]
        }
    ]
}