{
    "JOPMNNJKAJC": 47301,
    "FENJKPPFGMJ": [
        {
            "_id": 1,
            "_configId": 30309,
            "_pos": {
                "_x": 32.20901107788086,
                "_y": 3.149998903274536,
                "_z": 111.4531021118164
            },
            "_rot": {
                "_y": 184.3762969970703
            },
            "_groupId": 247301003,
            "_suiteIdList": [
                1
            ]
        }
    ]
}