{
    "sceneId": 20000,
    "bornPosList": [
        {
            "id": 1,
            "configId": 20005,
            "pos": {
                "x": 101.4218978881836,
                "y": 0.5400000214576721,
                "z": 322.0917053222656
            },
            "rot": {
                "y": 201.5312042236328
            },
            "groupId": 220000066,
            "suiteIdList": [
                1
            ]
        }
    ]
}