{
    "sceneId": 50015,
    "bornPosList": [
        {
            "_id": 1,
            "_configId": 20032,
            "_pos": {
                "_x": -30.499969482421875,
                "_y": 4.799999237060547,
                "_z": -109.88567352294922
            },
            "_rot": {
                "_y": 258.86260986328125
            },
            "_groupId": 250015016,
            "_suiteIdList": [
                1
            ]
        }
    ]
}