{
    "sceneId": 1018,
    "bornPosList": [
        {
            "_id": 1,
            "_configId": 1513,
            "_roomId": 1,
            "_pos": {
                "_x": 4.738855838775635,
                "_y": 0.006737828254699707,
                "_z": -11.114105224609375
            },
            "_rot": {
                "_y": 270.0
            },
            "_groupId": 201018901,
            "_suiteIdList": [
                1
            ]
        },
        {
            "_id": 2,
            "_configId": 1514,
            "_roomId": 1,
            "_pos": {
                "_x": 7.100053310394287,
                "_y": 1.0358737707138062,
                "_z": -5.451262474060059
            },
            "_rot": {
                "_y": 270.0
            },
            "_groupId": 201018901,
            "_suiteIdList": [
                1
            ]
        }
    ]
}