{
    "sceneId": 50015,
    "bornPosList": [
        {
            "id": 1,
            "configId": 20032,
            "pos": {
                "x": -30.499969482421875,
                "y": 4.799999237060547,
                "z": -109.88567352294922
            },
            "rot": {
                "y": 258.86260986328125
            },
            "groupId": 250015016,
            "suiteIdList": [
                1
            ]
        }
    ]
}