{
    "sceneId": 30001,
    "bornPosList": [
        {
            "_id": 1,
            "_configId": 86,
            "_pos": {
                "_x": -5.656796932220459,
                "_y": 0.016539189964532852,
                "_z": -9.214149475097656
            },
            "_groupId": 230001019,
            "_suiteIdList": [
                1
            ]
        }
    ]
}