{
    "JOPMNNJKAJC": 51013,
    "FENJKPPFGMJ": [
        {
            "_id": 1,
            "_configId": 20315,
            "_pos": {
                "_x": -98.82839965820312,
                "_y": 42.56583023071289,
                "_z": -15.825420379638672
            },
            "_rot": {
                "_y": 89.18038177490234
            },
            "_groupId": 251013001,
            "_suiteIdList": [
                1
            ]
        },
        {
            "_id": 2,
            "_configId": 12897,
            "_pos": {
                "_x": -98.82839965820312,
                "_y": 50.57093048095703,
                "_z": -10.292409896850586
            },
            "_rot": {
                "_y": 103.70449829101562
            },
            "_groupId": 251013001,
            "_suiteIdList": [
                1
            ]
        }
    ]
}