{
    "JOPMNNJKAJC": 47306,
    "FENJKPPFGMJ": [
        {
            "_id": 1,
            "_configId": 30309,
            "_pos": {
                "_x": 32.337379455566406,
                "_y": 3.149998903274536,
                "_z": 111.49829864501953
            },
            "_rot": {
                "_y": 185.14019775390625
            },
            "_groupId": 247306002,
            "_suiteIdList": [
                1
            ]
        }
    ]
}