{
    "JOPMNNJKAJC": 1018,
    "FENJKPPFGMJ": [
        {
            "_id": 1,
            "_configId": 1513,
            "_roomId": 1,
            "_pos": {
                "_x": 4.738855838775635,
                "_y": 0.00673782778903842,
                "_z": -11.114109992980957
            },
            "_rot": {
                "_y": 270.0
            },
            "_groupId": 201018901,
            "_suiteIdList": [
                1
            ]
        },
        {
            "_id": 2,
            "_configId": 1514,
            "_roomId": 1,
            "_pos": {
                "_x": 7.100052833557129,
                "_y": 1.0358740091323853,
                "_z": -5.4512619972229
            },
            "_rot": {
                "_y": 270.0
            },
            "_groupId": 201018901,
            "_suiteIdList": [
                1
            ]
        }
    ]
}