{
    "sceneId": 1068,
    "bornPosList": [
        {
            "id": 1,
            "configId": 30114,
            "roomId": 1,
            "pos": {
                "x": 0.43791449069976807,
                "y": -1.3452220173348906e-06,
                "z": 8.256913185119629
            },
            "rot": {
                "y": 180.0
            },
            "groupId": 201068002,
            "suiteIdList": [
                2
            ]
        }
    ]
}