{
    "sceneId": 1,
    "bornPosList": [
        {
            "_id": 1,
            "_configId": 20036,
            "_pos": {
                "_x": 2382.718994140625,
                "_y": 256.43231201171875,
                "_z": -1346.967041015625
            },
            "_rot": {
                "_y": 184.8000030517578
            },
            "_groupId": 111101038
        },
        {
            "_id": 2,
            "_configId": 9002,
            "_pos": {
                "_x": 2629.034912109375,
                "_y": 251.05780029296875,
                "_z": -1255.3399658203125
            },
            "_groupId": 111101114,
            "_suiteIdList": [
                1
            ]
        },
        {
            "_id": 3,
            "_configId": 20284,
            "_pos": {
                "_x": 2561.347900390625,
                "_y": 228.77149963378906,
                "_z": -1150.656005859375
            },
            "_rot": {
                "_y": 155.52059936523438
            },
            "_groupId": 111101122,
            "_suiteIdList": [
                2
            ]
        }
    ]
}