{
    "sceneId": 51013,
    "bornPosList": [
        {
            "id": 1,
            "configId": 20315,
            "pos": {
                "x": -98.82839965820312,
                "y": 42.56583023071289,
                "z": -15.825420379638672
            },
            "rot": {
                "y": 89.18038177490234
            },
            "groupId": 251013001,
            "suiteIdList": [
                1
            ]
        },
        {
            "id": 2,
            "configId": 12897,
            "pos": {
                "x": -98.82839965820312,
                "y": 50.57093048095703,
                "z": -10.292409896850586
            },
            "rot": {
                "y": 103.70449829101562
            },
            "groupId": 251013001,
            "suiteIdList": [
                1
            ]
        }
    ]
}