{
    "sceneId": 1004,
    "bornPosList": [
        {
            "_id": 1,
            "_configId": 20218,
            "_roomId": 1,
            "_pos": {
                "_x": -28.706579208374023,
                "_y": -3.890876054763794,
                "_z": -4.059018135070801
            },
            "_groupId": 201004005,
            "_suiteIdList": [
                2
            ]
        },
        {
            "_id": 2,
            "_configId": 30057,
            "_roomId": 1,
            "_pos": {
                "_x": 21.030689239501953,
                "_y": 0.009999791160225868,
                "_z": 6.2318902015686035
            },
            "_rot": {
                "_y": 249.08619689941406
            },
            "_groupId": 201004008,
            "_suiteIdList": [
                2
            ]
        },
        {
            "_id": 3,
            "_configId": 30059,
            "_roomId": 1,
            "_pos": {
                "_x": 18.849660873413086,
                "_y": 0.009999500587582588,
                "_z": 7.550594806671143
            },
            "_rot": {
                "_y": 280.2944030761719
            },
            "_groupId": 201004008,
            "_suiteIdList": [
                3
            ]
        },
        {
            "_id": 4,
            "_configId": 1249,
            "_roomId": 1,
            "_pos": {
                "_x": -20.561609268188477,
                "_y": 1.096750020980835,
                "_z": 15.927570343017578
            },
            "_rot": {
                "_y": 180.0
            },
            "_groupId": 201004903,
            "_suiteIdList": [
                1
            ]
        }
    ]
}