{
    "sceneId": 20101,
    "bornPosList": [
        {
            "id": 1,
            "configId": 10335,
            "pos": {
                "x": 14.400010108947754,
                "y": -15.302729606628418,
                "z": 39.046260833740234
            },
            "rot": {
                "y": 206.97999572753906
            },
            "groupId": 220101002,
            "suiteIdList": [
                1
            ]
        },
        {
            "id": 2,
            "configId": 10336,
            "pos": {
                "x": -18.65266990661621,
                "y": -15.302729606628418,
                "z": 34.133121490478516
            },
            "rot": {
                "y": 239.38999938964844
            },
            "groupId": 220101002,
            "suiteIdList": [
                1
            ]
        },
        {
            "id": 3,
            "configId": 10337,
            "pos": {
                "x": 8.915005683898926,
                "y": -15.368109703063965,
                "z": -42.09934997558594
            },
            "groupId": 220101002,
            "suiteIdList": [
                1
            ]
        },
        {
            "id": 4,
            "configId": 10338,
            "pos": {
                "x": -24.718780517578125,
                "y": -17.37074089050293,
                "z": 0.3834873139858246
            },
            "groupId": 220101002,
            "suiteIdList": [
                1
            ]
        }
    ]
}