{
    "sceneId": 1004,
    "bornPosList": [
        {
            "id": 1,
            "configId": 20218,
            "roomId": 1,
            "pos": {
                "x": -28.706579208374023,
                "y": -3.890876054763794,
                "z": -4.059018135070801
            },
            "groupId": 201004005,
            "suiteIdList": [
                2
            ]
        },
        {
            "id": 2,
            "configId": 30057,
            "roomId": 1,
            "pos": {
                "x": 21.030689239501953,
                "y": 0.009999791160225868,
                "z": 6.2318902015686035
            },
            "rot": {
                "y": 249.08619689941406
            },
            "groupId": 201004008,
            "suiteIdList": [
                2
            ]
        },
        {
            "id": 3,
            "configId": 30059,
            "roomId": 1,
            "pos": {
                "x": 18.849660873413086,
                "y": 0.009999500587582588,
                "z": 7.550594806671143
            },
            "rot": {
                "y": 280.2944030761719
            },
            "groupId": 201004008,
            "suiteIdList": [
                3
            ]
        },
        {
            "id": 4,
            "configId": 1249,
            "roomId": 1,
            "pos": {
                "x": -20.561609268188477,
                "y": 1.096750020980835,
                "z": 15.927570343017578
            },
            "rot": {
                "y": 180.0
            },
            "groupId": 201004903,
            "suiteIdList": [
                1
            ]
        }
    ]
}