{
    "sceneId": 20151,
    "bornPosList": [
        {
            "id": 1,
            "configId": 12986,
            "pos": {
                "x": -146.1667938232422,
                "y": -9.86791706085205,
                "z": 85.01302337646484
            },
            "rot": {
                "y": 171.25680541992188
            },
            "groupId": 220151017,
            "suiteIdList": [
                1
            ]
        },
        {
            "id": 2,
            "configId": 12985,
            "pos": {
                "x": -26.443349838256836,
                "y": 1.000100016593933,
                "z": 51.77463912963867
            },
            "groupId": 220151017,
            "suiteIdList": [
                1
            ]
        }
    ]
}