{
    "JOPMNNJKAJC": 20180,
    "FENJKPPFGMJ": [
        {
            "_id": 1,
            "_configId": 13124,
            "_pos": {
                "_x": -825.4326782226562,
                "_y": 160.26010131835938,
                "_z": 2266.87890625
            },
            "_rot": {
                "_y": 207.42520141601562
            },
            "_groupId": 220180001,
            "_suiteIdList": [
                1
            ]
        },
        {
            "_id": 2,
            "_configId": 13125,
            "_pos": {
                "_x": -824.8212280273438,
                "_y": 161.79409790039062,
                "_z": 2260.804931640625
            },
            "_rot": {
                "_y": 299.1080017089844
            },
            "_groupId": 220180001,
            "_suiteIdList": [
                1
            ]
        },
        {
            "_id": 3,
            "_configId": 13122,
            "_pos": {
                "_x": -826.9310302734375,
                "_y": 202.44979858398438,
                "_z": 2293.985107421875
            },
            "_rot": {
                "_y": 199.59950256347656
            },
            "_groupId": 220180001,
            "_suiteIdList": [
                1
            ]
        },
        {
            "_id": 4,
            "_configId": 13121,
            "_pos": {
                "_x": -724.6796875,
                "_y": 225.98289489746094,
                "_z": 2234.18994140625
            },
            "_rot": {
                "_y": 50.21894073486328
            },
            "_groupId": 220180014,
            "_suiteIdList": [
                1
            ]
        }
    ]
}