{
    "sceneId": 1011,
    "bornPosList": [
        {
            "_id": 1,
            "_configId": 20024,
            "_pos": {
                "_x": -175.6925048828125,
                "_y": 0.7999999523162842,
                "_z": -159.484619140625
            },
            "_groupId": 201011056,
            "_suiteIdList": [
                1
            ]
        }
    ]
}