{
    "sceneId": 47304,
    "bornPosList": [
        {
            "id": 1,
            "configId": 30309,
            "pos": {
                "x": 32.29951858520508,
                "y": 3.149998903274536,
                "z": 111.48639678955078
            },
            "rot": {
                "y": 180.61239624023438
            },
            "groupId": 247304002,
            "suiteIdList": [
                1
            ]
        }
    ]
}