{
    "sceneId": 1009,
    "bornPosList": [
        {
            "_id": 1,
            "_configId": 1248,
            "_roomId": 1,
            "_pos": {
                "_x": -4.021286964416504,
                "_y": 2.4084930419921875,
                "_z": -8.86637020111084
            },
            "_groupId": 201009003,
            "_suiteIdList": [
                1
            ]
        }
    ]
}