{
    "sceneId": 1009,
    "bornPosList": [
        {
            "id": 1,
            "configId": 1248,
            "roomId": 1,
            "pos": {
                "x": -4.021286964416504,
                "y": 2.4084930419921875,
                "z": -8.86637020111084
            },
            "groupId": 201009003,
            "suiteIdList": [
                1
            ]
        }
    ]
}