{
    "sceneId": 47303,
    "bornPosList": [
        {
            "id": 1,
            "configId": 30309,
            "pos": {
                "x": 32.33115005493164,
                "y": 3.149998903274536,
                "z": 111.3749008178711
            },
            "rot": {
                "y": 180.81019592285156
            },
            "groupId": 247303002,
            "suiteIdList": [
                1
            ]
        }
    ]
}