{
    "JOPMNNJKAJC": 20151,
    "FENJKPPFGMJ": [
        {
            "_id": 1,
            "_configId": 12986,
            "_pos": {
                "_x": -146.1667938232422,
                "_y": -9.86791706085205,
                "_z": 85.01302337646484
            },
            "_rot": {
                "_y": 171.25680541992188
            },
            "_groupId": 220151017,
            "_suiteIdList": [
                1
            ]
        },
        {
            "_id": 2,
            "_configId": 12985,
            "_pos": {
                "_x": -26.443349838256836,
                "_y": 1.000100016593933,
                "_z": 51.77463912963867
            },
            "_groupId": 220151017,
            "_suiteIdList": [
                1
            ]
        }
    ]
}