{
    "sceneId": 40050,
    "bornPosList": [
        {
            "_id": 1,
            "_configId": 20519,
            "_pos": {
                "_x": 23.98780059814453,
                "_y": 56.735538482666016,
                "_z": -81.72456359863281
            },
            "_groupId": 240050007,
            "_suiteIdList": [
                1
            ]
        }
    ]
}