{
    "JOPMNNJKAJC": 47304,
    "FENJKPPFGMJ": [
        {
            "_id": 1,
            "_configId": 30309,
            "_pos": {
                "_x": 32.29951858520508,
                "_y": 3.149998903274536,
                "_z": 111.48639678955078
            },
            "_rot": {
                "_y": 180.61239624023438
            },
            "_groupId": 247304002,
            "_suiteIdList": [
                1
            ]
        }
    ]
}