{
    "JOPMNNJKAJC": 47303,
    "FENJKPPFGMJ": [
        {
            "_id": 1,
            "_configId": 30309,
            "_pos": {
                "_x": 32.33115005493164,
                "_y": 3.149998903274536,
                "_z": 111.3749008178711
            },
            "_rot": {
                "_y": 180.81019592285156
            },
            "_groupId": 247303002,
            "_suiteIdList": [
                1
            ]
        }
    ]
}