{
    "JOPMNNJKAJC": 47305,
    "FENJKPPFGMJ": [
        {
            "_id": 1,
            "_configId": 30309,
            "_pos": {
                "_x": 32.353660583496094,
                "_y": 3.149998903274536,
                "_z": 111.4291000366211
            },
            "_rot": {
                "_y": 179.15390014648438
            },
            "_groupId": 247305002,
            "_suiteIdList": [
                1
            ]
        }
    ]
}