{
    "sceneId": 47301,
    "bornPosList": [
        {
            "id": 1,
            "configId": 30309,
            "pos": {
                "x": 32.20901107788086,
                "y": 3.149998903274536,
                "z": 111.4531021118164
            },
            "rot": {
                "y": 184.3762969970703
            },
            "groupId": 247301003,
            "suiteIdList": [
                1
            ]
        }
    ]
}