{
    "sceneId": 20180,
    "bornPosList": [
        {
            "id": 1,
            "configId": 13124,
            "pos": {
                "x": -825.4326782226562,
                "y": 160.26010131835938,
                "z": 2266.87890625
            },
            "rot": {
                "y": 207.42520141601562
            },
            "groupId": 220180001,
            "suiteIdList": [
                1
            ]
        },
        {
            "id": 2,
            "configId": 13125,
            "pos": {
                "x": -824.8212280273438,
                "y": 161.79409790039062,
                "z": 2260.804931640625
            },
            "rot": {
                "y": 299.1080017089844
            },
            "groupId": 220180001,
            "suiteIdList": [
                1
            ]
        },
        {
            "id": 3,
            "configId": 13122,
            "pos": {
                "x": -826.9310302734375,
                "y": 202.44979858398438,
                "z": 2293.985107421875
            },
            "rot": {
                "y": 199.59950256347656
            },
            "groupId": 220180001,
            "suiteIdList": [
                1
            ]
        },
        {
            "id": 4,
            "configId": 13121,
            "pos": {
                "x": -724.6796875,
                "y": 225.98289489746094,
                "z": 2234.18994140625
            },
            "rot": {
                "y": 50.21894073486328
            },
            "groupId": 220180014,
            "suiteIdList": [
                1
            ]
        }
    ]
}