{
    "sceneId": 20023,
    "bornPosList": [
        {
            "_id": 1,
            "_configId": 10209,
            "_pos": {
                "_x": 232.5695037841797,
                "_y": 26.888450622558594,
                "_z": 53.93220901489258
            },
            "_rot": {
                "_y": 185.16290283203125
            },
            "_groupId": 220023016,
            "_suiteIdList": [
                1
            ]
        }
    ]
}