{
    "sceneId": 20000,
    "bornPosList": [
        {
            "_id": 1,
            "_configId": 20005,
            "_pos": {
                "_x": 101.4218978881836,
                "_y": 0.5400000214576721,
                "_z": 322.0917053222656
            },
            "_rot": {
                "_y": 201.5312042236328
            },
            "_groupId": 220000066,
            "_suiteIdList": [
                1
            ]
        }
    ]
}