{
    "sceneId": 47302,
    "bornPosList": [
        {
            "id": 1,
            "configId": 30309,
            "pos": {
                "x": 32.383338928222656,
                "y": 3.149998903274536,
                "z": 111.40879821777344
            },
            "rot": {
                "y": 183.7530975341797
            },
            "groupId": 247302002,
            "suiteIdList": [
                1
            ]
        }
    ]
}