{
    "sceneId": 47305,
    "bornPosList": [
        {
            "id": 1,
            "configId": 30309,
            "pos": {
                "x": 32.353660583496094,
                "y": 3.149998903274536,
                "z": 111.4291000366211
            },
            "rot": {
                "y": 179.15390014648438
            },
            "groupId": 247305002,
            "suiteIdList": [
                1
            ]
        }
    ]
}