{
    "sceneId": 47306,
    "bornPosList": [
        {
            "id": 1,
            "configId": 30309,
            "pos": {
                "x": 32.337379455566406,
                "y": 3.149998903274536,
                "z": 111.49829864501953
            },
            "rot": {
                "y": 185.14019775390625
            },
            "groupId": 247306002,
            "suiteIdList": [
                1
            ]
        }
    ]
}