{
    "sceneId": 20016,
    "bornPosList": [
        {
            "_id": 1,
            "_configId": 1234,
            "_pos": {
                "_x": 358.9453125,
                "_y": -16.893369674682617,
                "_z": 340.6669006347656
            },
            "_groupId": 220016901,
            "_suiteIdList": [
                1
            ]
        }
    ]
}