{
    "JOPMNNJKAJC": 47302,
    "FENJKPPFGMJ": [
        {
            "_id": 1,
            "_configId": 30309,
            "_pos": {
                "_x": 32.383338928222656,
                "_y": 3.149998903274536,
                "_z": 111.40879821777344
            },
            "_rot": {
                "_y": 183.7530975341797
            },
            "_groupId": 247302002,
            "_suiteIdList": [
                1
            ]
        }
    ]
}