{
    "sceneId": 1068,
    "bornPosList": [
        {
            "_id": 1,
            "_configId": 30114,
            "_roomId": 1,
            "_pos": {
                "_x": 0.43791449069976807,
                "_y": -1.3452220173348906e-06,
                "_z": 8.256913185119629
            },
            "_rot": {
                "_y": 180.0
            },
            "_groupId": 201068002,
            "_suiteIdList": [
                2
            ]
        }
    ]
}