{
    "AOOGPAEJDFN": {
        "_x": 2036.1072998046875,
        "_z": -841.3544311523438
    },
    "ELJHMKDBOIJ": {
        "_x": 2046.3359375,
        "_z": -819.3245849609375
    },
    "DELPMEEHPHO": [
        {
            "_x": 2045.0521240234375,
            "_y": 202.39999389648438,
            "_z": -819.3245849609375
        },
        {
            "_x": 2036.6656494140625,
            "_y": 208.2741241455078,
            "_z": -820.3622436523438
        },
        {
            "_x": 2036.1072998046875,
            "_y": 205.57244873046875,
            "_z": -841.3544311523438
        },
        {
            "_x": 2046.3359375,
            "_y": 202.39999389648438,
            "_z": -840.5779418945312
        }
    ]
}