{
    "minArea": {
        "x": 2036.1072998046875,
        "z": -841.3544311523438
    },
    "maxArea": {
        "x": 2046.3359375,
        "z": -819.3245849609375
    },
    "roadPoints": [
        {
            "x": 2045.0521240234375,
            "y": 202.39999389648438,
            "z": -819.3245849609375
        },
        {
            "x": 2036.6656494140625,
            "y": 208.2741241455078,
            "z": -820.3622436523438
        },
        {
            "x": 2036.1072998046875,
            "y": 205.57244873046875,
            "z": -841.3544311523438
        },
        {
            "x": 2046.3359375,
            "y": 202.39999389648438,
            "z": -840.5779418945312
        }
    ]
}