{
    "minArea": {
        "x": 2495.008544921875,
        "z": -581.8889770507812
    },
    "maxArea": {
        "x": 2513.6513671875,
        "z": -567.9505615234375
    },
    "roadPoints": [
        {
            "x": 2510.614990234375,
            "y": 202.39999389648438,
            "z": -581.8889770507812
        },
        {
            "x": 2513.6513671875,
            "y": 203.3015594482422,
            "z": -575.081787109375
        },
        {
            "x": 2501.219970703125,
            "y": 204.32794189453125,
            "z": -567.9505615234375
        },
        {
            "x": 2495.008544921875,
            "y": 202.39999389648438,
            "z": -574.9058837890625
        }
    ]
}