{
    "AOOGPAEJDFN": {
        "_x": 2495.008544921875,
        "_z": -581.8889770507812
    },
    "ELJHMKDBOIJ": {
        "_x": 2513.6513671875,
        "_z": -567.9505615234375
    },
    "DELPMEEHPHO": [
        {
            "_x": 2510.614990234375,
            "_y": 202.39999389648438,
            "_z": -581.8889770507812
        },
        {
            "_x": 2513.6513671875,
            "_y": 203.3015594482422,
            "_z": -575.081787109375
        },
        {
            "_x": 2501.219970703125,
            "_y": 204.32794189453125,
            "_z": -567.9505615234375
        },
        {
            "_x": 2495.008544921875,
            "_y": 202.39999389648438,
            "_z": -574.9058837890625
        }
    ]
}