{
    "minArea": {
        "x": -339.9957275390625,
        "y": -1000.0,
        "z": -585.7958374023438
    },
    "maxArea": {
        "x": 114.16903686523438,
        "y": 1000.0,
        "z": -208.99163818359375
    },
    "roadPoints": [
        {
            "x": -271.8185729980469,
            "y": 120.0,
            "z": -208.99163818359375
        },
        {
            "x": 114.16903686523438,
            "y": 120.0,
            "z": -462.66015625
        },
        {
            "x": 81.00679016113281,
            "y": 120.0,
            "z": -585.7958374023438
        },
        {
            "x": -339.9957275390625,
            "y": 120.0,
            "z": -311.90478515625
        }
    ]
}