{
    "AOOGPAEJDFN": {
        "_x": -339.9957275390625,
        "_y": -1000.0,
        "_z": -585.7958374023438
    },
    "ELJHMKDBOIJ": {
        "_x": 114.16903686523438,
        "_y": 1000.0,
        "_z": -208.99163818359375
    },
    "DELPMEEHPHO": [
        {
            "_x": -271.8185729980469,
            "_y": 120.0,
            "_z": -208.99163818359375
        },
        {
            "_x": 114.16903686523438,
            "_y": 120.0,
            "_z": -462.66015625
        },
        {
            "_x": 81.00679016113281,
            "_y": 120.0,
            "_z": -585.7958374023438
        },
        {
            "_x": -339.9957275390625,
            "_y": 120.0,
            "_z": -311.90478515625
        }
    ]
}