{
    "minArea": {
        "x": 2395.6025390625,
        "z": -877.1289672851562
    },
    "maxArea": {
        "x": 2411.65869140625,
        "z": -860.6651000976562
    },
    "roadPoints": [
        {
            "x": 2410.248779296875,
            "y": 202.39999389648438,
            "z": -860.6651000976562
        },
        {
            "x": 2395.6025390625,
            "y": 202.39999389648438,
            "z": -865.3501586914062
        },
        {
            "x": 2398.934326171875,
            "y": 202.9359893798828,
            "z": -877.1289672851562
        },
        {
            "x": 2411.65869140625,
            "y": 202.39999389648438,
            "z": -874.2962646484375
        }
    ]
}