{
    "AOOGPAEJDFN": {
        "_x": 2395.6025390625,
        "_z": -877.1289672851562
    },
    "ELJHMKDBOIJ": {
        "_x": 2411.65869140625,
        "_z": -860.6651000976562
    },
    "DELPMEEHPHO": [
        {
            "_x": 2410.248779296875,
            "_y": 202.39999389648438,
            "_z": -860.6651000976562
        },
        {
            "_x": 2395.6025390625,
            "_y": 202.39999389648438,
            "_z": -865.3501586914062
        },
        {
            "_x": 2398.934326171875,
            "_y": 202.9359893798828,
            "_z": -877.1289672851562
        },
        {
            "_x": 2411.65869140625,
            "_y": 202.39999389648438,
            "_z": -874.2962646484375
        }
    ]
}