{
    "minArea": {
        "x": -2637.75244140625,
        "y": -70.0,
        "z": 5655.55712890625
    },
    "maxArea": {
        "x": -2601.623046875,
        "y": -40.0,
        "z": 5690.3271484375
    },
    "roadPoints": [
        {
            "x": -2637.75244140625,
            "y": -55.578739166259766,
            "z": 5656.44482421875
        },
        {
            "x": -2636.36328125,
            "y": -59.01268768310547,
            "z": 5690.3271484375
        },
        {
            "x": -2601.623046875,
            "y": -60.23323440551758,
            "z": 5690.22314453125
        },
        {
            "x": -2601.675537109375,
            "y": -56.28398132324219,
            "z": 5655.55712890625
        }
    ]
}