{
    "AOOGPAEJDFN": {
        "_x": -2637.75244140625,
        "_y": -70.0,
        "_z": 5655.55712890625
    },
    "ELJHMKDBOIJ": {
        "_x": -2601.623046875,
        "_y": -40.0,
        "_z": 5690.3271484375
    },
    "DELPMEEHPHO": [
        {
            "_x": -2637.75244140625,
            "_y": -55.578739166259766,
            "_z": 5656.44482421875
        },
        {
            "_x": -2636.36328125,
            "_y": -59.01268768310547,
            "_z": 5690.3271484375
        },
        {
            "_x": -2601.623046875,
            "_y": -60.23323440551758,
            "_z": 5690.22314453125
        },
        {
            "_x": -2601.675537109375,
            "_y": -56.28398132324219,
            "_z": 5655.55712890625
        }
    ]
}