{
    "AOOGPAEJDFN": {
        "_x": 2039.1512451171875,
        "_z": -818.212158203125
    },
    "ELJHMKDBOIJ": {
        "_x": 2050.095947265625,
        "_z": -796.9424438476562
    },
    "DELPMEEHPHO": [
        {
            "_x": 2049.113525390625,
            "_y": 202.39999389648438,
            "_z": -797.5980834960938
        },
        {
            "_x": 2041.143798828125,
            "_y": 204.36346435546875,
            "_z": -796.9424438476562
        },
        {
            "_x": 2039.1512451171875,
            "_y": 207.23365783691406,
            "_z": -813.3363647460938
        },
        {
            "_x": 2050.095947265625,
            "_y": 202.39999389648438,
            "_z": -818.212158203125
        }
    ]
}