{
    "minArea": {
        "x": 2039.1512451171875,
        "z": -818.212158203125
    },
    "maxArea": {
        "x": 2050.095947265625,
        "z": -796.9424438476562
    },
    "roadPoints": [
        {
            "x": 2049.113525390625,
            "y": 202.39999389648438,
            "z": -797.5980834960938
        },
        {
            "x": 2041.143798828125,
            "y": 204.36346435546875,
            "z": -796.9424438476562
        },
        {
            "x": 2039.1512451171875,
            "y": 207.23365783691406,
            "z": -813.3363647460938
        },
        {
            "x": 2050.095947265625,
            "y": 202.39999389648438,
            "z": -818.212158203125
        }
    ]
}