{
    "minArea": {
        "x": 2152.948486328125,
        "z": -1025.0037841796875
    },
    "maxArea": {
        "x": 2171.71044921875,
        "z": -1012.4937744140625
    },
    "roadPoints": [
        {
            "x": 2152.948486328125,
            "y": 202.39999389648438,
            "z": -1012.4937744140625
        },
        {
            "x": 2154.14208984375,
            "y": 208.06324768066406,
            "z": -1022.4754638671875
        },
        {
            "x": 2168.49951171875,
            "y": 209.4559326171875,
            "z": -1025.0037841796875
        },
        {
            "x": 2171.71044921875,
            "y": 202.39999389648438,
            "z": -1015.9434204101562
        }
    ]
}