{
    "AOOGPAEJDFN": {
        "_x": 2152.948486328125,
        "_z": -1025.0037841796875
    },
    "ELJHMKDBOIJ": {
        "_x": 2171.71044921875,
        "_z": -1012.4937744140625
    },
    "DELPMEEHPHO": [
        {
            "_x": 2152.948486328125,
            "_y": 202.39999389648438,
            "_z": -1012.4937744140625
        },
        {
            "_x": 2154.14208984375,
            "_y": 208.06324768066406,
            "_z": -1022.4754638671875
        },
        {
            "_x": 2168.49951171875,
            "_y": 209.4559326171875,
            "_z": -1025.0037841796875
        },
        {
            "_x": 2171.71044921875,
            "_y": 202.39999389648438,
            "_z": -1015.9434204101562
        }
    ]
}