{
    "minArea": {
        "x": -1980.304443359375,
        "z": 4141.10791015625
    },
    "maxArea": {
        "x": -1972.382568359375,
        "z": 4151.1474609375
    },
    "roadPoints": [
        {
            "x": -1972.382568359375,
            "y": 210.0,
            "z": 4143.001953125
        },
        {
            "x": -1974.82958984375,
            "y": 212.7681884765625,
            "z": 4141.10791015625
        },
        {
            "x": -1980.304443359375,
            "y": 214.71258544921875,
            "z": 4149.5244140625
        },
        {
            "x": -1977.7252197265625,
            "y": 210.0,
            "z": 4151.1474609375
        }
    ]
}