{
    "AOOGPAEJDFN": {
        "_x": -1980.304443359375,
        "_z": 4141.10791015625
    },
    "ELJHMKDBOIJ": {
        "_x": -1972.382568359375,
        "_z": 4151.1474609375
    },
    "DELPMEEHPHO": [
        {
            "_x": -1972.382568359375,
            "_y": 210.0,
            "_z": 4143.001953125
        },
        {
            "_x": -1974.82958984375,
            "_y": 212.7681884765625,
            "_z": 4141.10791015625
        },
        {
            "_x": -1980.304443359375,
            "_y": 214.71258544921875,
            "_z": 4149.5244140625
        },
        {
            "_x": -1977.7252197265625,
            "_y": 210.0,
            "_z": 4151.1474609375
        }
    ]
}