{
    "AOOGPAEJDFN": {
        "_x": -2862.53271484375,
        "_y": 195.0,
        "_z": 5708.939453125
    },
    "ELJHMKDBOIJ": {
        "_x": -2820.831298828125,
        "_y": 250.0,
        "_z": 5765.55810546875
    },
    "DELPMEEHPHO": [
        {
            "_x": -2855.548095703125,
            "_y": 204.30809020996094,
            "_z": 5762.6796875
        },
        {
            "_x": -2827.107421875,
            "_y": 203.86781311035156,
            "_z": 5765.55810546875
        },
        {
            "_x": -2820.831298828125,
            "_y": 201.02857971191406,
            "_z": 5709.38232421875
        },
        {
            "_x": -2862.53271484375,
            "_y": 200.81759643554688,
            "_z": 5708.939453125
        }
    ]
}