{
    "minArea": {
        "x": -2862.53271484375,
        "y": 195.0,
        "z": 5708.939453125
    },
    "maxArea": {
        "x": -2820.831298828125,
        "y": 250.0,
        "z": 5765.55810546875
    },
    "roadPoints": [
        {
            "x": -2855.548095703125,
            "y": 204.30809020996094,
            "z": 5762.6796875
        },
        {
            "x": -2827.107421875,
            "y": 203.86781311035156,
            "z": 5765.55810546875
        },
        {
            "x": -2820.831298828125,
            "y": 201.02857971191406,
            "z": 5709.38232421875
        },
        {
            "x": -2862.53271484375,
            "y": 200.81759643554688,
            "z": 5708.939453125
        }
    ]
}