{
    "minArea": {
        "x": -2157.212158203125,
        "z": 2583.0615234375
    },
    "maxArea": {
        "x": -2142.284912109375,
        "z": 2590.17919921875
    },
    "roadPoints": [
        {
            "x": -2142.363525390625,
            "y": 200.0,
            "z": 2583.0615234375
        },
        {
            "x": -2142.284912109375,
            "y": 201.13279724121094,
            "z": 2587.773681640625
        },
        {
            "x": -2156.204345703125,
            "y": 200.63232421875,
            "z": 2590.17919921875
        },
        {
            "x": -2157.212158203125,
            "y": 200.0,
            "z": 2585.7861328125
        }
    ]
}