{
    "AOOGPAEJDFN": {
        "_x": -2157.212158203125,
        "_z": 2583.0615234375
    },
    "ELJHMKDBOIJ": {
        "_x": -2142.284912109375,
        "_z": 2590.17919921875
    },
    "DELPMEEHPHO": [
        {
            "_x": -2142.363525390625,
            "_y": 200.0,
            "_z": 2583.0615234375
        },
        {
            "_x": -2142.284912109375,
            "_y": 201.13279724121094,
            "_z": 2587.773681640625
        },
        {
            "_x": -2156.204345703125,
            "_y": 200.63232421875,
            "_z": 2590.17919921875
        },
        {
            "_x": -2157.212158203125,
            "_y": 200.0,
            "_z": 2585.7861328125
        }
    ]
}