{
    "minArea": {
        "x": 2045.6103515625,
        "z": -766.7553100585938
    },
    "maxArea": {
        "x": 2062.916748046875,
        "z": -745.5358276367188
    },
    "roadPoints": [
        {
            "x": 2062.916748046875,
            "y": 202.39999389648438,
            "z": -750.2449951171875
        },
        {
            "x": 2056.257080078125,
            "y": 204.10617065429688,
            "z": -745.5358276367188
        },
        {
            "x": 2045.6103515625,
            "y": 204.5824432373047,
            "z": -761.9122314453125
        },
        {
            "x": 2053.548828125,
            "y": 202.39999389648438,
            "z": -766.7553100585938
        }
    ]
}