{
    "AOOGPAEJDFN": {
        "_x": 2045.6103515625,
        "_z": -766.7553100585938
    },
    "ELJHMKDBOIJ": {
        "_x": 2062.916748046875,
        "_z": -745.5358276367188
    },
    "DELPMEEHPHO": [
        {
            "_x": 2062.916748046875,
            "_y": 202.39999389648438,
            "_z": -750.2449951171875
        },
        {
            "_x": 2056.257080078125,
            "_y": 204.10617065429688,
            "_z": -745.5358276367188
        },
        {
            "_x": 2045.6103515625,
            "_y": 204.5824432373047,
            "_z": -761.9122314453125
        },
        {
            "_x": 2053.548828125,
            "_y": 202.39999389648438,
            "_z": -766.7553100585938
        }
    ]
}