{
    "AOOGPAEJDFN": {
        "_x": -1683.0250244140625,
        "_z": 3318.417724609375
    },
    "ELJHMKDBOIJ": {
        "_x": -1678.3125,
        "_z": 3324.56689453125
    },
    "DELPMEEHPHO": [
        {
            "_x": -1683.0250244140625,
            "_y": 96.65526580810547,
            "_z": 3319.596923828125
        },
        {
            "_x": -1681.4718017578125,
            "_y": 96.24948120117188,
            "_z": 3318.417724609375
        },
        {
            "_x": -1678.3125,
            "_y": 95.94935607910156,
            "_z": 3322.8662109375
        },
        {
            "_x": -1681.0560302734375,
            "_y": 94.80000305175781,
            "_z": 3324.56689453125
        }
    ]
}