{
    "minArea": {
        "x": -1683.0250244140625,
        "z": 3318.417724609375
    },
    "maxArea": {
        "x": -1678.3125,
        "z": 3324.56689453125
    },
    "roadPoints": [
        {
            "x": -1683.0250244140625,
            "y": 96.65526580810547,
            "z": 3319.596923828125
        },
        {
            "x": -1681.4718017578125,
            "y": 96.24948120117188,
            "z": 3318.417724609375
        },
        {
            "x": -1678.3125,
            "y": 95.94935607910156,
            "z": 3322.8662109375
        },
        {
            "x": -1681.0560302734375,
            "y": 94.80000305175781,
            "z": 3324.56689453125
        }
    ]
}