{
    "AOOGPAEJDFN": {
        "_x": -3574.19677734375,
        "_z": -1250.086181640625
    },
    "ELJHMKDBOIJ": {
        "_x": -3560.09521484375,
        "_z": -1245.8162841796875
    },
    "DELPMEEHPHO": [
        {
            "_x": -3560.941162109375,
            "_y": 200.0,
            "_z": -1250.011474609375
        },
        {
            "_x": -3560.09521484375,
            "_y": 201.24826049804688,
            "_z": -1246.3841552734375
        },
        {
            "_x": -3574.110107421875,
            "_y": 200.0,
            "_z": -1245.8162841796875
        },
        {
            "_x": -3574.19677734375,
            "_y": 200.0,
            "_z": -1250.086181640625
        }
    ]
}