{
    "minArea": {
        "x": -3574.19677734375,
        "z": -1250.086181640625
    },
    "maxArea": {
        "x": -3560.09521484375,
        "z": -1245.8162841796875
    },
    "roadPoints": [
        {
            "x": -3560.941162109375,
            "y": 200.0,
            "z": -1250.011474609375
        },
        {
            "x": -3560.09521484375,
            "y": 201.24826049804688,
            "z": -1246.3841552734375
        },
        {
            "x": -3574.110107421875,
            "y": 200.0,
            "z": -1245.8162841796875
        },
        {
            "x": -3574.19677734375,
            "y": 200.0,
            "z": -1250.086181640625
        }
    ]
}