{
    "minArea": {
        "x": -722.328857421875,
        "z": 752.6636962890625
    },
    "maxArea": {
        "x": -420.84710693359375,
        "z": 990.1620483398438
    },
    "roadPoints": [
        {
            "x": -702.6622314453125,
            "y": 120.0,
            "z": 759.73193359375
        },
        {
            "x": -420.84710693359375,
            "y": 120.0,
            "z": 752.6636962890625
        },
        {
            "x": -433.0430603027344,
            "y": 120.0,
            "z": 990.1620483398438
        },
        {
            "x": -722.328857421875,
            "y": 120.0,
            "z": 990.0297241210938
        }
    ]
}