{
    "minArea": {
        "x": 2028.3984375,
        "z": -906.7760009765625
    },
    "maxArea": {
        "x": 2040.2083740234375,
        "z": -889.7532958984375
    },
    "roadPoints": [
        {
            "x": 2040.2083740234375,
            "y": 202.39999389648438,
            "z": -889.7532958984375
        },
        {
            "x": 2032.087890625,
            "y": 205.61004638671875,
            "z": -890.02490234375
        },
        {
            "x": 2028.3984375,
            "y": 205.21868896484375,
            "z": -904.1416015625
        },
        {
            "x": 2036.2816162109375,
            "y": 202.39999389648438,
            "z": -906.7760009765625
        }
    ]
}