{
    "AOOGPAEJDFN": {
        "_x": 2028.3984375,
        "_z": -906.7760009765625
    },
    "ELJHMKDBOIJ": {
        "_x": 2040.2083740234375,
        "_z": -889.7532958984375
    },
    "DELPMEEHPHO": [
        {
            "_x": 2040.2083740234375,
            "_y": 202.39999389648438,
            "_z": -889.7532958984375
        },
        {
            "_x": 2032.087890625,
            "_y": 205.61004638671875,
            "_z": -890.02490234375
        },
        {
            "_x": 2028.3984375,
            "_y": 205.21868896484375,
            "_z": -904.1416015625
        },
        {
            "_x": 2036.2816162109375,
            "_y": 202.39999389648438,
            "_z": -906.7760009765625
        }
    ]
}