{
    "AOOGPAEJDFN": {
        "_x": -2775.409912109375,
        "_z": 5778.54638671875
    },
    "ELJHMKDBOIJ": {
        "_x": -2713.2568359375,
        "_y": 100.0,
        "_z": 5831.02880859375
    },
    "DELPMEEHPHO": [
        {
            "_x": -2748.30859375,
            "_y": 53.3492431640625,
            "_z": 5778.54638671875
        },
        {
            "_x": -2713.2568359375,
            "_y": 48.510101318359375,
            "_z": 5801.39794921875
        },
        {
            "_x": -2734.89013671875,
            "_y": 61.505126953125,
            "_z": 5831.02880859375
        },
        {
            "_x": -2775.409912109375,
            "_y": 50.487186431884766,
            "_z": 5823.12841796875
        }
    ]
}