{
    "minArea": {
        "x": -2775.409912109375,
        "z": 5778.54638671875
    },
    "maxArea": {
        "x": -2713.2568359375,
        "y": 100.0,
        "z": 5831.02880859375
    },
    "roadPoints": [
        {
            "x": -2748.30859375,
            "y": 53.3492431640625,
            "z": 5778.54638671875
        },
        {
            "x": -2713.2568359375,
            "y": 48.510101318359375,
            "z": 5801.39794921875
        },
        {
            "x": -2734.89013671875,
            "y": 61.505126953125,
            "z": 5831.02880859375
        },
        {
            "x": -2775.409912109375,
            "y": 50.487186431884766,
            "z": 5823.12841796875
        }
    ]
}