{
    "AOOGPAEJDFN": {
        "_x": 2068.254150390625,
        "_z": -740.943603515625
    },
    "ELJHMKDBOIJ": {
        "_x": 2085.82861328125,
        "_z": -715.5486450195312
    },
    "DELPMEEHPHO": [
        {
            "_x": 2085.82861328125,
            "_y": 202.39999389648438,
            "_z": -718.4986572265625
        },
        {
            "_x": 2078.99267578125,
            "_y": 203.64141845703125,
            "_z": -715.5486450195312
        },
        {
            "_x": 2068.254150390625,
            "_y": 203.14865112304688,
            "_z": -735.1571044921875
        },
        {
            "_x": 2074.635986328125,
            "_y": 202.39999389648438,
            "_z": -740.943603515625
        }
    ]
}