{
    "minArea": {
        "x": 2384.31494140625,
        "z": -954.1292724609375
    },
    "maxArea": {
        "x": 2399.287109375,
        "z": -940.6740112304688
    },
    "roadPoints": [
        {
            "x": 2399.287109375,
            "y": 202.39999389648438,
            "z": -946.8607788085938
        },
        {
            "x": 2387.755615234375,
            "y": 202.39999389648438,
            "z": -940.6740112304688
        },
        {
            "x": 2384.31494140625,
            "y": 202.39999389648438,
            "z": -947.0064697265625
        },
        {
            "x": 2396.556396484375,
            "y": 202.39999389648438,
            "z": -954.1292724609375
        }
    ]
}