{
    "AOOGPAEJDFN": {
        "_x": 2384.31494140625,
        "_z": -954.1292724609375
    },
    "ELJHMKDBOIJ": {
        "_x": 2399.287109375,
        "_z": -940.6740112304688
    },
    "DELPMEEHPHO": [
        {
            "_x": 2399.287109375,
            "_y": 202.39999389648438,
            "_z": -946.8607788085938
        },
        {
            "_x": 2387.755615234375,
            "_y": 202.39999389648438,
            "_z": -940.6740112304688
        },
        {
            "_x": 2384.31494140625,
            "_y": 202.39999389648438,
            "_z": -947.0064697265625
        },
        {
            "_x": 2396.556396484375,
            "_y": 202.39999389648438,
            "_z": -954.1292724609375
        }
    ]
}