{
    "minArea": {
        "x": -2878.70703125,
        "y": 198.0,
        "z": 5758.81689453125
    },
    "maxArea": {
        "x": -2804.596435546875,
        "y": 300.0,
        "z": 5850.97314453125
    },
    "roadPoints": [
        {
            "x": -2878.70703125,
            "y": 225.86807250976562,
            "z": 5850.97314453125
        },
        {
            "x": -2874.2041015625,
            "y": 211.17677307128906,
            "z": 5760.65234375
        },
        {
            "x": -2809.467529296875,
            "y": 204.78585815429688,
            "z": 5758.81689453125
        },
        {
            "x": -2804.596435546875,
            "y": 203.31610107421875,
            "z": 5836.7470703125
        }
    ]
}