{
    "AOOGPAEJDFN": {
        "_x": -2878.70703125,
        "_y": 198.0,
        "_z": 5758.81689453125
    },
    "ELJHMKDBOIJ": {
        "_x": -2804.596435546875,
        "_y": 300.0,
        "_z": 5850.97314453125
    },
    "DELPMEEHPHO": [
        {
            "_x": -2878.70703125,
            "_y": 225.86807250976562,
            "_z": 5850.97314453125
        },
        {
            "_x": -2874.2041015625,
            "_y": 211.17677307128906,
            "_z": 5760.65234375
        },
        {
            "_x": -2809.467529296875,
            "_y": 204.78585815429688,
            "_z": 5758.81689453125
        },
        {
            "_x": -2804.596435546875,
            "_y": 203.31610107421875,
            "_z": 5836.7470703125
        }
    ]
}