{
    "minArea": {
        "x": 2040.385986328125,
        "z": -948.5523681640625
    },
    "maxArea": {
        "x": 2061.553955078125,
        "z": -929.0553588867188
    },
    "roadPoints": [
        {
            "x": 2047.1688232421875,
            "y": 202.39999389648438,
            "z": -929.0553588867188
        },
        {
            "x": 2040.385986328125,
            "y": 206.14048767089844,
            "z": -935.6854248046875
        },
        {
            "x": 2052.156982421875,
            "y": 206.5854034423828,
            "z": -948.5523681640625
        },
        {
            "x": 2061.553955078125,
            "y": 202.39999389648438,
            "z": -944.5850830078125
        }
    ]
}