{
    "AOOGPAEJDFN": {
        "_x": 2040.385986328125,
        "_z": -948.5523681640625
    },
    "ELJHMKDBOIJ": {
        "_x": 2061.553955078125,
        "_z": -929.0553588867188
    },
    "DELPMEEHPHO": [
        {
            "_x": 2047.1688232421875,
            "_y": 202.39999389648438,
            "_z": -929.0553588867188
        },
        {
            "_x": 2040.385986328125,
            "_y": 206.14048767089844,
            "_z": -935.6854248046875
        },
        {
            "_x": 2052.156982421875,
            "_y": 206.5854034423828,
            "_z": -948.5523681640625
        },
        {
            "_x": 2061.553955078125,
            "_y": 202.39999389648438,
            "_z": -944.5850830078125
        }
    ]
}