{
    "minArea": {
        "x": -2461.889404296875,
        "y": -50.0,
        "z": 5633.2041015625
    },
    "maxArea": {
        "x": -2424.67041015625,
        "y": 10.0,
        "z": 5669.703125
    },
    "roadPoints": [
        {
            "x": -2445.665771484375,
            "y": -23.773664474487305,
            "z": 5633.2041015625
        },
        {
            "x": -2461.889404296875,
            "y": -22.95626449584961,
            "z": 5644.0107421875
        },
        {
            "x": -2445.559326171875,
            "y": -22.675975799560547,
            "z": 5669.703125
        },
        {
            "x": -2424.67041015625,
            "y": -23.971567153930664,
            "z": 5654.52685546875
        }
    ]
}