{
    "minArea": {
        "x": -487.0831298828125,
        "z": 165.62168884277344
    },
    "maxArea": {
        "x": -477.7212829589844,
        "z": 182.41561889648438
    },
    "roadPoints": [
        {
            "x": -487.0831298828125,
            "y": 200.0,
            "z": 165.62168884277344
        },
        {
            "x": -485.2799072265625,
            "y": 202.57655334472656,
            "z": 165.73963928222656
        },
        {
            "x": -477.7212829589844,
            "y": 202.9999237060547,
            "z": 181.87290954589844
        },
        {
            "x": -479.33880615234375,
            "y": 205.54307556152344,
            "z": 182.41561889648438
        }
    ]
}