{
    "AOOGPAEJDFN": {
        "_x": -487.0831298828125,
        "_z": 165.62168884277344
    },
    "ELJHMKDBOIJ": {
        "_x": -477.7212829589844,
        "_z": 182.41561889648438
    },
    "DELPMEEHPHO": [
        {
            "_x": -487.0831298828125,
            "_y": 200.0,
            "_z": 165.62168884277344
        },
        {
            "_x": -485.2799072265625,
            "_y": 202.57655334472656,
            "_z": 165.73963928222656
        },
        {
            "_x": -477.7212829589844,
            "_y": 202.9999237060547,
            "_z": 181.87290954589844
        },
        {
            "_x": -479.33880615234375,
            "_y": 205.54307556152344,
            "_z": 182.41561889648438
        }
    ]
}