{
    "AOOGPAEJDFN": {
        "_x": -2599.631591796875,
        "_y": -30.0,
        "_z": 5741.49365234375
    },
    "ELJHMKDBOIJ": {
        "_x": -2570.533203125,
        "_y": 20.0,
        "_z": 5773.11279296875
    },
    "DELPMEEHPHO": [
        {
            "_x": -2599.631591796875,
            "_y": -14.865884780883789,
            "_z": 5773.11279296875
        },
        {
            "_x": -2596.18994140625,
            "_y": -13.104991912841797,
            "_z": 5741.49365234375
        },
        {
            "_x": -2577.366455078125,
            "_y": -19.95267105102539,
            "_z": 5744.4365234375
        },
        {
            "_x": -2570.533203125,
            "_y": -17.6185245513916,
            "_z": 5770.30029296875
        }
    ]
}