{
    "minArea": {
        "x": -2599.631591796875,
        "y": -30.0,
        "z": 5741.49365234375
    },
    "maxArea": {
        "x": -2570.533203125,
        "y": 20.0,
        "z": 5773.11279296875
    },
    "roadPoints": [
        {
            "x": -2599.631591796875,
            "y": -14.865884780883789,
            "z": 5773.11279296875
        },
        {
            "x": -2596.18994140625,
            "y": -13.104991912841797,
            "z": 5741.49365234375
        },
        {
            "x": -2577.366455078125,
            "y": -19.95267105102539,
            "z": 5744.4365234375
        },
        {
            "x": -2570.533203125,
            "y": -17.6185245513916,
            "z": 5770.30029296875
        }
    ]
}