{
    "minArea": {
        "x": 2081.4130859375,
        "z": -706.3809814453125
    },
    "maxArea": {
        "x": 2103.49609375,
        "z": -681.0208740234375
    },
    "roadPoints": [
        {
            "x": 2103.49609375,
            "y": 202.39999389648438,
            "z": -685.1227416992188
        },
        {
            "x": 2089.98583984375,
            "y": 204.93893432617188,
            "z": -681.0208740234375
        },
        {
            "x": 2081.4130859375,
            "y": 203.29840087890625,
            "z": -701.14892578125
        },
        {
            "x": 2090.625,
            "y": 202.39999389648438,
            "z": -706.3809814453125
        }
    ]
}