{
    "AOOGPAEJDFN": {
        "_x": 2081.4130859375,
        "_z": -706.3809814453125
    },
    "ELJHMKDBOIJ": {
        "_x": 2103.49609375,
        "_z": -681.0208740234375
    },
    "DELPMEEHPHO": [
        {
            "_x": 2103.49609375,
            "_y": 202.39999389648438,
            "_z": -685.1227416992188
        },
        {
            "_x": 2089.98583984375,
            "_y": 204.93893432617188,
            "_z": -681.0208740234375
        },
        {
            "_x": 2081.4130859375,
            "_y": 203.29840087890625,
            "_z": -701.14892578125
        },
        {
            "_x": 2090.625,
            "_y": 202.39999389648438,
            "_z": -706.3809814453125
        }
    ]
}