{
    "minArea": {
        "x": 2362.2265625,
        "z": -967.9552001953125
    },
    "maxArea": {
        "x": 2372.905029296875,
        "z": -956.7593994140625
    },
    "roadPoints": [
        {
            "x": 2362.2265625,
            "y": 202.39999389648438,
            "z": -962.4568481445312
        },
        {
            "x": 2371.080322265625,
            "y": 202.39999389648438,
            "z": -967.9552001953125
        },
        {
            "x": 2372.905029296875,
            "y": 205.88693237304688,
            "z": -961.01220703125
        },
        {
            "x": 2365.383544921875,
            "y": 202.39999389648438,
            "z": -956.7593994140625
        }
    ]
}