{
    "AOOGPAEJDFN": {
        "_x": 2362.2265625,
        "_z": -967.9552001953125
    },
    "ELJHMKDBOIJ": {
        "_x": 2372.905029296875,
        "_z": -956.7593994140625
    },
    "DELPMEEHPHO": [
        {
            "_x": 2362.2265625,
            "_y": 202.39999389648438,
            "_z": -962.4568481445312
        },
        {
            "_x": 2371.080322265625,
            "_y": 202.39999389648438,
            "_z": -967.9552001953125
        },
        {
            "_x": 2372.905029296875,
            "_y": 205.88693237304688,
            "_z": -961.01220703125
        },
        {
            "_x": 2365.383544921875,
            "_y": 202.39999389648438,
            "_z": -956.7593994140625
        }
    ]
}