{
    "minArea": {
        "x": -2664.208740234375,
        "y": 9.0,
        "z": 5594.73046875
    },
    "maxArea": {
        "x": -2575.416748046875,
        "y": 100.0,
        "z": 5668.3544921875
    },
    "roadPoints": [
        {
            "x": -2575.416748046875,
            "y": 23.364078521728516,
            "z": 5668.3544921875
        },
        {
            "x": -2664.208740234375,
            "y": 23.386024475097656,
            "z": 5663.7119140625
        },
        {
            "x": -2641.912841796875,
            "y": 21.996915817260742,
            "z": 5594.73046875
        },
        {
            "x": -2599.876708984375,
            "y": 24.118732452392578,
            "z": 5597.6220703125
        }
    ]
}