{
    "AOOGPAEJDFN": {
        "_x": -2664.208740234375,
        "_y": 9.0,
        "_z": 5594.73046875
    },
    "ELJHMKDBOIJ": {
        "_x": -2575.416748046875,
        "_y": 100.0,
        "_z": 5668.3544921875
    },
    "DELPMEEHPHO": [
        {
            "_x": -2575.416748046875,
            "_y": 23.364078521728516,
            "_z": 5668.3544921875
        },
        {
            "_x": -2664.208740234375,
            "_y": 23.386024475097656,
            "_z": 5663.7119140625
        },
        {
            "_x": -2641.912841796875,
            "_y": 21.996915817260742,
            "_z": 5594.73046875
        },
        {
            "_x": -2599.876708984375,
            "_y": 24.118732452392578,
            "_z": 5597.6220703125
        }
    ]
}