{
    "AOOGPAEJDFN": {
        "_x": -1548.9530029296875,
        "_y": 50.0,
        "_z": 4432.69189453125
    },
    "ELJHMKDBOIJ": {
        "_x": -1430.0029296875,
        "_y": 300.0,
        "_z": 4527.99365234375
    },
    "DELPMEEHPHO": [
        {
            "_x": -1430.0029296875,
            "_y": 124.19967651367188,
            "_z": 4450.3369140625
        },
        {
            "_x": -1548.9530029296875,
            "_y": 112.98455810546875,
            "_z": 4432.69189453125
        },
        {
            "_x": -1534.061767578125,
            "_y": 126.63540649414062,
            "_z": 4527.9111328125
        },
        {
            "_x": -1450.673828125,
            "_y": 124.8568115234375,
            "_z": 4527.99365234375
        }
    ]
}