{
    "minArea": {
        "x": -1548.9530029296875,
        "y": 50.0,
        "z": 4432.69189453125
    },
    "maxArea": {
        "x": -1430.0029296875,
        "y": 300.0,
        "z": 4527.99365234375
    },
    "roadPoints": [
        {
            "x": -1430.0029296875,
            "y": 124.19967651367188,
            "z": 4450.3369140625
        },
        {
            "x": -1548.9530029296875,
            "y": 112.98455810546875,
            "z": 4432.69189453125
        },
        {
            "x": -1534.061767578125,
            "y": 126.63540649414062,
            "z": 4527.9111328125
        },
        {
            "x": -1450.673828125,
            "y": 124.8568115234375,
            "z": 4527.99365234375
        }
    ]
}