{
    "AOOGPAEJDFN": {
        "_x": 565.4174194335938,
        "_y": -10.0,
        "_z": 534.9288330078125
    },
    "ELJHMKDBOIJ": {
        "_x": 788.4633178710938,
        "_y": 450.0,
        "_z": 939.98583984375
    },
    "DELPMEEHPHO": [
        {
            "_x": 565.4174194335938,
            "_y": 120.0,
            "_z": 539.6773681640625
        },
        {
            "_x": 788.4633178710938,
            "_y": 120.0,
            "_z": 534.9288330078125
        },
        {
            "_x": 759.5651245117188,
            "_y": 120.0,
            "_z": 939.98583984375
        },
        {
            "_x": 571.329345703125,
            "_y": 120.0,
            "_z": 936.513916015625
        }
    ]
}