{
    "minArea": {
        "x": -2631.514404296875,
        "y": 40.0,
        "z": 5538.74609375
    },
    "maxArea": {
        "x": -2596.020751953125,
        "y": 100.0,
        "z": 5597.5986328125
    },
    "roadPoints": [
        {
            "x": -2631.514404296875,
            "y": 46.99049377441406,
            "z": 5540.14794921875
        },
        {
            "x": -2631.013916015625,
            "y": 45.929237365722656,
            "z": 5596.9619140625
        },
        {
            "x": -2596.020751953125,
            "y": 47.42820358276367,
            "z": 5597.5986328125
        },
        {
            "x": -2598.03662109375,
            "y": 46.06377410888672,
            "z": 5538.74609375
        }
    ]
}