{
    "AOOGPAEJDFN": {
        "_x": -2631.514404296875,
        "_y": 40.0,
        "_z": 5538.74609375
    },
    "ELJHMKDBOIJ": {
        "_x": -2596.020751953125,
        "_y": 100.0,
        "_z": 5597.5986328125
    },
    "DELPMEEHPHO": [
        {
            "_x": -2631.514404296875,
            "_y": 46.99049377441406,
            "_z": 5540.14794921875
        },
        {
            "_x": -2631.013916015625,
            "_y": 45.929237365722656,
            "_z": 5596.9619140625
        },
        {
            "_x": -2596.020751953125,
            "_y": 47.42820358276367,
            "_z": 5597.5986328125
        },
        {
            "_x": -2598.03662109375,
            "_y": 46.06377410888672,
            "_z": 5538.74609375
        }
    ]
}