{
    "minArea": {
        "x": 2460.802001953125,
        "z": -565.1251220703125
    },
    "maxArea": {
        "x": 2472.11865234375,
        "z": -548.2417602539062
    },
    "roadPoints": [
        {
            "x": 2460.802001953125,
            "y": 202.39999389648438,
            "z": -564.2760009765625
        },
        {
            "x": 2469.138916015625,
            "y": 203.65289306640625,
            "z": -565.1251220703125
        },
        {
            "x": 2472.11865234375,
            "y": 202.79876708984375,
            "z": -551.347900390625
        },
        {
            "x": 2464.117431640625,
            "y": 202.39999389648438,
            "z": -548.2417602539062
        }
    ]
}