{
    "AOOGPAEJDFN": {
        "_x": 2460.802001953125,
        "_z": -565.1251220703125
    },
    "ELJHMKDBOIJ": {
        "_x": 2472.11865234375,
        "_z": -548.2417602539062
    },
    "DELPMEEHPHO": [
        {
            "_x": 2460.802001953125,
            "_y": 202.39999389648438,
            "_z": -564.2760009765625
        },
        {
            "_x": 2469.138916015625,
            "_y": 203.65289306640625,
            "_z": -565.1251220703125
        },
        {
            "_x": 2472.11865234375,
            "_y": 202.79876708984375,
            "_z": -551.347900390625
        },
        {
            "_x": 2464.117431640625,
            "_y": 202.39999389648438,
            "_z": -548.2417602539062
        }
    ]
}