{
    "minArea": {
        "x": -515.2237548828125,
        "y": -1000.0,
        "z": -489.14581298828125
    },
    "maxArea": {
        "x": -48.12054443359375,
        "y": 1000.0,
        "z": -19.98016357421875
    },
    "roadPoints": [
        {
            "x": -398.68316650390625,
            "y": 120.0,
            "z": -19.98016357421875
        },
        {
            "x": -48.12054443359375,
            "y": 120.0,
            "z": -357.51654052734375
        },
        {
            "x": -139.3285675048828,
            "y": 120.0,
            "z": -489.14581298828125
        },
        {
            "x": -515.2237548828125,
            "y": 120.0,
            "z": -140.85006713867188
        }
    ]
}