{
    "AOOGPAEJDFN": {
        "_x": -515.2237548828125,
        "_y": -1000.0,
        "_z": -489.14581298828125
    },
    "ELJHMKDBOIJ": {
        "_x": -48.12054443359375,
        "_y": 1000.0,
        "_z": -19.98016357421875
    },
    "DELPMEEHPHO": [
        {
            "_x": -398.68316650390625,
            "_y": 120.0,
            "_z": -19.98016357421875
        },
        {
            "_x": -48.12054443359375,
            "_y": 120.0,
            "_z": -357.51654052734375
        },
        {
            "_x": -139.3285675048828,
            "_y": 120.0,
            "_z": -489.14581298828125
        },
        {
            "_x": -515.2237548828125,
            "_y": 120.0,
            "_z": -140.85006713867188
        }
    ]
}