{
    "minArea": {
        "x": -951.134765625,
        "z": 249.5458984375
    },
    "maxArea": {
        "x": -527.4901123046875,
        "z": 898.8953857421875
    },
    "roadPoints": [
        {
            "x": -946.852294921875,
            "y": 120.0,
            "z": 250.69610595703125
        },
        {
            "x": -527.4901123046875,
            "y": 120.0,
            "z": 249.5458984375
        },
        {
            "x": -577.82861328125,
            "y": 120.0,
            "z": 898.8953857421875
        },
        {
            "x": -951.134765625,
            "y": 120.0,
            "z": 895.24462890625
        }
    ]
}