{
    "minArea": {
        "x": 2388.7265625,
        "z": -979.5401611328125
    },
    "maxArea": {
        "x": 2406.2509765625,
        "z": -961.6768188476562
    },
    "roadPoints": [
        {
            "x": 2397.522705078125,
            "y": 202.39999389648438,
            "z": -979.5401611328125
        },
        {
            "x": 2406.2509765625,
            "y": 202.39999389648438,
            "z": -966.7705078125
        },
        {
            "x": 2394.560302734375,
            "y": 202.39999389648438,
            "z": -961.6768188476562
        },
        {
            "x": 2388.7265625,
            "y": 202.39999389648438,
            "z": -974.1793212890625
        }
    ]
}