{
    "AOOGPAEJDFN": {
        "_x": 2388.7265625,
        "_z": -979.5401611328125
    },
    "ELJHMKDBOIJ": {
        "_x": 2406.2509765625,
        "_z": -961.6768188476562
    },
    "DELPMEEHPHO": [
        {
            "_x": 2397.522705078125,
            "_y": 202.39999389648438,
            "_z": -979.5401611328125
        },
        {
            "_x": 2406.2509765625,
            "_y": 202.39999389648438,
            "_z": -966.7705078125
        },
        {
            "_x": 2394.560302734375,
            "_y": 202.39999389648438,
            "_z": -961.6768188476562
        },
        {
            "_x": 2388.7265625,
            "_y": 202.39999389648438,
            "_z": -974.1793212890625
        }
    ]
}