{
    "AOOGPAEJDFN": {
        "_x": -951.134765625,
        "_y": -10.0,
        "_z": 249.5458984375
    },
    "ELJHMKDBOIJ": {
        "_x": -527.4901123046875,
        "_y": 400.0,
        "_z": 898.8953857421875
    },
    "DELPMEEHPHO": [
        {
            "_x": -946.852294921875,
            "_y": 120.0,
            "_z": 250.69610595703125
        },
        {
            "_x": -527.4901123046875,
            "_y": 120.0,
            "_z": 249.5458984375
        },
        {
            "_x": -577.82861328125,
            "_y": 120.0,
            "_z": 898.8953857421875
        },
        {
            "_x": -951.134765625,
            "_y": 120.0,
            "_z": 895.24462890625
        }
    ]
}