{
    "minArea": {
        "x": 2038.16748046875,
        "z": -855.052490234375
    },
    "maxArea": {
        "x": 2046.2279052734375,
        "z": -840.0894165039062
    },
    "roadPoints": [
        {
            "x": 2046.2279052734375,
            "y": 202.39999389648438,
            "z": -840.0894165039062
        },
        {
            "x": 2039.492431640625,
            "y": 205.61550903320312,
            "z": -840.375244140625
        },
        {
            "x": 2038.16748046875,
            "y": 205.50900268554688,
            "z": -853.2308959960938
        },
        {
            "x": 2044.545166015625,
            "y": 203.04574584960938,
            "z": -855.052490234375
        }
    ]
}