{
    "AOOGPAEJDFN": {
        "_x": 2038.16748046875,
        "_z": -855.052490234375
    },
    "ELJHMKDBOIJ": {
        "_x": 2046.2279052734375,
        "_z": -840.0894165039062
    },
    "DELPMEEHPHO": [
        {
            "_x": 2046.2279052734375,
            "_y": 202.39999389648438,
            "_z": -840.0894165039062
        },
        {
            "_x": 2039.492431640625,
            "_y": 205.61550903320312,
            "_z": -840.375244140625
        },
        {
            "_x": 2038.16748046875,
            "_y": 205.50900268554688,
            "_z": -853.2308959960938
        },
        {
            "_x": 2044.545166015625,
            "_y": 203.04574584960938,
            "_z": -855.052490234375
        }
    ]
}