{
    "minArea": {
        "x": 2465.433349609375,
        "z": -580.2090454101562
    },
    "maxArea": {
        "x": 2480.85693359375,
        "z": -569.1676635742188
    },
    "roadPoints": [
        {
            "x": 2478.743896484375,
            "y": 202.39999389648438,
            "z": -580.2090454101562
        },
        {
            "x": 2480.85693359375,
            "y": 203.02566528320312,
            "z": -572.13720703125
        },
        {
            "x": 2469.034423828125,
            "y": 203.0721893310547,
            "z": -569.1676635742188
        },
        {
            "x": 2465.433349609375,
            "y": 202.39999389648438,
            "z": -575.4066772460938
        }
    ]
}