{
    "AOOGPAEJDFN": {
        "_x": 2465.433349609375,
        "_z": -580.2090454101562
    },
    "ELJHMKDBOIJ": {
        "_x": 2480.85693359375,
        "_z": -569.1676635742188
    },
    "DELPMEEHPHO": [
        {
            "_x": 2478.743896484375,
            "_y": 202.39999389648438,
            "_z": -580.2090454101562
        },
        {
            "_x": 2480.85693359375,
            "_y": 203.02566528320312,
            "_z": -572.13720703125
        },
        {
            "_x": 2469.034423828125,
            "_y": 203.0721893310547,
            "_z": -569.1676635742188
        },
        {
            "_x": 2465.433349609375,
            "_y": 202.39999389648438,
            "_z": -575.4066772460938
        }
    ]
}