{
    "AOOGPAEJDFN": {
        "_x": -2380.13916015625,
        "_y": -100.0,
        "_z": 5563.9326171875
    },
    "ELJHMKDBOIJ": {
        "_x": -2371.75341796875,
        "_y": 30.0,
        "_z": 5573.35791015625
    },
    "DELPMEEHPHO": [
        {
            "_x": -2379.91845703125,
            "_y": 16.06916618347168,
            "_z": 5563.9326171875
        },
        {
            "_x": -2380.13916015625,
            "_y": 15.936501502990723,
            "_z": 5573.35791015625
        },
        {
            "_x": -2372.050048828125,
            "_y": 21.062158584594727,
            "_z": 5573.2802734375
        },
        {
            "_x": -2371.75341796875,
            "_y": 20.654239654541016,
            "_z": 5564.123046875
        }
    ]
}