{
    "minArea": {
        "x": -2380.13916015625,
        "y": -100.0,
        "z": 5563.9326171875
    },
    "maxArea": {
        "x": -2371.75341796875,
        "y": 30.0,
        "z": 5573.35791015625
    },
    "roadPoints": [
        {
            "x": -2379.91845703125,
            "y": 16.06916618347168,
            "z": 5563.9326171875
        },
        {
            "x": -2380.13916015625,
            "y": 15.936501502990723,
            "z": 5573.35791015625
        },
        {
            "x": -2372.050048828125,
            "y": 21.062158584594727,
            "z": 5573.2802734375
        },
        {
            "x": -2371.75341796875,
            "y": 20.654239654541016,
            "z": 5564.123046875
        }
    ]
}