{
    "AOOGPAEJDFN": {
        "_x": -722.328857421875,
        "_y": -10.0,
        "_z": 752.6636962890625
    },
    "ELJHMKDBOIJ": {
        "_x": -420.84710693359375,
        "_y": 200.0,
        "_z": 990.1620483398438
    },
    "DELPMEEHPHO": [
        {
            "_x": -702.6622314453125,
            "_y": 120.0,
            "_z": 759.73193359375
        },
        {
            "_x": -420.84710693359375,
            "_y": 120.0,
            "_z": 752.6636962890625
        },
        {
            "_x": -433.0430603027344,
            "_y": 120.0,
            "_z": 990.1620483398438
        },
        {
            "_x": -722.328857421875,
            "_y": 120.0,
            "_z": 990.0297241210938
        }
    ]
}