{
    "minArea": {
        "x": -2519.696044921875,
        "y": -100.0,
        "z": 5495.15234375
    },
    "maxArea": {
        "x": -2504.9951171875,
        "y": 10.0,
        "z": 5512.48876953125
    },
    "roadPoints": [
        {
            "x": -2519.696044921875,
            "y": -14.435748100280762,
            "z": 5512.40869140625
        },
        {
            "x": -2504.9951171875,
            "y": -11.884864807128906,
            "z": 5512.48876953125
        },
        {
            "x": -2506.6689453125,
            "y": -10.888492584228516,
            "z": 5495.15234375
        },
        {
            "x": -2519.44970703125,
            "y": -9.37700366973877,
            "z": 5495.77880859375
        }
    ]
}