{
    "AOOGPAEJDFN": {
        "_x": -2519.696044921875,
        "_y": -100.0,
        "_z": 5495.15234375
    },
    "ELJHMKDBOIJ": {
        "_x": -2504.9951171875,
        "_y": 10.0,
        "_z": 5512.48876953125
    },
    "DELPMEEHPHO": [
        {
            "_x": -2519.696044921875,
            "_y": -14.435748100280762,
            "_z": 5512.40869140625
        },
        {
            "_x": -2504.9951171875,
            "_y": -11.884864807128906,
            "_z": 5512.48876953125
        },
        {
            "_x": -2506.6689453125,
            "_y": -10.888492584228516,
            "_z": 5495.15234375
        },
        {
            "_x": -2519.44970703125,
            "_y": -9.37700366973877,
            "_z": 5495.77880859375
        }
    ]
}