{
    "minArea": {
        "x": 565.4174194335938,
        "z": 534.9288330078125
    },
    "maxArea": {
        "x": 788.4633178710938,
        "z": 939.98583984375
    },
    "roadPoints": [
        {
            "x": 565.4174194335938,
            "y": 120.0,
            "z": 539.6773681640625
        },
        {
            "x": 788.4633178710938,
            "y": 120.0,
            "z": 534.9288330078125
        },
        {
            "x": 759.5651245117188,
            "y": 120.0,
            "z": 939.98583984375
        },
        {
            "x": 571.329345703125,
            "y": 120.0,
            "z": 936.513916015625
        }
    ]
}