{
    "AOOGPAEJDFN": {
        "_x": -609.9883422851562,
        "_z": 1112.189453125
    },
    "ELJHMKDBOIJ": {
        "_x": -596.8502807617188,
        "_z": 1128.715087890625
    },
    "DELPMEEHPHO": [
        {
            "_x": -603.9515991210938,
            "_y": 166.0885467529297,
            "_z": 1128.715087890625
        },
        {
            "_x": -609.9883422851562,
            "_y": 165.641845703125,
            "_z": 1126.880126953125
        },
        {
            "_x": -603.7109985351562,
            "_y": 166.05857849121094,
            "_z": 1112.189453125
        },
        {
            "_x": -596.8502807617188,
            "_y": 166.28005981445312,
            "_z": 1114.9493408203125
        }
    ]
}