{
    "minArea": {
        "x": -609.9883422851562,
        "z": 1112.189453125
    },
    "maxArea": {
        "x": -596.8502807617188,
        "z": 1128.715087890625
    },
    "roadPoints": [
        {
            "x": -603.9515991210938,
            "y": 166.0885467529297,
            "z": 1128.715087890625
        },
        {
            "x": -609.9883422851562,
            "y": 165.641845703125,
            "z": 1126.880126953125
        },
        {
            "x": -603.7109985351562,
            "y": 166.05857849121094,
            "z": 1112.189453125
        },
        {
            "x": -596.8502807617188,
            "y": 166.28005981445312,
            "z": 1114.9493408203125
        }
    ]
}