{
    "AOOGPAEJDFN": {
        "_x": 2377.818359375,
        "_z": -908.61962890625
    },
    "ELJHMKDBOIJ": {
        "_x": 2395.547607421875,
        "_z": -883.4569702148438
    },
    "DELPMEEHPHO": [
        {
            "_x": 2395.547607421875,
            "_y": 208.14459228515625,
            "_z": -888.96728515625
        },
        {
            "_x": 2387.836669921875,
            "_y": 209.2004852294922,
            "_z": -883.4569702148438
        },
        {
            "_x": 2377.818359375,
            "_y": 206.2813720703125,
            "_z": -906.2025146484375
        },
        {
            "_x": 2387.35888671875,
            "_y": 202.39999389648438,
            "_z": -908.61962890625
        }
    ]
}