{
    "minArea": {
        "x": 2377.818359375,
        "z": -908.61962890625
    },
    "maxArea": {
        "x": 2395.547607421875,
        "z": -883.4569702148438
    },
    "roadPoints": [
        {
            "x": 2395.547607421875,
            "y": 208.14459228515625,
            "z": -888.96728515625
        },
        {
            "x": 2387.836669921875,
            "y": 209.2004852294922,
            "z": -883.4569702148438
        },
        {
            "x": 2377.818359375,
            "y": 206.2813720703125,
            "z": -906.2025146484375
        },
        {
            "x": 2387.35888671875,
            "y": 202.39999389648438,
            "z": -908.61962890625
        }
    ]
}