{
    "minArea": {
        "x": -2596.64892578125,
        "y": 15.0,
        "z": 5679.6240234375
    },
    "maxArea": {
        "x": -2544.03759765625,
        "y": 70.0,
        "z": 5716.15087890625
    },
    "roadPoints": [
        {
            "x": -2596.64892578125,
            "y": 20.802303314208984,
            "z": 5709.35498046875
        },
        {
            "x": -2596.260986328125,
            "y": 17.096895217895508,
            "z": 5679.6240234375
        },
        {
            "x": -2564.42822265625,
            "y": 33.86623764038086,
            "z": 5683.12158203125
        },
        {
            "x": -2544.03759765625,
            "y": 35.379024505615234,
            "z": 5716.15087890625
        }
    ]
}