{
    "AOOGPAEJDFN": {
        "_x": -2596.64892578125,
        "_y": 15.0,
        "_z": 5679.6240234375
    },
    "ELJHMKDBOIJ": {
        "_x": -2544.03759765625,
        "_y": 70.0,
        "_z": 5716.15087890625
    },
    "DELPMEEHPHO": [
        {
            "_x": -2596.64892578125,
            "_y": 20.802303314208984,
            "_z": 5709.35498046875
        },
        {
            "_x": -2596.260986328125,
            "_y": 17.096895217895508,
            "_z": 5679.6240234375
        },
        {
            "_x": -2564.42822265625,
            "_y": 33.86623764038086,
            "_z": 5683.12158203125
        },
        {
            "_x": -2544.03759765625,
            "_y": 35.379024505615234,
            "_z": 5716.15087890625
        }
    ]
}