{
    "AOOGPAEJDFN": {
        "_x": -2363.820556640625,
        "_y": 95.0,
        "_z": 5157.1162109375
    },
    "ELJHMKDBOIJ": {
        "_x": -2335.775634765625,
        "_y": 120.0,
        "_z": 5197.8564453125
    },
    "DELPMEEHPHO": [
        {
            "_x": -2335.775634765625,
            "_y": 99.79840850830078,
            "_z": 5157.689453125
        },
        {
            "_x": -2336.00390625,
            "_y": 99.36663818359375,
            "_z": 5196.77392578125
        },
        {
            "_x": -2363.820556640625,
            "_y": 98.31993865966797,
            "_z": 5197.8564453125
        },
        {
            "_x": -2363.46533203125,
            "_y": 98.97639465332031,
            "_z": 5157.1162109375
        }
    ]
}