{
    "minArea": {
        "x": -2363.820556640625,
        "y": 95.0,
        "z": 5157.1162109375
    },
    "maxArea": {
        "x": -2335.775634765625,
        "y": 120.0,
        "z": 5197.8564453125
    },
    "roadPoints": [
        {
            "x": -2335.775634765625,
            "y": 99.79840850830078,
            "z": 5157.689453125
        },
        {
            "x": -2336.00390625,
            "y": 99.36663818359375,
            "z": 5196.77392578125
        },
        {
            "x": -2363.820556640625,
            "y": 98.31993865966797,
            "z": 5197.8564453125
        },
        {
            "x": -2363.46533203125,
            "y": 98.97639465332031,
            "z": 5157.1162109375
        }
    ]
}