{
    "AOOGPAEJDFN": {
        "_x": 2264.652099609375,
        "_z": -1079.021728515625
    },
    "ELJHMKDBOIJ": {
        "_x": 2286.87548828125,
        "_z": -1065.8067626953125
    },
    "DELPMEEHPHO": [
        {
            "_x": 2264.652099609375,
            "_y": 202.39999389648438,
            "_z": -1069.714111328125
        },
        {
            "_x": 2267.0869140625,
            "_y": 204.05142211914062,
            "_z": -1079.021728515625
        },
        {
            "_x": 2286.87548828125,
            "_y": 205.13134765625,
            "_z": -1076.121826171875
        },
        {
            "_x": 2286.7412109375,
            "_y": 202.39999389648438,
            "_z": -1065.8067626953125
        }
    ]
}