{
    "minArea": {
        "x": 2264.652099609375,
        "z": -1079.021728515625
    },
    "maxArea": {
        "x": 2286.87548828125,
        "z": -1065.8067626953125
    },
    "roadPoints": [
        {
            "x": 2264.652099609375,
            "y": 202.39999389648438,
            "z": -1069.714111328125
        },
        {
            "x": 2267.0869140625,
            "y": 204.05142211914062,
            "z": -1079.021728515625
        },
        {
            "x": 2286.87548828125,
            "y": 205.13134765625,
            "z": -1076.121826171875
        },
        {
            "x": 2286.7412109375,
            "y": 202.39999389648438,
            "z": -1065.8067626953125
        }
    ]
}