{
    "AOOGPAEJDFN": {
        "_x": -2714.186279296875,
        "_y": -30.0,
        "_z": 5796.40185546875
    },
    "ELJHMKDBOIJ": {
        "_x": -2646.833251953125,
        "_y": 20.0,
        "_z": 5842.90380859375
    },
    "DELPMEEHPHO": [
        {
            "_x": -2714.186279296875,
            "_y": -8.246246337890625,
            "_z": 5800.31005859375
        },
        {
            "_x": -2660.137451171875,
            "_y": -6.0225348472595215,
            "_z": 5796.40185546875
        },
        {
            "_x": -2646.833251953125,
            "_y": -16.474924087524414,
            "_z": 5836.24755859375
        },
        {
            "_x": -2699.820068359375,
            "_y": -8.36277961730957,
            "_z": 5842.90380859375
        }
    ]
}