{
    "minArea": {
        "x": -2714.186279296875,
        "y": -30.0,
        "z": 5796.40185546875
    },
    "maxArea": {
        "x": -2646.833251953125,
        "y": 20.0,
        "z": 5842.90380859375
    },
    "roadPoints": [
        {
            "x": -2714.186279296875,
            "y": -8.246246337890625,
            "z": 5800.31005859375
        },
        {
            "x": -2660.137451171875,
            "y": -6.0225348472595215,
            "z": 5796.40185546875
        },
        {
            "x": -2646.833251953125,
            "y": -16.474924087524414,
            "z": 5836.24755859375
        },
        {
            "x": -2699.820068359375,
            "y": -8.36277961730957,
            "z": 5842.90380859375
        }
    ]
}