{
    "AOOGPAEJDFN": {
        "_x": -2669.947509765625,
        "_y": 9.0,
        "_z": 5601.32568359375
    },
    "ELJHMKDBOIJ": {
        "_x": -2645.08544921875,
        "_y": 100.0,
        "_z": 5621.2255859375
    },
    "DELPMEEHPHO": [
        {
            "_x": -2646.00830078125,
            "_y": 23.178646087646484,
            "_z": 5621.2255859375
        },
        {
            "_x": -2645.08544921875,
            "_y": 26.489334106445312,
            "_z": 5602.5849609375
        },
        {
            "_x": -2669.947509765625,
            "_y": 24.492082595825195,
            "_z": 5601.32568359375
        },
        {
            "_x": -2668.482421875,
            "_y": 26.16077423095703,
            "_z": 5618.71728515625
        }
    ]
}