{
    "minArea": {
        "x": -2669.947509765625,
        "y": 9.0,
        "z": 5601.32568359375
    },
    "maxArea": {
        "x": -2645.08544921875,
        "y": 100.0,
        "z": 5621.2255859375
    },
    "roadPoints": [
        {
            "x": -2646.00830078125,
            "y": 23.178646087646484,
            "z": 5621.2255859375
        },
        {
            "x": -2645.08544921875,
            "y": 26.489334106445312,
            "z": 5602.5849609375
        },
        {
            "x": -2669.947509765625,
            "y": 24.492082595825195,
            "z": 5601.32568359375
        },
        {
            "x": -2668.482421875,
            "y": 26.16077423095703,
            "z": 5618.71728515625
        }
    ]
}