{
    "AOOGPAEJDFN": {
        "_x": -43.67462158203125,
        "_y": -1000.0,
        "_z": -648.2516479492188
    },
    "ELJHMKDBOIJ": {
        "_x": 669.587890625,
        "_y": 1000.0,
        "_z": 70.2406005859375
    },
    "DELPMEEHPHO": [
        {
            "_x": 481.1642150878906,
            "_y": 120.0,
            "_z": 70.2406005859375
        },
        {
            "_x": -43.67462158203125,
            "_y": 120.0,
            "_z": -506.2292175292969
        },
        {
            "_x": 126.11900329589844,
            "_y": 120.0,
            "_z": -648.2516479492188
        },
        {
            "_x": 669.587890625,
            "_y": 120.0,
            "_z": -63.634857177734375
        }
    ]
}