{
    "minArea": {
        "x": -43.67462158203125,
        "y": -1000.0,
        "z": -648.2516479492188
    },
    "maxArea": {
        "x": 669.587890625,
        "y": 1000.0,
        "z": 70.2406005859375
    },
    "roadPoints": [
        {
            "x": 481.1642150878906,
            "y": 120.0,
            "z": 70.2406005859375
        },
        {
            "x": -43.67462158203125,
            "y": 120.0,
            "z": -506.2292175292969
        },
        {
            "x": 126.11900329589844,
            "y": 120.0,
            "z": -648.2516479492188
        },
        {
            "x": 669.587890625,
            "y": 120.0,
            "z": -63.634857177734375
        }
    ]
}