{
    "minArea": {
        "x": -1460.419189453125,
        "y": 75.0,
        "z": 4757.98681640625
    },
    "maxArea": {
        "x": -1405.427978515625,
        "y": 120.0,
        "z": 4814.12890625
    },
    "roadPoints": [
        {
            "x": -1418.4140625,
            "y": 89.49903869628906,
            "z": 4757.98681640625
        },
        {
            "x": -1460.419189453125,
            "y": 89.8973159790039,
            "z": 4766.52490234375
        },
        {
            "x": -1450.16015625,
            "y": 83.88438415527344,
            "z": 4814.12890625
        },
        {
            "x": -1405.427978515625,
            "y": 89.38577270507812,
            "z": 4804.84619140625
        }
    ]
}