{
    "AOOGPAEJDFN": {
        "_x": -1460.419189453125,
        "_y": 75.0,
        "_z": 4757.98681640625
    },
    "ELJHMKDBOIJ": {
        "_x": -1405.427978515625,
        "_y": 120.0,
        "_z": 4814.12890625
    },
    "DELPMEEHPHO": [
        {
            "_x": -1418.4140625,
            "_y": 89.49903869628906,
            "_z": 4757.98681640625
        },
        {
            "_x": -1460.419189453125,
            "_y": 89.8973159790039,
            "_z": 4766.52490234375
        },
        {
            "_x": -1450.16015625,
            "_y": 83.88438415527344,
            "_z": 4814.12890625
        },
        {
            "_x": -1405.427978515625,
            "_y": 89.38577270507812,
            "_z": 4804.84619140625
        }
    ]
}