{
    "AOOGPAEJDFN": {
        "_x": 2089.145263671875,
        "_z": -972.4575805664062
    },
    "ELJHMKDBOIJ": {
        "_x": 2114.882080078125,
        "_z": -956.6825561523438
    },
    "DELPMEEHPHO": [
        {
            "_x": 2090.436767578125,
            "_y": 202.39999389648438,
            "_z": -956.6825561523438
        },
        {
            "_x": 2089.145263671875,
            "_y": 206.66384887695312,
            "_z": -964.23095703125
        },
        {
            "_x": 2110.53125,
            "_y": 208.14767456054688,
            "_z": -972.4575805664062
        },
        {
            "_x": 2114.882080078125,
            "_y": 202.39999389648438,
            "_z": -966.37841796875
        }
    ]
}