{
    "minArea": {
        "x": 2089.145263671875,
        "z": -972.4575805664062
    },
    "maxArea": {
        "x": 2114.882080078125,
        "z": -956.6825561523438
    },
    "roadPoints": [
        {
            "x": 2090.436767578125,
            "y": 202.39999389648438,
            "z": -956.6825561523438
        },
        {
            "x": 2089.145263671875,
            "y": 206.66384887695312,
            "z": -964.23095703125
        },
        {
            "x": 2110.53125,
            "y": 208.14767456054688,
            "z": -972.4575805664062
        },
        {
            "x": 2114.882080078125,
            "y": 202.39999389648438,
            "z": -966.37841796875
        }
    ]
}