{
    "minArea": {
        "x": 2536.977294921875,
        "z": -796.0879516601562
    },
    "maxArea": {
        "x": 2565.0078125,
        "z": -771.5446166992188
    },
    "roadPoints": [
        {
            "x": 2565.0078125,
            "y": 202.39999389648438,
            "z": -774.9151000976562
        },
        {
            "x": 2552.46044921875,
            "y": 203.42947387695312,
            "z": -771.5446166992188
        },
        {
            "x": 2536.977294921875,
            "y": 204.83108520507812,
            "z": -785.91748046875
        },
        {
            "x": 2546.7470703125,
            "y": 202.39999389648438,
            "z": -796.0879516601562
        }
    ]
}