{
    "AOOGPAEJDFN": {
        "_x": 2536.977294921875,
        "_z": -796.0879516601562
    },
    "ELJHMKDBOIJ": {
        "_x": 2565.0078125,
        "_z": -771.5446166992188
    },
    "DELPMEEHPHO": [
        {
            "_x": 2565.0078125,
            "_y": 202.39999389648438,
            "_z": -774.9151000976562
        },
        {
            "_x": 2552.46044921875,
            "_y": 203.42947387695312,
            "_z": -771.5446166992188
        },
        {
            "_x": 2536.977294921875,
            "_y": 204.83108520507812,
            "_z": -785.91748046875
        },
        {
            "_x": 2546.7470703125,
            "_y": 202.39999389648438,
            "_z": -796.0879516601562
        }
    ]
}