{
    "AOOGPAEJDFN": {
        "_x": -2377.406982421875,
        "_y": 170.0,
        "_z": 5383.83251953125
    },
    "ELJHMKDBOIJ": {
        "_x": -2324.056884765625,
        "_y": 210.0,
        "_z": 5438.41259765625
    },
    "DELPMEEHPHO": [
        {
            "_x": -2370.913330078125,
            "_y": 178.16207885742188,
            "_z": 5383.83251953125
        },
        {
            "_x": -2329.02783203125,
            "_y": 179.4036102294922,
            "_z": 5384.931640625
        },
        {
            "_x": -2324.056884765625,
            "_y": 178.3155059814453,
            "_z": 5438.41259765625
        },
        {
            "_x": -2377.406982421875,
            "_y": 183.3488006591797,
            "_z": 5437.78857421875
        }
    ]
}