{
    "minArea": {
        "x": -2377.406982421875,
        "y": 170.0,
        "z": 5383.83251953125
    },
    "maxArea": {
        "x": -2324.056884765625,
        "y": 210.0,
        "z": 5438.41259765625
    },
    "roadPoints": [
        {
            "x": -2370.913330078125,
            "y": 178.16207885742188,
            "z": 5383.83251953125
        },
        {
            "x": -2329.02783203125,
            "y": 179.4036102294922,
            "z": 5384.931640625
        },
        {
            "x": -2324.056884765625,
            "y": 178.3155059814453,
            "z": 5438.41259765625
        },
        {
            "x": -2377.406982421875,
            "y": 183.3488006591797,
            "z": 5437.78857421875
        }
    ]
}