{
    "AOOGPAEJDFN": {
        "_x": -2429.52587890625,
        "_y": 45.0,
        "_z": 5415.25927734375
    },
    "ELJHMKDBOIJ": {
        "_x": -2405.788330078125,
        "_y": 80.0,
        "_z": 5439.36376953125
    },
    "DELPMEEHPHO": [
        {
            "_x": -2429.52587890625,
            "_y": 49.874385833740234,
            "_z": 5415.3154296875
        },
        {
            "_x": -2412.719482421875,
            "_y": 50.29720687866211,
            "_z": 5415.25927734375
        },
        {
            "_x": -2405.788330078125,
            "_y": 47.872886657714844,
            "_z": 5439.205078125
        },
        {
            "_x": -2427.85595703125,
            "_y": 52.29092025756836,
            "_z": 5439.36376953125
        }
    ]
}