{
    "minArea": {
        "x": -2429.52587890625,
        "y": 45.0,
        "z": 5415.25927734375
    },
    "maxArea": {
        "x": -2405.788330078125,
        "y": 80.0,
        "z": 5439.36376953125
    },
    "roadPoints": [
        {
            "x": -2429.52587890625,
            "y": 49.874385833740234,
            "z": 5415.3154296875
        },
        {
            "x": -2412.719482421875,
            "y": 50.29720687866211,
            "z": 5415.25927734375
        },
        {
            "x": -2405.788330078125,
            "y": 47.872886657714844,
            "z": 5439.205078125
        },
        {
            "x": -2427.85595703125,
            "y": 52.29092025756836,
            "z": 5439.36376953125
        }
    ]
}