{
    "minArea": {
        "x": 2128.92919921875,
        "z": -1001.2958984375
    },
    "maxArea": {
        "x": 2150.82080078125,
        "z": -969.2649536132812
    },
    "roadPoints": [
        {
            "x": 2150.82080078125,
            "y": 202.39999389648438,
            "z": -996.337646484375
        },
        {
            "x": 2139.607666015625,
            "y": 202.39999389648438,
            "z": -969.2649536132812
        },
        {
            "x": 2128.92919921875,
            "y": 207.48699951171875,
            "z": -974.036865234375
        },
        {
            "x": 2137.960205078125,
            "y": 207.60162353515625,
            "z": -1001.2958984375
        }
    ]
}