{
    "AOOGPAEJDFN": {
        "_x": 2128.92919921875,
        "_z": -1001.2958984375
    },
    "ELJHMKDBOIJ": {
        "_x": 2150.82080078125,
        "_z": -969.2649536132812
    },
    "DELPMEEHPHO": [
        {
            "_x": 2150.82080078125,
            "_y": 202.39999389648438,
            "_z": -996.337646484375
        },
        {
            "_x": 2139.607666015625,
            "_y": 202.39999389648438,
            "_z": -969.2649536132812
        },
        {
            "_x": 2128.92919921875,
            "_y": 207.48699951171875,
            "_z": -974.036865234375
        },
        {
            "_x": 2137.960205078125,
            "_y": 207.60162353515625,
            "_z": -1001.2958984375
        }
    ]
}