{
    "AOOGPAEJDFN": {
        "_x": -3641.68701171875,
        "_z": -819.8438110351562
    },
    "ELJHMKDBOIJ": {
        "_x": -3630.603759765625,
        "_z": -815.62841796875
    },
    "DELPMEEHPHO": [
        {
            "_x": -3641.68701171875,
            "_y": 112.31999206542969,
            "_z": -815.62841796875
        },
        {
            "_x": -3641.29833984375,
            "_y": 112.31999206542969,
            "_z": -819.8438110351562
        },
        {
            "_x": -3630.603759765625,
            "_y": 112.32000732421875,
            "_z": -819.109375
        },
        {
            "_x": -3630.71142578125,
            "_y": 112.31999206542969,
            "_z": -815.7599487304688
        }
    ]
}