{
    "minArea": {
        "x": -3641.68701171875,
        "z": -819.8438110351562
    },
    "maxArea": {
        "x": -3630.603759765625,
        "z": -815.62841796875
    },
    "roadPoints": [
        {
            "x": -3641.68701171875,
            "y": 112.31999206542969,
            "z": -815.62841796875
        },
        {
            "x": -3641.29833984375,
            "y": 112.31999206542969,
            "z": -819.8438110351562
        },
        {
            "x": -3630.603759765625,
            "y": 112.32000732421875,
            "z": -819.109375
        },
        {
            "x": -3630.71142578125,
            "y": 112.31999206542969,
            "z": -815.7599487304688
        }
    ]
}