{
    "AOOGPAEJDFN": {
        "_x": -2684.93798828125,
        "_y": 9.0,
        "_z": 5554.9853515625
    },
    "ELJHMKDBOIJ": {
        "_x": -2627.649169921875,
        "_y": 100.0,
        "_z": 5604.90673828125
    },
    "DELPMEEHPHO": [
        {
            "_x": -2631.263916015625,
            "_y": 24.98954200744629,
            "_z": 5603.05224609375
        },
        {
            "_x": -2683.84375,
            "_y": 30.876319885253906,
            "_z": 5604.90673828125
        },
        {
            "_x": -2684.93798828125,
            "_y": 31.91501235961914,
            "_z": 5556.333984375
        },
        {
            "_x": -2627.649169921875,
            "_y": 32.06498336791992,
            "_z": 5554.9853515625
        }
    ]
}