{
    "minArea": {
        "x": -2684.93798828125,
        "y": 9.0,
        "z": 5554.9853515625
    },
    "maxArea": {
        "x": -2627.649169921875,
        "y": 100.0,
        "z": 5604.90673828125
    },
    "roadPoints": [
        {
            "x": -2631.263916015625,
            "y": 24.98954200744629,
            "z": 5603.05224609375
        },
        {
            "x": -2683.84375,
            "y": 30.876319885253906,
            "z": 5604.90673828125
        },
        {
            "x": -2684.93798828125,
            "y": 31.91501235961914,
            "z": 5556.333984375
        },
        {
            "x": -2627.649169921875,
            "y": 32.06498336791992,
            "z": 5554.9853515625
        }
    ]
}