{
    "minArea": {
        "x": -2312.3671875,
        "y": 90.0,
        "z": 5222.7275390625
    },
    "maxArea": {
        "x": -2259.025146484375,
        "y": 135.0,
        "z": 5294.8359375
    },
    "roadPoints": [
        {
            "x": -2259.960205078125,
            "y": 98.44415283203125,
            "z": 5294.8359375
        },
        {
            "x": -2259.025146484375,
            "y": 101.12718963623047,
            "z": 5222.98193359375
        },
        {
            "x": -2312.3671875,
            "y": 95.00735473632812,
            "z": 5222.7275390625
        },
        {
            "x": -2311.909423828125,
            "y": 101.61658477783203,
            "z": 5294.51513671875
        }
    ]
}