{
    "AOOGPAEJDFN": {
        "_x": -2312.3671875,
        "_y": 90.0,
        "_z": 5222.7275390625
    },
    "ELJHMKDBOIJ": {
        "_x": -2259.025146484375,
        "_y": 135.0,
        "_z": 5294.8359375
    },
    "DELPMEEHPHO": [
        {
            "_x": -2259.960205078125,
            "_y": 98.44415283203125,
            "_z": 5294.8359375
        },
        {
            "_x": -2259.025146484375,
            "_y": 101.12718963623047,
            "_z": 5222.98193359375
        },
        {
            "_x": -2312.3671875,
            "_y": 95.00735473632812,
            "_z": 5222.7275390625
        },
        {
            "_x": -2311.909423828125,
            "_y": 101.61658477783203,
            "_z": 5294.51513671875
        }
    ]
}