{
    "AOOGPAEJDFN": {
        "_x": -2461.889404296875,
        "_y": -50.0,
        "_z": 5633.2041015625
    },
    "ELJHMKDBOIJ": {
        "_x": -2424.67041015625,
        "_y": 10.0,
        "_z": 5669.703125
    },
    "DELPMEEHPHO": [
        {
            "_x": -2445.665771484375,
            "_y": -23.773664474487305,
            "_z": 5633.2041015625
        },
        {
            "_x": -2461.889404296875,
            "_y": -22.95626449584961,
            "_z": 5644.0107421875
        },
        {
            "_x": -2445.559326171875,
            "_y": -22.675975799560547,
            "_z": 5669.703125
        },
        {
            "_x": -2424.67041015625,
            "_y": -23.971567153930664,
            "_z": 5654.52685546875
        }
    ]
}