{
    "minArea": {
        "x": 2211.583984375,
        "z": -1813.46240234375
    },
    "maxArea": {
        "x": 2226.116943359375,
        "z": -1799.10205078125
    },
    "roadPoints": [
        {
            "x": 2220.640625,
            "y": 194.60000610351562,
            "z": -1812.3724365234375
        },
        {
            "x": 2211.583984375,
            "y": 202.3232879638672,
            "z": -1800.8250732421875
        },
        {
            "x": 2217.593994140625,
            "y": 204.0735626220703,
            "z": -1799.10205078125
        },
        {
            "x": 2226.116943359375,
            "y": 203.10671997070312,
            "z": -1813.46240234375
        }
    ]
}