{
    "AOOGPAEJDFN": {
        "_x": 2211.583984375,
        "_z": -1813.46240234375
    },
    "ELJHMKDBOIJ": {
        "_x": 2226.116943359375,
        "_z": -1799.10205078125
    },
    "DELPMEEHPHO": [
        {
            "_x": 2220.640625,
            "_y": 194.60000610351562,
            "_z": -1812.3724365234375
        },
        {
            "_x": 2211.583984375,
            "_y": 202.3232879638672,
            "_z": -1800.8250732421875
        },
        {
            "_x": 2217.593994140625,
            "_y": 204.0735626220703,
            "_z": -1799.10205078125
        },
        {
            "_x": 2226.116943359375,
            "_y": 203.10671997070312,
            "_z": -1813.46240234375
        }
    ]
}