{
    "AOOGPAEJDFN": {
        "_x": 2289.517578125,
        "_z": -1079.009033203125
    },
    "ELJHMKDBOIJ": {
        "_x": 2310.29296875,
        "_z": -1065.0634765625
    },
    "DELPMEEHPHO": [
        {
            "_x": 2289.517578125,
            "_y": 202.39999389648438,
            "_z": -1065.0634765625
        },
        {
            "_x": 2290.7021484375,
            "_y": 205.858154296875,
            "_z": -1076.720703125
        },
        {
            "_x": 2307.670166015625,
            "_y": 206.2348175048828,
            "_z": -1079.009033203125
        },
        {
            "_x": 2310.29296875,
            "_y": 202.39999389648438,
            "_z": -1068.9432373046875
        }
    ]
}