{
    "minArea": {
        "x": 2289.517578125,
        "z": -1079.009033203125
    },
    "maxArea": {
        "x": 2310.29296875,
        "z": -1065.0634765625
    },
    "roadPoints": [
        {
            "x": 2289.517578125,
            "y": 202.39999389648438,
            "z": -1065.0634765625
        },
        {
            "x": 2290.7021484375,
            "y": 205.858154296875,
            "z": -1076.720703125
        },
        {
            "x": 2307.670166015625,
            "y": 206.2348175048828,
            "z": -1079.009033203125
        },
        {
            "x": 2310.29296875,
            "y": 202.39999389648438,
            "z": -1068.9432373046875
        }
    ]
}