{
    "AOOGPAEJDFN": {
        "_x": 2032.7030029296875,
        "_z": -886.8619384765625
    },
    "ELJHMKDBOIJ": {
        "_x": 2041.96240234375,
        "_z": -871.8706665039062
    },
    "DELPMEEHPHO": [
        {
            "_x": 2041.96240234375,
            "_y": 202.39999389648438,
            "_z": -872.41552734375
        },
        {
            "_x": 2035.177978515625,
            "_y": 204.36065673828125,
            "_z": -871.8706665039062
        },
        {
            "_x": 2032.7030029296875,
            "_y": 205.2146759033203,
            "_z": -884.385498046875
        },
        {
            "_x": 2039.8463134765625,
            "_y": 202.39999389648438,
            "_z": -886.8619384765625
        }
    ]
}