{
    "minArea": {
        "x": 2032.7030029296875,
        "z": -886.8619384765625
    },
    "maxArea": {
        "x": 2041.96240234375,
        "z": -871.8706665039062
    },
    "roadPoints": [
        {
            "x": 2041.96240234375,
            "y": 202.39999389648438,
            "z": -872.41552734375
        },
        {
            "x": 2035.177978515625,
            "y": 204.36065673828125,
            "z": -871.8706665039062
        },
        {
            "x": 2032.7030029296875,
            "y": 205.2146759033203,
            "z": -884.385498046875
        },
        {
            "x": 2039.8463134765625,
            "y": 202.39999389648438,
            "z": -886.8619384765625
        }
    ]
}