{
    "AOOGPAEJDFN": {
        "_x": 2045.818115234375,
        "_z": -791.1099243164062
    },
    "ELJHMKDBOIJ": {
        "_x": 2055.829345703125,
        "_z": -771.07275390625
    },
    "DELPMEEHPHO": [
        {
            "_x": 2055.829345703125,
            "_y": 202.39999389648438,
            "_z": -771.8316650390625
        },
        {
            "_x": 2047.83203125,
            "_y": 204.45330810546875,
            "_z": -771.07275390625
        },
        {
            "_x": 2045.818115234375,
            "_y": 206.4579620361328,
            "_z": -787.16162109375
        },
        {
            "_x": 2052.8935546875,
            "_y": 202.39999389648438,
            "_z": -791.1099243164062
        }
    ]
}