{
    "minArea": {
        "x": 2045.818115234375,
        "z": -791.1099243164062
    },
    "maxArea": {
        "x": 2055.829345703125,
        "z": -771.07275390625
    },
    "roadPoints": [
        {
            "x": 2055.829345703125,
            "y": 202.39999389648438,
            "z": -771.8316650390625
        },
        {
            "x": 2047.83203125,
            "y": 204.45330810546875,
            "z": -771.07275390625
        },
        {
            "x": 2045.818115234375,
            "y": 206.4579620361328,
            "z": -787.16162109375
        },
        {
            "x": 2052.8935546875,
            "y": 202.39999389648438,
            "z": -791.1099243164062
        }
    ]
}