{
    "AOOGPAEJDFN": {
        "_x": 2504.990234375,
        "_z": -1119.654541015625
    },
    "ELJHMKDBOIJ": {
        "_x": 2526.052734375,
        "_z": -1102.825927734375
    },
    "DELPMEEHPHO": [
        {
            "_x": 2509.89892578125,
            "_y": 202.39999389648438,
            "_z": -1102.825927734375
        },
        {
            "_x": 2504.990234375,
            "_y": 202.39999389648438,
            "_z": -1108.000244140625
        },
        {
            "_x": 2516.90869140625,
            "_y": 202.6859130859375,
            "_z": -1119.654541015625
        },
        {
            "_x": 2526.052734375,
            "_y": 202.39999389648438,
            "_z": -1106.3831787109375
        }
    ]
}