{
    "minArea": {
        "x": 2504.990234375,
        "z": -1119.654541015625
    },
    "maxArea": {
        "x": 2526.052734375,
        "z": -1102.825927734375
    },
    "roadPoints": [
        {
            "x": 2509.89892578125,
            "y": 202.39999389648438,
            "z": -1102.825927734375
        },
        {
            "x": 2504.990234375,
            "y": 202.39999389648438,
            "z": -1108.000244140625
        },
        {
            "x": 2516.90869140625,
            "y": 202.6859130859375,
            "z": -1119.654541015625
        },
        {
            "x": 2526.052734375,
            "y": 202.39999389648438,
            "z": -1106.3831787109375
        }
    ]
}