{
    "LJDLELGLKNH": [
        {
            "BGONNPKKNCP": 160,
            "FIDNFFDGLKH": {
                "_x": -3030.68310546875,
                "_y": 213.34530639648438,
                "_z": -4324.875
            },
            "NIEDMBICNCD": {
                "_x": -0.9723414778709412,
                "_z": 0.23356372117996216
            },
            "NGGCLIDDHJI": {
                "IFOJMNFJJAE": 0.32156863808631897,
                "PIMLLJKIHMI": 0.21568627655506134,
                "HFCFAHNOHIE": 0.18039216101169586,
                "JCHKEIIFEFN": 1.0
            },
            "CMNPOKJBKHN": [
                {
                    "IFOJMNFJJAE": 0.9058823585510254,
                    "PIMLLJKIHMI": 0.7882353067398071,
                    "HFCFAHNOHIE": 0.7333333492279053,
                    "JCHKEIIFEFN": 1.0
                },
                {
                    "IFOJMNFJJAE": 0.45098039507865906,
                    "PIMLLJKIHMI": 0.3843137323856354,
                    "HFCFAHNOHIE": 0.34117648005485535,
                    "JCHKEIIFEFN": 1.0
                },
                {
                    "IFOJMNFJJAE": 0.239215686917305,
                    "PIMLLJKIHMI": 0.2549019753932953,
                    "HFCFAHNOHIE": 0.3294117748737335,
                    "JCHKEIIFEFN": 1.0
                },
                {
                    "IFOJMNFJJAE": 0.4117647111415863,
                    "PIMLLJKIHMI": 0.40392157435417175,
                    "HFCFAHNOHIE": 0.4274509847164154,
                    "JCHKEIIFEFN": 1.0
                }
            ],
            "JOHOCEALNCD": 160001
        }
    ]
}