{
    "crowdSpawnInfos": [
        {
            "crowdTypeID": 160,
            "spawnPosition": {
                "x": -3030.68310546875,
                "y": 213.34530639648438,
                "z": -4324.875
            },
            "spawnFaceFwd": {
                "x": -0.9723414778709412,
                "z": 0.23356372117996216
            },
            "hairColor": {
                "r": 0.32156863808631897,
                "g": 0.21568627655506134,
                "b": 0.18039216101169586,
                "a": 1.0
            },
            "bodyColors": [
                {
                    "r": 0.9058823585510254,
                    "g": 0.7882353067398071,
                    "b": 0.7333333492279053,
                    "a": 1.0
                },
                {
                    "r": 0.45098039507865906,
                    "g": 0.3843137323856354,
                    "b": 0.34117648005485535,
                    "a": 1.0
                },
                {
                    "r": 0.239215686917305,
                    "g": 0.2549019753932953,
                    "b": 0.3294117748737335,
                    "a": 1.0
                },
                {
                    "r": 0.4117647111415863,
                    "g": 0.40392157435417175,
                    "b": 0.4274509847164154,
                    "a": 1.0
                }
            ],
            "FFKLGKCDEGC": 160001
        }
    ]
}