{
    "LJDLELGLKNH": [
        {
            "BGONNPKKNCP": 76,
            "OCBNOJAPEBN": 9,
            "FIDNFFDGLKH": {
                "_x": -622.7031860351562,
                "_y": 226.66510009765625,
                "_z": 321.8595886230469
            },
            "NIEDMBICNCD": {
                "_x": -0.6840917468070984,
                "_z": 0.7293959856033325
            },
            "NGGCLIDDHJI": {
                "IFOJMNFJJAE": 0.29019609093666077,
                "PIMLLJKIHMI": 0.3176470696926117,
                "HFCFAHNOHIE": 0.3529411852359772,
                "JCHKEIIFEFN": 1.0
            },
            "CMNPOKJBKHN": [
                {
                    "IFOJMNFJJAE": 0.9333333373069763,
                    "PIMLLJKIHMI": 0.8666666746139526,
                    "HFCFAHNOHIE": 0.843137264251709,
                    "JCHKEIIFEFN": 1.0
                },
                {
                    "IFOJMNFJJAE": 0.41960784792900085,
                    "PIMLLJKIHMI": 0.41960784792900085,
                    "HFCFAHNOHIE": 0.4117647111415863,
                    "JCHKEIIFEFN": 1.0
                },
                {
                    "IFOJMNFJJAE": 0.3764705955982208,
                    "PIMLLJKIHMI": 0.2823529541492462,
                    "HFCFAHNOHIE": 0.2823529541492462,
                    "JCHKEIIFEFN": 1.0
                },
                {
                    "IFOJMNFJJAE": 0.2549019753932953,
                    "PIMLLJKIHMI": 0.26274511218070984,
                    "HFCFAHNOHIE": 0.2705882489681244,
                    "JCHKEIIFEFN": 1.0
                }
            ],
            "JOHOCEALNCD": 1020001
        }
    ]
}