{
    "crowdSpawnInfos": [
        {
            "crowdTypeID": 76,
            "animConfigID": 9,
            "spawnPosition": {
                "x": -622.7031860351562,
                "y": 226.66510009765625,
                "z": 321.8595886230469
            },
            "spawnFaceFwd": {
                "x": -0.6840917468070984,
                "z": 0.7293959856033325
            },
            "hairColor": {
                "r": 0.29019609093666077,
                "g": 0.3176470696926117,
                "b": 0.3529411852359772,
                "a": 1.0
            },
            "bodyColors": [
                {
                    "r": 0.9333333373069763,
                    "g": 0.8666666746139526,
                    "b": 0.843137264251709,
                    "a": 1.0
                },
                {
                    "r": 0.41960784792900085,
                    "g": 0.41960784792900085,
                    "b": 0.4117647111415863,
                    "a": 1.0
                },
                {
                    "r": 0.3764705955982208,
                    "g": 0.2823529541492462,
                    "b": 0.2823529541492462,
                    "a": 1.0
                },
                {
                    "r": 0.2549019753932953,
                    "g": 0.26274511218070984,
                    "b": 0.2705882489681244,
                    "a": 1.0
                }
            ],
            "OJMCMBIHHLF": 1020001
        }
    ]
}