{
    "LJDLELGLKNH": [
        {
            "BGONNPKKNCP": 234,
            "OCBNOJAPEBN": 2,
            "FIDNFFDGLKH": {
                "_x": -396.80059814453125,
                "_y": 234.38340759277344,
                "_z": 2773.05908203125
            },
            "NIEDMBICNCD": {
                "_x": -0.9835033416748047,
                "_z": -0.18089020252227783
            },
            "NGGCLIDDHJI": {
                "IFOJMNFJJAE": 0.25882354378700256,
                "PIMLLJKIHMI": 0.25882354378700256,
                "HFCFAHNOHIE": 0.25882354378700256,
                "JCHKEIIFEFN": 1.0
            },
            "CMNPOKJBKHN": [
                {
                    "IFOJMNFJJAE": 0.9333333373069763,
                    "PIMLLJKIHMI": 0.8666666746139526,
                    "HFCFAHNOHIE": 0.843137264251709,
                    "JCHKEIIFEFN": 1.0
                },
                {
                    "IFOJMNFJJAE": 0.20392157137393951,
                    "PIMLLJKIHMI": 0.27450981736183167,
                    "HFCFAHNOHIE": 0.3921568691730499,
                    "JCHKEIIFEFN": 1.0
                },
                {
                    "IFOJMNFJJAE": 0.4901960790157318,
                    "PIMLLJKIHMI": 0.19607843458652496,
                    "HFCFAHNOHIE": 0.239215686917305,
                    "JCHKEIIFEFN": 1.0
                },
                {
                    "IFOJMNFJJAE": 0.8627451062202454,
                    "PIMLLJKIHMI": 0.8549019694328308,
                    "HFCFAHNOHIE": 0.8039215803146362,
                    "JCHKEIIFEFN": 1.0
                }
            ],
            "JOHOCEALNCD": 300001
        }
    ]
}