{
    "crowdSpawnInfos": [
        {
            "crowdTypeID": 234,
            "animConfigID": 2,
            "spawnPosition": {
                "x": -396.80059814453125,
                "y": 234.38340759277344,
                "z": 2773.05908203125
            },
            "spawnFaceFwd": {
                "x": -0.9835033416748047,
                "z": -0.18089020252227783
            },
            "hairColor": {
                "r": 0.25882354378700256,
                "g": 0.25882354378700256,
                "b": 0.25882354378700256,
                "a": 1.0
            },
            "bodyColors": [
                {
                    "r": 0.9333333373069763,
                    "g": 0.8666666746139526,
                    "b": 0.843137264251709,
                    "a": 1.0
                },
                {
                    "r": 0.20392157137393951,
                    "g": 0.27450981736183167,
                    "b": 0.3921568691730499,
                    "a": 1.0
                },
                {
                    "r": 0.4901960790157318,
                    "g": 0.19607843458652496,
                    "b": 0.239215686917305,
                    "a": 1.0
                },
                {
                    "r": 0.8627451062202454,
                    "g": 0.8549019694328308,
                    "b": 0.8039215803146362,
                    "a": 1.0
                }
            ],
            "FFKLGKCDEGC": 300001
        }
    ]
}