{
    "LJDLELGLKNH": [
        {
            "BGONNPKKNCP": 85,
            "FIDNFFDGLKH": {
                "_x": -630.2517700195312,
                "_y": 209.79690551757812,
                "_z": -154.84979248046875
            },
            "NIEDMBICNCD": {
                "_x": -0.973586916923523,
                "_z": 0.22831690311431885
            },
            "NGGCLIDDHJI": {
                "IFOJMNFJJAE": 0.29019609093666077,
                "PIMLLJKIHMI": 0.3176470696926117,
                "HFCFAHNOHIE": 0.3529411852359772,
                "JCHKEIIFEFN": 1.0
            },
            "CMNPOKJBKHN": [
                {
                    "IFOJMNFJJAE": 0.9333333373069763,
                    "PIMLLJKIHMI": 0.8666666746139526,
                    "HFCFAHNOHIE": 0.843137264251709,
                    "JCHKEIIFEFN": 1.0
                },
                {
                    "IFOJMNFJJAE": 0.239215686917305,
                    "PIMLLJKIHMI": 0.2666666805744171,
                    "HFCFAHNOHIE": 0.29411765933036804,
                    "JCHKEIIFEFN": 1.0
                },
                {
                    "IFOJMNFJJAE": 0.47843137383461,
                    "PIMLLJKIHMI": 0.4470588266849518,
                    "HFCFAHNOHIE": 0.3960784375667572,
                    "JCHKEIIFEFN": 1.0
                },
                {
                    "IFOJMNFJJAE": 0.239215686917305,
                    "PIMLLJKIHMI": 0.2666666805744171,
                    "HFCFAHNOHIE": 0.29411765933036804,
                    "JCHKEIIFEFN": 1.0
                }
            ],
            "JOHOCEALNCD": 70001
        }
    ]
}