{
    "LJDLELGLKNH": [
        {
            "BGONNPKKNCP": 63,
            "OCBNOJAPEBN": 1,
            "FIDNFFDGLKH": {
                "_x": -643.567626953125,
                "_y": 221.61489868164062,
                "_z": 244.40870666503906
            },
            "NIEDMBICNCD": {
                "_x": -0.2290557473897934,
                "_z": 0.9734132885932922
            },
            "NGGCLIDDHJI": {
                "IFOJMNFJJAE": 0.29019609093666077,
                "PIMLLJKIHMI": 0.3176470696926117,
                "HFCFAHNOHIE": 0.3529411852359772,
                "JCHKEIIFEFN": 1.0
            },
            "CMNPOKJBKHN": [
                {
                    "IFOJMNFJJAE": 0.9058823585510254,
                    "PIMLLJKIHMI": 0.7882353067398071,
                    "HFCFAHNOHIE": 0.7333333492279053,
                    "JCHKEIIFEFN": 1.0
                },
                {
                    "IFOJMNFJJAE": 0.41960784792900085,
                    "PIMLLJKIHMI": 0.41960784792900085,
                    "HFCFAHNOHIE": 0.4117647111415863,
                    "JCHKEIIFEFN": 1.0
                },
                {
                    "IFOJMNFJJAE": 0.3764705955982208,
                    "PIMLLJKIHMI": 0.2823529541492462,
                    "HFCFAHNOHIE": 0.2823529541492462,
                    "JCHKEIIFEFN": 1.0
                },
                {
                    "IFOJMNFJJAE": 0.2549019753932953,
                    "PIMLLJKIHMI": 0.26274511218070984,
                    "HFCFAHNOHIE": 0.2705882489681244,
                    "JCHKEIIFEFN": 1.0
                }
            ],
            "JOHOCEALNCD": 440001
        }
    ]
}