{
    "crowdSpawnInfos": [
        {
            "crowdTypeID": 63,
            "animConfigID": 1,
            "spawnPosition": {
                "x": -643.567626953125,
                "y": 221.61489868164062,
                "z": 244.40870666503906
            },
            "spawnFaceFwd": {
                "x": -0.2290557473897934,
                "z": 0.9734132885932922
            },
            "hairColor": {
                "r": 0.29019609093666077,
                "g": 0.3176470696926117,
                "b": 0.3529411852359772,
                "a": 1.0
            },
            "bodyColors": [
                {
                    "r": 0.9058823585510254,
                    "g": 0.7882353067398071,
                    "b": 0.7333333492279053,
                    "a": 1.0
                },
                {
                    "r": 0.41960784792900085,
                    "g": 0.41960784792900085,
                    "b": 0.4117647111415863,
                    "a": 1.0
                },
                {
                    "r": 0.3764705955982208,
                    "g": 0.2823529541492462,
                    "b": 0.2823529541492462,
                    "a": 1.0
                },
                {
                    "r": 0.2549019753932953,
                    "g": 0.26274511218070984,
                    "b": 0.2705882489681244,
                    "a": 1.0
                }
            ],
            "OJMCMBIHHLF": 440001
        }
    ]
}