{
    "LJDLELGLKNH": [
        {
            "BGONNPKKNCP": 91,
            "FIDNFFDGLKH": {
                "_x": -667.5286865234375,
                "_y": 219.69200134277344,
                "_z": 226.92630004882812
            },
            "NIEDMBICNCD": {
                "_x": -0.9879345297813416,
                "_z": 0.15487217903137207
            },
            "NGGCLIDDHJI": {
                "IFOJMNFJJAE": 0.8392156958580017,
                "PIMLLJKIHMI": 0.8392156958580017,
                "HFCFAHNOHIE": 0.8392156958580017,
                "JCHKEIIFEFN": 1.0
            },
            "CMNPOKJBKHN": [
                {
                    "IFOJMNFJJAE": 0.9058823585510254,
                    "PIMLLJKIHMI": 0.7882353067398071,
                    "HFCFAHNOHIE": 0.7333333492279053,
                    "JCHKEIIFEFN": 1.0
                },
                {
                    "IFOJMNFJJAE": 0.41960784792900085,
                    "PIMLLJKIHMI": 0.41960784792900085,
                    "HFCFAHNOHIE": 0.4117647111415863,
                    "JCHKEIIFEFN": 1.0
                },
                {
                    "IFOJMNFJJAE": 0.3764705955982208,
                    "PIMLLJKIHMI": 0.2823529541492462,
                    "HFCFAHNOHIE": 0.2823529541492462,
                    "JCHKEIIFEFN": 1.0
                },
                {
                    "IFOJMNFJJAE": 0.2549019753932953,
                    "PIMLLJKIHMI": 0.26274511218070984,
                    "HFCFAHNOHIE": 0.2705882489681244,
                    "JCHKEIIFEFN": 1.0
                }
            ],
            "JOHOCEALNCD": 370001
        }
    ]
}