{
    "crowdSpawnInfos": [
        {
            "crowdTypeID": 91,
            "spawnPosition": {
                "x": -667.5286865234375,
                "y": 219.69200134277344,
                "z": 226.92630004882812
            },
            "spawnFaceFwd": {
                "x": -0.9879345297813416,
                "z": 0.15487217903137207
            },
            "hairColor": {
                "r": 0.8392156958580017,
                "g": 0.8392156958580017,
                "b": 0.8392156958580017,
                "a": 1.0
            },
            "bodyColors": [
                {
                    "r": 0.9058823585510254,
                    "g": 0.7882353067398071,
                    "b": 0.7333333492279053,
                    "a": 1.0
                },
                {
                    "r": 0.41960784792900085,
                    "g": 0.41960784792900085,
                    "b": 0.4117647111415863,
                    "a": 1.0
                },
                {
                    "r": 0.3764705955982208,
                    "g": 0.2823529541492462,
                    "b": 0.2823529541492462,
                    "a": 1.0
                },
                {
                    "r": 0.2549019753932953,
                    "g": 0.26274511218070984,
                    "b": 0.2705882489681244,
                    "a": 1.0
                }
            ],
            "OJMCMBIHHLF": 370001
        }
    ]
}