{
    "crowdSpawnInfos": [
        {
            "crowdTypeID": 85,
            "spawnPosition": {
                "x": -630.2517700195312,
                "y": 209.79690551757812,
                "z": -154.84979248046875
            },
            "spawnFaceFwd": {
                "x": -0.973586916923523,
                "z": 0.22831690311431885
            },
            "hairColor": {
                "r": 0.29019609093666077,
                "g": 0.3176470696926117,
                "b": 0.3529411852359772,
                "a": 1.0
            },
            "bodyColors": [
                {
                    "r": 0.9333333373069763,
                    "g": 0.8666666746139526,
                    "b": 0.843137264251709,
                    "a": 1.0
                },
                {
                    "r": 0.239215686917305,
                    "g": 0.2666666805744171,
                    "b": 0.29411765933036804,
                    "a": 1.0
                },
                {
                    "r": 0.47843137383461,
                    "g": 0.4470588266849518,
                    "b": 0.3960784375667572,
                    "a": 1.0
                },
                {
                    "r": 0.239215686917305,
                    "g": 0.2666666805744171,
                    "b": 0.29411765933036804,
                    "a": 1.0
                }
            ],
            "OJMCMBIHHLF": 70001
        }
    ]
}