{
    "crowdSpawnInfos": [
        {
            "crowdTypeID": 134,
            "spawnPosition": {
                "x": -3251.281982421875,
                "y": 266.4483947753906,
                "z": -4470.71484375
            },
            "spawnFaceFwd": {
                "x": 0.4921455681324005,
                "z": -0.8705130815505981
            },
            "hairColor": {
                "r": 0.29019609093666077,
                "g": 0.3176470696926117,
                "b": 0.3529411852359772,
                "a": 1.0
            },
            "bodyColors": [
                {
                    "r": 1.0,
                    "g": 1.0,
                    "b": 1.0,
                    "a": 1.0
                },
                {
                    "r": 1.0,
                    "g": 1.0,
                    "b": 1.0,
                    "a": 1.0
                },
                {
                    "r": 1.0,
                    "g": 1.0,
                    "b": 1.0,
                    "a": 1.0
                },
                {
                    "r": 1.0,
                    "g": 1.0,
                    "b": 1.0,
                    "a": 1.0
                }
            ],
            "OLLPOHKGJCA": 100001
        }
    ]
}