{
    "LJDLELGLKNH": [
        {
            "BGONNPKKNCP": 134,
            "FIDNFFDGLKH": {
                "_x": -3251.281982421875,
                "_y": 266.4483947753906,
                "_z": -4470.71484375
            },
            "NIEDMBICNCD": {
                "_x": 0.4921455681324005,
                "_z": -0.8705130815505981
            },
            "NGGCLIDDHJI": {
                "IFOJMNFJJAE": 0.29019609093666077,
                "PIMLLJKIHMI": 0.3176470696926117,
                "HFCFAHNOHIE": 0.3529411852359772,
                "JCHKEIIFEFN": 1.0
            },
            "CMNPOKJBKHN": [
                {
                    "IFOJMNFJJAE": 1.0,
                    "PIMLLJKIHMI": 1.0,
                    "HFCFAHNOHIE": 1.0,
                    "JCHKEIIFEFN": 1.0
                },
                {
                    "IFOJMNFJJAE": 1.0,
                    "PIMLLJKIHMI": 1.0,
                    "HFCFAHNOHIE": 1.0,
                    "JCHKEIIFEFN": 1.0
                },
                {
                    "IFOJMNFJJAE": 1.0,
                    "PIMLLJKIHMI": 1.0,
                    "HFCFAHNOHIE": 1.0,
                    "JCHKEIIFEFN": 1.0
                },
                {
                    "IFOJMNFJJAE": 1.0,
                    "PIMLLJKIHMI": 1.0,
                    "HFCFAHNOHIE": 1.0,
                    "JCHKEIIFEFN": 1.0
                }
            ],
            "JOHOCEALNCD": 100001
        }
    ]
}