{
    "LJDLELGLKNH": [
        {
            "BGONNPKKNCP": 134,
            "FIDNFFDGLKH": {
                "_x": -3146.89892578125,
                "_y": 252.4720001220703,
                "_z": -4486.06201171875
            },
            "NIEDMBICNCD": {
                "_x": 0.7705278396606445,
                "_z": -0.6374063491821289
            },
            "NGGCLIDDHJI": {
                "IFOJMNFJJAE": 0.25882354378700256,
                "PIMLLJKIHMI": 0.25882354378700256,
                "HFCFAHNOHIE": 0.25882354378700256,
                "JCHKEIIFEFN": 1.0
            },
            "CMNPOKJBKHN": [
                {
                    "IFOJMNFJJAE": 1.0,
                    "PIMLLJKIHMI": 1.0,
                    "HFCFAHNOHIE": 1.0,
                    "JCHKEIIFEFN": 1.0
                },
                {
                    "IFOJMNFJJAE": 1.0,
                    "PIMLLJKIHMI": 1.0,
                    "HFCFAHNOHIE": 1.0,
                    "JCHKEIIFEFN": 1.0
                },
                {
                    "IFOJMNFJJAE": 1.0,
                    "PIMLLJKIHMI": 1.0,
                    "HFCFAHNOHIE": 1.0,
                    "JCHKEIIFEFN": 1.0
                },
                {
                    "IFOJMNFJJAE": 1.0,
                    "PIMLLJKIHMI": 1.0,
                    "HFCFAHNOHIE": 1.0,
                    "JCHKEIIFEFN": 1.0
                }
            ],
            "JOHOCEALNCD": 150010
        }
    ]
}