{
    "crowdSpawnInfos": [
        {
            "crowdTypeID": 134,
            "spawnPosition": {
                "x": -3146.89892578125,
                "y": 252.4720001220703,
                "z": -4486.06201171875
            },
            "spawnFaceFwd": {
                "x": 0.7705278396606445,
                "z": -0.6374063491821289
            },
            "hairColor": {
                "r": 0.25882354378700256,
                "g": 0.25882354378700256,
                "b": 0.25882354378700256,
                "a": 1.0
            },
            "bodyColors": [
                {
                    "r": 1.0,
                    "g": 1.0,
                    "b": 1.0,
                    "a": 1.0
                },
                {
                    "r": 1.0,
                    "g": 1.0,
                    "b": 1.0,
                    "a": 1.0
                },
                {
                    "r": 1.0,
                    "g": 1.0,
                    "b": 1.0,
                    "a": 1.0
                },
                {
                    "r": 1.0,
                    "g": 1.0,
                    "b": 1.0,
                    "a": 1.0
                }
            ],
            "CEADMLBENDH": 150010
        }
    ]
}