{
    "MengDe_Ruins": {
        "BBIKBKCAECM": "MengDeRuins",
        "GPGFCPCOHKP": -99999,
        "CAKDIBPBMBH": "CircleR75",
        "APIKHAOIALN": {
            "x": 2355.39990234375,
            "y": 296.0,
            "z": -1735.800048828125
        }
    }
}