{
    "3201352": {
        "turnSpeedOverrideWalk": 7.038186890290184e-38
    },
    "-320135201": {
        "speedLevel": 1,
        "turnSpeedOverrideWalk": 1.025637530460699e-08
    },
    "-28": {
        "turnSpeedOverrideWalk": 1.6339708684892251e-35,
        "special": false
    },
    "0": {
        "NMBPMMJBONN": 2.9390110598054558e+29,
        "special": true
    },
    "-51": {
        "turnSpeedOverrideRun": 2.1411629413936595e-10,
        "special": true
    },
    "-56": {
        "turnSpeedOverrideWalk": 7.185629214178373e+22,
        "turnSpeedOverrideRun": 2.8168831715081663e+20,
        "NMBPMMJBONN": 4.1772707221522797e-41
    }
}