{
    "-3453606": {
        "turnSpeedOverride": 7.038474997254449e-38
    },
    "-345360551": {
        "speedLevel": 345360551
    },
    "-2": {
        "turnSpeedOverride": 1.0503692465135828e-05
    },
    "25": {
        "turnSpeedOverride": 0.0,
        "moveTimeMin": -6.617444900424222e-24,
        "moveTimeMax": -5.610931117479391e-18,
        "restTimeMax": 3.843508332880623e-37,
        "detectFrontDistance": 6.730830337531302e-10
    },
    "-345360552": {
        "speedLevel": 1,
        "turnSpeedOverride": 1.0503692465135828e-05
    },
    "-28": {
        "turnSpeedOverride": -395.31842041015625,
        "moveTimeMin": 1.1210387714598537e-44,
        "moveTimeMax": 0.0
    }
}