{
    "ElectroherculesBattle": {
        "DIBFCOLPGNH": {
            "x": -2182.110107421875,
            "y": 204.0,
            "z": -3482.989990234375
        },
        "forward": {
            "x": -0.8382043242454529,
            "y": -0.20000000298023224,
            "z": 0.545356273651123
        }
    }
}