{
    "ElectroherculesBattle": {
        "KCCMLABACFH": {
            "_x": -2182.110107421875,
            "_y": 204.0,
            "_z": -3482.989990234375
        },
        "LKAEOMCNEPJ": {
            "_x": -0.8382043242454529,
            "_y": -0.20000000298023224,
            "_z": 0.545356273651123
        }
    }
}