{
    "BPLAKLDAHHD": 5.0,
    "secondHeight": 5.0,
    "furnitureUnits": [
        {
            "furnitureID": 361305,
            "position": {
                "_x": -2.296999931335449,
                "_z": 0.29899999499320984
            },
            "rotation": {
                "_y": 29.99994659423828
            }
        },
        {
            "furnitureID": 362104,
            "position": {
                "_x": 0.8029999732971191,
                "_z": 2.1389999389648438
            },
            "rotation": {
                "_y": 225.00025939941406
            }
        },
        {
            "furnitureID": 372401,
            "position": {
                "_x": 1.6790000200271606,
                "_z": 0.006000000052154064
            },
            "rotation": {
                "_y": 89.99983215332031
            }
        },
        {
            "furnitureID": 361304,
            "position": {
                "_x": -0.6330000162124634,
                "_z": -1.0
            }
        }
    ]
}