{
    "radius": 8.0,
    "height": 30.0,
    "furnitureUnits": [
        {
            "furnitureID": 373110,
            "position": {
                "x": 2.6500000953674316,
                "y": 0.0880126953125,
                "z": -3.380000114440918
            },
            "rotation": {
                "x": 1.7828473573899828e-05,
                "y": 22.89116859436035,
                "z": 7.527804882556666e-06
            }
        },
        {
            "furnitureID": 374307,
            "position": {
                "x": 2.640000104904175,
                "y": 0.01226806640625,
                "z": 2.049999952316284
            },
            "rotation": {
                "x": 3.4420054362271912e-06,
                "y": 68.36247253417969,
                "z": 8.676901416038163e-06
            }
        },
        {
            "furnitureID": 373105,
            "position": {
                "x": -1.8699951171875,
                "y": 0.02960205078125,
                "z": 0.45001220703125
            },
            "rotation": {
                "y": 122.26160430908203
            }
        },
        {
            "furnitureID": 373106,
            "position": {
                "x": -0.11900000274181366,
                "y": 0.06561279296875,
                "z": -2.7769999504089355
            },
            "rotation": {
                "y": 28.710805892944336
            }
        }
    ]
}