{
    "BPLAKLDAHHD": 5.0,
    "secondHeight": 5.0,
    "furnitureUnits": [
        {
            "furnitureID": 361305,
            "position": {
                "_x": -1.7799999713897705,
                "_z": 0.15299999713897705
            }
        },
        {
            "furnitureID": 361103,
            "position": {
                "_x": -0.33498290181159973,
                "_z": -1.4423096179962158
            }
        },
        {
            "furnitureID": 361102,
            "position": {
                "_x": 1.6699999570846558,
                "_z": 0.05999999865889549
            },
            "rotation": {
                "_y": 270.00018310546875
            }
        }
    ]
}