{
    "BPLAKLDAHHD": 8.0,
    "secondHeight": 30.0,
    "furnitureUnits": [
        {
            "furnitureID": 370305,
            "position": {
                "_x": -5.269999980926514,
                "_z": -1.6200000047683716
            },
            "rotation": {
                "_x": 2.7303897809360933e-07,
                "_y": 83.74116516113281,
                "_z": 2.4895507522160187e-06
            }
        },
        {
            "furnitureID": 370303,
            "position": {
                "_x": -0.24422091245651245,
                "_z": -4.427126407623291
            },
            "rotation": {
                "_x": 8.973704098025337e-06,
                "_y": 15.985641479492188,
                "_z": 2.5707345230330247e-06
            }
        },
        {
            "furnitureID": 373108,
            "position": {
                "_x": 3.99000883102417,
                "_z": -4.029985427856445
            },
            "rotation": {
                "_x": 9.334667993243784e-06
            }
        },
        {
            "furnitureID": 370309,
            "position": {
                "_x": -1.4642221927642822,
                "_z": 5.232907772064209
            }
        }
    ]
}