{
    "KIFPAPHCOAF": 5.0,
    "BJFNPGBKPHH": 30.0,
    "JCKHFAPPDIB": [
        {
            "LMADOMLAFJA": 373303,
            "GPFINMAPBAH": {
                "_x": 0.7120000123977661,
                "_z": -1.9079999923706055
            },
            "NLNGDDKLBAH": {
                "_y": 133.38922119140625
            }
        },
        {
            "LMADOMLAFJA": 373302,
            "GPFINMAPBAH": {
                "_x": -1.1979999542236328,
                "_z": 0.9440000057220459
            },
            "NLNGDDKLBAH": {
                "_x": -3.975056301896984e-07,
                "_y": 99.13247680664062,
                "_z": 2.472731466696132e-06
            }
        },
        {
            "LMADOMLAFJA": 373301,
            "GPFINMAPBAH": {
                "_x": -0.9309999942779541,
                "_z": -1.4550000429153442
            },
            "NLNGDDKLBAH": {
                "_x": 6.602694611501647e-06,
                "_y": 44.98188018798828,
                "_z": 6.598519121325808e-06
            }
        },
        {
            "LMADOMLAFJA": 373302,
            "GPFINMAPBAH": {
                "_x": 0.4909999966621399,
                "_z": 2.255000114440918
            },
            "NLNGDDKLBAH": {
                "_x": -2.4758928702794947e-06,
                "_y": 188.66502380371094,
                "_z": -3.7731842894572765e-07
            }
        }
    ]
}