{
    "BPLAKLDAHHD": 8.0,
    "secondHeight": 30.0,
    "furnitureUnits": [
        {
            "furnitureID": 371201,
            "position": {
                "_x": -0.10000000149011612,
                "_z": -2.0799999237060547
            },
            "rotation": {
                "_y": 1.7075470850613783e-06
            }
        },
        {
            "furnitureID": 373310,
            "position": {
                "_x": 3.0882568359375,
                "_z": 0.802001953125
            },
            "rotation": {
                "_x": -6.482054004663951e-07,
                "_y": -5.122641596244648e-06,
                "_z": 2.419140400888864e-06
            }
        },
        {
            "furnitureID": 373309,
            "position": {
                "_x": -3.087249755859375,
                "_z": 0.72918701171875
            },
            "rotation": {
                "_x": -6.482046615019499e-07,
                "_y": -2.902830055973027e-05,
                "_z": 2.419140855636215e-06
            }
        }
    ]
}