{
    "radius": 8.0,
    "height": 30.0,
    "furnitureUnits": [
        {
            "furnitureID": 372405,
            "position": {
                "x": -2.069999933242798,
                "y": 0.2800000011920929,
                "z": 2.5199999809265137
            },
            "rotation": {
                "y": 147.41624450683594
            }
        },
        {
            "furnitureID": 373308,
            "position": {
                "x": 2.288372278213501,
                "y": 0.31538599729537964,
                "z": 0.9873403310775757
            },
            "rotation": {
                "y": 332.989501953125
            }
        },
        {
            "furnitureID": 372301,
            "position": {
                "x": -0.3516278564929962,
                "y": 0.06438598036766052,
                "z": 0.2373403012752533
            }
        },
        {
            "furnitureID": 372405,
            "position": {
                "x": 1.5397905111312866,
                "y": 0.1899999976158142,
                "z": -2.448831558227539
            },
            "rotation": {
                "y": 175.03790283203125
            }
        }
    ]
}