{
    "radius": 5.0,
    "height": 5.0,
    "furnitureUnits": [
        {
            "furnitureID": 361305,
            "position": {
                "x": -2.296999931335449,
                "y": 0.0322265625,
                "z": 0.29899999499320984
            },
            "rotation": {
                "y": 29.99994659423828
            }
        },
        {
            "furnitureID": 362104,
            "position": {
                "x": 0.8029999732971191,
                "y": 0.06195068359375,
                "z": 2.1389999389648438
            },
            "rotation": {
                "y": 225.00025939941406
            }
        },
        {
            "furnitureID": 372401,
            "position": {
                "x": 1.6790000200271606,
                "y": 0.061553955078125,
                "z": 0.006000000052154064
            },
            "rotation": {
                "y": 89.99983215332031
            }
        },
        {
            "furnitureID": 361304,
            "position": {
                "x": -0.6330000162124634,
                "y": 0.1979999989271164,
                "z": -1.0
            }
        }
    ]
}