{
    "radius": 8.0,
    "height": 30.0,
    "furnitureUnits": [
        {
            "furnitureID": 371201,
            "position": {
                "x": -0.10000000149011612,
                "y": 0.092987060546875,
                "z": -2.0799999237060547
            },
            "rotation": {
                "y": 1.7075470850613783e-06
            }
        },
        {
            "furnitureID": 373310,
            "position": {
                "x": 3.0882568359375,
                "y": 0.14300537109375,
                "z": 0.802001953125
            },
            "rotation": {
                "x": -6.482054004663951e-07,
                "y": -5.122641596244648e-06,
                "z": 2.419140400888864e-06
            }
        },
        {
            "furnitureID": 373309,
            "position": {
                "x": -3.087249755859375,
                "y": 0.14300000667572021,
                "z": 0.72918701171875
            },
            "rotation": {
                "x": -6.482046615019499e-07,
                "y": -2.902830055973027e-05,
                "z": 2.419140855636215e-06
            }
        }
    ]
}