{
    "KIFPAPHCOAF": 8.0,
    "BJFNPGBKPHH": 30.0,
    "JCKHFAPPDIB": [
        {
            "LMADOMLAFJA": 372405,
            "GPFINMAPBAH": {
                "_x": -2.069999933242798,
                "_z": 2.5199999809265137
            },
            "NLNGDDKLBAH": {
                "_y": 147.41624450683594
            }
        },
        {
            "LMADOMLAFJA": 373308,
            "GPFINMAPBAH": {
                "_x": 2.288372278213501,
                "_z": 0.9873403310775757
            },
            "NLNGDDKLBAH": {
                "_y": 332.989501953125
            }
        },
        {
            "LMADOMLAFJA": 372301,
            "GPFINMAPBAH": {
                "_x": -0.3516278564929962,
                "_z": 0.2373403012752533
            }
        },
        {
            "LMADOMLAFJA": 372405,
            "GPFINMAPBAH": {
                "_x": 1.5397905111312866,
                "_z": -2.448831558227539
            },
            "NLNGDDKLBAH": {
                "_y": 175.03790283203125
            }
        }
    ]
}