{
    "radius": 8.0,
    "height": 30.0,
    "furnitureUnits": [
        {
            "furnitureID": 372405,
            "position": {
                "x": 3.25,
                "y": 0.10999999940395355,
                "z": 1.1299999952316284
            },
            "rotation": {
                "y": 77.03526306152344
            }
        },
        {
            "furnitureID": 372201,
            "position": {
                "x": -0.47999998927116394,
                "y": 0.10999999940395355,
                "z": 1.7999999523162842
            },
            "rotation": {
                "y": 77.18262481689453
            }
        },
        {
            "furnitureID": 372305,
            "position": {
                "x": -0.593658447265625,
                "y": 0.16998291015625,
                "z": -2.11639404296875
            },
            "rotation": {
                "y": 75.53629302978516
            }
        }
    ]
}