{
    "KIFPAPHCOAF": 8.0,
    "BJFNPGBKPHH": 30.0,
    "JCKHFAPPDIB": [
        {
            "LMADOMLAFJA": 372405,
            "GPFINMAPBAH": {
                "_x": 3.25,
                "_z": 1.1299999952316284
            },
            "NLNGDDKLBAH": {
                "_y": 77.03526306152344
            }
        },
        {
            "LMADOMLAFJA": 372201,
            "GPFINMAPBAH": {
                "_x": -0.47999998927116394,
                "_z": 1.7999999523162842
            },
            "NLNGDDKLBAH": {
                "_y": 77.18262481689453
            }
        },
        {
            "LMADOMLAFJA": 372305,
            "GPFINMAPBAH": {
                "_x": -0.593658447265625,
                "_z": -2.11639404296875
            },
            "NLNGDDKLBAH": {
                "_y": 75.53629302978516
            }
        }
    ]
}