{
    "BPLAKLDAHHD": 10.0,
    "secondHeight": 30.0,
    "furnitureUnits": [
        {
            "furnitureID": 372201,
            "position": {
                "_x": -2.0399999618530273,
                "_z": 3.3399999141693115
            },
            "rotation": {
                "_y": 259.2439270019531
            }
        },
        {
            "furnitureID": 372405,
            "position": {
                "_x": -2.0899999141693115,
                "_z": -1.6160000562667847
            },
            "rotation": {
                "_y": 78.02923583984375
            }
        },
        {
            "furnitureID": 372301,
            "position": {
                "_x": -0.31817626953125,
                "_z": -0.23748779296875
            }
        },
        {
            "furnitureID": 372405,
            "position": {
                "_x": 3.5428466796875,
                "_z": 0.156494140625
            },
            "rotation": {
                "_y": 318.2357482910156
            }
        }
    ]
}