{
    "KIFPAPHCOAF": 5.0,
    "BJFNPGBKPHH": 30.0,
    "JCKHFAPPDIB": [
        {
            "LMADOMLAFJA": 362106,
            "GPFINMAPBAH": {
                "_x": -1.1929999589920044,
                "_y": 0.421999990940094,
                "_z": 1.5110000371932983
            }
        },
        {
            "LMADOMLAFJA": 362303,
            "GPFINMAPBAH": {
                "_x": -1.0299999713897705,
                "_y": 0.3700000047683716,
                "_z": 1.9800000190734863
            }
        },
        {
            "LMADOMLAFJA": 362106,
            "GPFINMAPBAH": {
                "_x": -1.8350000381469727,
                "_y": 0.4219970703125,
                "_z": 1.496999979019165
            }
        },
        {
            "LMADOMLAFJA": 362106,
            "GPFINMAPBAH": {
                "_x": -0.42399999499320984,
                "_y": 0.4219970703125,
                "_z": 1.49700927734375
            }
        }
    ]
}