{
    "radius": 10.0,
    "height": 30.0,
    "furnitureUnits": [
        {
            "furnitureID": 372201,
            "position": {
                "x": -2.0399999618530273,
                "y": 0.23197925090789795,
                "z": 3.3399999141693115
            },
            "rotation": {
                "y": 259.2439270019531
            }
        },
        {
            "furnitureID": 372405,
            "position": {
                "x": -2.0899999141693115,
                "y": 0.2199999988079071,
                "z": -1.6160000562667847
            },
            "rotation": {
                "y": 78.02923583984375
            }
        },
        {
            "furnitureID": 372301,
            "position": {
                "x": -0.31817626953125,
                "y": 0.3769989013671875,
                "z": -0.23748779296875
            }
        },
        {
            "furnitureID": 372405,
            "position": {
                "x": 3.5428466796875,
                "y": 0.259979248046875,
                "z": 0.156494140625
            },
            "rotation": {
                "y": 318.2357482910156
            }
        }
    ]
}