{
    "radius": 8.0,
    "height": 30.0,
    "furnitureUnits": [
        {
            "furnitureID": 373113,
            "position": {
                "x": 1.3200000524520874,
                "y": 0.0628063976764679,
                "z": 3.1600000858306885
            },
            "rotation": {
                "y": 142.45425415039062
            }
        },
        {
            "furnitureID": 370504,
            "position": {
                "x": 0.07000000029802322,
                "y": 0.047119140625,
                "z": -0.6200000047683716
            },
            "rotation": {
                "y": 149.00302124023438
            }
        },
        {
            "furnitureID": 373114,
            "position": {
                "x": 2.7300000190734863,
                "y": 0.05999999865889549,
                "z": 1.8200000524520874
            },
            "rotation": {
                "y": 332.66619873046875
            }
        }
    ]
}