{
    "KIFPAPHCOAF": 5.0,
    "BJFNPGBKPHH": 5.0,
    "JCKHFAPPDIB": [
        {
            "LMADOMLAFJA": 361305,
            "GPFINMAPBAH": {
                "_x": -2.296999931335449,
                "_z": 0.29899999499320984
            },
            "NLNGDDKLBAH": {
                "_y": 29.99994659423828
            }
        },
        {
            "LMADOMLAFJA": 362104,
            "GPFINMAPBAH": {
                "_x": 0.8029999732971191,
                "_z": 2.1389999389648438
            },
            "NLNGDDKLBAH": {
                "_y": 225.00025939941406
            }
        },
        {
            "LMADOMLAFJA": 372401,
            "GPFINMAPBAH": {
                "_x": 1.6790000200271606,
                "_z": 0.006000000052154064
            },
            "NLNGDDKLBAH": {
                "_y": 89.99983215332031
            }
        },
        {
            "LMADOMLAFJA": 361304,
            "GPFINMAPBAH": {
                "_x": -0.6330000162124634,
                "_z": -1.0
            }
        }
    ]
}