{
    "BPLAKLDAHHD": 8.0,
    "secondHeight": 30.0,
    "furnitureUnits": [
        {
            "furnitureID": 372405,
            "position": {
                "_x": -2.069999933242798,
                "_z": 2.5199999809265137
            },
            "rotation": {
                "_y": 147.41624450683594
            }
        },
        {
            "furnitureID": 373308,
            "position": {
                "_x": 2.288372278213501,
                "_z": 0.9873403310775757
            },
            "rotation": {
                "_y": 332.989501953125
            }
        },
        {
            "furnitureID": 372301,
            "position": {
                "_x": -0.3516278564929962,
                "_z": 0.2373403012752533
            }
        },
        {
            "furnitureID": 372405,
            "position": {
                "_x": 1.5397905111312866,
                "_z": -2.448831558227539
            },
            "rotation": {
                "_y": 175.03790283203125
            }
        }
    ]
}