{
    "radius": 5.0,
    "height": 30.0,
    "furnitureUnits": [
        {
            "furnitureID": 362106,
            "position": {
                "x": -1.1929999589920044,
                "y": 0.421999990940094,
                "z": 1.5110000371932983
            }
        },
        {
            "furnitureID": 362303,
            "position": {
                "x": -1.0299999713897705,
                "y": 0.3700000047683716,
                "z": 1.9800000190734863
            }
        },
        {
            "furnitureID": 362106,
            "position": {
                "x": -1.8350000381469727,
                "y": 0.4219970703125,
                "z": 1.496999979019165
            }
        },
        {
            "furnitureID": 362106,
            "position": {
                "x": -0.42399999499320984,
                "y": 0.4219970703125,
                "z": 1.49700927734375
            }
        }
    ]
}