{
    "radius": 5.0,
    "height": 30.0,
    "furnitureUnits": [
        {
            "furnitureID": 373303,
            "position": {
                "x": 0.7120000123977661,
                "z": -1.9079999923706055
            },
            "rotation": {
                "y": 133.38922119140625
            }
        },
        {
            "furnitureID": 373302,
            "position": {
                "x": -1.1979999542236328,
                "z": 0.9440000057220459
            },
            "rotation": {
                "x": -3.975056301896984e-07,
                "y": 99.13247680664062,
                "z": 2.472731466696132e-06
            }
        },
        {
            "furnitureID": 373301,
            "position": {
                "x": -0.9309999942779541,
                "z": -1.4550000429153442
            },
            "rotation": {
                "x": 6.602694611501647e-06,
                "y": 44.98188018798828,
                "z": 6.598519121325808e-06
            }
        },
        {
            "furnitureID": 373302,
            "position": {
                "x": 0.4909999966621399,
                "z": 2.255000114440918
            },
            "rotation": {
                "x": -2.4758928702794947e-06,
                "y": 188.66502380371094,
                "z": -3.7731842894572765e-07
            }
        }
    ]
}