{
    "BPLAKLDAHHD": 8.0,
    "secondHeight": 30.0,
    "furnitureUnits": [
        {
            "furnitureID": 372405,
            "position": {
                "_x": 3.25,
                "_z": 1.1299999952316284
            },
            "rotation": {
                "_y": 77.03526306152344
            }
        },
        {
            "furnitureID": 372201,
            "position": {
                "_x": -0.47999998927116394,
                "_z": 1.7999999523162842
            },
            "rotation": {
                "_y": 77.18262481689453
            }
        },
        {
            "furnitureID": 372305,
            "position": {
                "_x": -0.593658447265625,
                "_z": -2.11639404296875
            },
            "rotation": {
                "_y": 75.53629302978516
            }
        }
    ]
}