{
    "KIFPAPHCOAF": 5.0,
    "BJFNPGBKPHH": 5.0,
    "JCKHFAPPDIB": [
        {
            "LMADOMLAFJA": 361305,
            "GPFINMAPBAH": {
                "_x": -1.7799999713897705,
                "_z": 0.15299999713897705
            }
        },
        {
            "LMADOMLAFJA": 361103,
            "GPFINMAPBAH": {
                "_x": -0.33498290181159973,
                "_z": -1.4423096179962158
            }
        },
        {
            "LMADOMLAFJA": 361102,
            "GPFINMAPBAH": {
                "_x": 1.6699999570846558,
                "_z": 0.05999999865889549
            },
            "NLNGDDKLBAH": {
                "_y": 270.00018310546875
            }
        }
    ]
}