{
    "GEFGGGFIPNP": 1011,
    "MCLCJCHONAE": [
        {
            "id": 1,
            "configId": 20024,
            "pos": {
                "x": -175.6925048828125,
                "y": 0.7999999523162842,
                "z": -159.484619140625
            },
            "groupId": 201011056,
            "suiteIdList": [
                1
            ]
        }
    ]
}