{
    "GEFGGGFIPNP": 20016,
    "MCLCJCHONAE": [
        {
            "id": 1,
            "configId": 1234,
            "pos": {
                "x": 358.9453125,
                "y": -16.893369674682617,
                "z": 340.6669006347656
            },
            "groupId": 220016901,
            "suiteIdList": [
                1
            ]
        }
    ]
}