{
    "GEFGGGFIPNP": 1018,
    "MCLCJCHONAE": [
        {
            "id": 1,
            "configId": 1513,
            "roomId": 1,
            "pos": {
                "x": 4.738855838775635,
                "y": 0.006737828254699707,
                "z": -11.114105224609375
            },
            "rot": {
                "y": 270.0
            },
            "groupId": 201018901,
            "suiteIdList": [
                1
            ]
        },
        {
            "id": 2,
            "configId": 1514,
            "roomId": 1,
            "pos": {
                "x": 7.100053310394287,
                "y": 1.0358737707138062,
                "z": -5.451262474060059
            },
            "rot": {
                "y": 270.0
            },
            "groupId": 201018901,
            "suiteIdList": [
                1
            ]
        }
    ]
}