{
    "GEFGGGFIPNP": 20000,
    "MCLCJCHONAE": [
        {
            "id": 1,
            "configId": 20005,
            "pos": {
                "x": 101.4218521118164,
                "y": 0.5399999618530273,
                "z": 322.0916748046875
            },
            "rot": {
                "y": 201.53123474121094
            },
            "groupId": 220000066,
            "suiteIdList": [
                1
            ]
        }
    ]
}