{
    "GEFGGGFIPNP": 20023,
    "MCLCJCHONAE": [
        {
            "id": 1,
            "configId": 10209,
            "pos": {
                "x": 232.5695037841797,
                "y": 26.888450622558594,
                "z": 53.93220901489258
            },
            "rot": {
                "y": 185.16290283203125
            },
            "groupId": 220023016,
            "suiteIdList": [
                1
            ]
        }
    ]
}