{
    "BJIMKJGFFJK": {
        "NONE": {
            "IEJJKMICEGH": {
                "y": -0.3499999940395355,
                "z": 3.5
            },
            "DPAEOADCEML": {
                "y": -0.3499999940395355
            },
            "LHFEPIJNLII": 35.0
        },
        "AVATAR_MALE": {
            "IEJJKMICEGH": {
                "y": -0.42500001192092896,
                "z": 3.0
            },
            "DPAEOADCEML": {
                "y": -0.42500001192092896
            },
            "LHFEPIJNLII": 20.0
        },
        "AVATAR_LADY": {
            "IEJJKMICEGH": {
                "y": -0.4000000059604645,
                "z": 3.0
            },
            "DPAEOADCEML": {
                "y": -0.4000000059604645
            },
            "LHFEPIJNLII": 20.0
        },
        "AVATAR_BOY": {
            "IEJJKMICEGH": {
                "y": -0.38999998569488525,
                "z": 3.200000047683716
            },
            "DPAEOADCEML": {
                "y": -0.38999998569488525
            },
            "LHFEPIJNLII": 20.0
        },
        "AVATAR_GIRL": {
            "IEJJKMICEGH": {
                "y": -0.3799999952316284,
                "z": 3.0
            },
            "DPAEOADCEML": {
                "y": -0.3799999952316284
            },
            "LHFEPIJNLII": 20.0
        },
        "AVATAR_LOLI": {
            "IEJJKMICEGH": {
                "z": 3.5
            },
            "DPAEOADCEML": {
                "y": -0.25
            },
            "LHFEPIJNLII": 20.0
        },
        "AVATAR_PAIMON": {
            "IEJJKMICEGH": {
                "z": 3.0
            },
            "DPAEOADCEML": {
                "y": -0.20000000298023224
            },
            "LHFEPIJNLII": 20.0
        },
        "NPC_MALE": {
            "IEJJKMICEGH": {
                "y": -0.42500001192092896,
                "z": 3.0
            },
            "DPAEOADCEML": {
                "y": -0.42500001192092896
            },
            "LHFEPIJNLII": 20.0
        },
        "NPC_FEMALE": {
            "IEJJKMICEGH": {
                "y": -0.4000000059604645,
                "z": 3.0
            },
            "DPAEOADCEML": {
                "y": -0.4000000059604645
            },
            "LHFEPIJNLII": 20.0
        },
        "NPC_MUSCLEMAN": {
            "IEJJKMICEGH": {
                "y": -0.44999998807907104,
                "z": 3.0
            },
            "DPAEOADCEML": {
                "y": -0.44999998807907104
            },
            "LHFEPIJNLII": 20.0
        },
        "NPC_ELDER": {
            "IEJJKMICEGH": {
                "y": -0.15000000596046448,
                "z": 3.0
            },
            "DPAEOADCEML": {
                "y": -0.3499999940395355
            },
            "LHFEPIJNLII": 20.0
        },
        "NPC_CHILD": {
            "IEJJKMICEGH": {
                "z": 3.200000047683716
            },
            "DPAEOADCEML": {
                "y": -0.25
            },
            "LHFEPIJNLII": 20.0
        },
        "Barbara": {
            "IEJJKMICEGH": {
                "y": -0.4000000059604645,
                "z": 3.0
            },
            "DPAEOADCEML": {
                "y": -0.4000000059604645
            },
            "LHFEPIJNLII": 20.0
        },
        "Bennett": {
            "IEJJKMICEGH": {
                "y": -0.36000001430511475,
                "z": 3.0
            },
            "DPAEOADCEML": {
                "y": -0.36000001430511475
            },
            "LHFEPIJNLII": 20.0
        },
        "Chongyun": {
            "IEJJKMICEGH": {
                "y": -0.3799999952316284,
                "z": 3.0
            },
            "DPAEOADCEML": {
                "y": -0.3799999952316284
            },
            "LHFEPIJNLII": 20.0
        },
        "Noel": {
            "IEJJKMICEGH": {
                "y": -0.38999998569488525,
                "z": 3.0
            },
            "DPAEOADCEML": {
                "y": -0.38999998569488525
            },
            "LHFEPIJNLII": 20.0
        },
        "Diona": {
            "IEJJKMICEGH": {
                "z": 3.5
            },
            "DPAEOADCEML": {
                "y": -0.33000001311302185
            },
            "LHFEPIJNLII": 20.0
        },
        "Sayu": {
            "IEJJKMICEGH": {
                "z": 3.5
            },
            "DPAEOADCEML": {
                "y": -0.33000001311302185
            },
            "LHFEPIJNLII": 20.0
        },
        "Tohma": {
            "IEJJKMICEGH": {
                "y": -0.4000000059604645,
                "z": 3.0
            },
            "DPAEOADCEML": {
                "y": -0.4000000059604645
            },
            "LHFEPIJNLII": 20.0
        },
        "Beidou": {
            "IEJJKMICEGH": {
                "y": -0.4000000059604645,
                "z": 3.0
            },
            "DPAEOADCEML": {
                "y": -0.4000000059604645
            },
            "LHFEPIJNLII": 20.0
        },
        "Gorou": {
            "IEJJKMICEGH": {
                "z": 3.5
            },
            "DPAEOADCEML": {
                "y": -0.33000001311302185
            },
            "LHFEPIJNLII": 20.0
        },
        "Ningguang": {
            "IEJJKMICEGH": {
                "y": -0.5,
                "z": 3.0
            },
            "DPAEOADCEML": {
                "y": -0.44999998807907104
            },
            "LHFEPIJNLII": 20.0
        }
    },
    "GJFPLABMNGO": {
        "MinDistance": [
            {
                "LMNIJCPFHPA": "MIN_DISTANCE"
            }
        ]
    },
    "ODPNLENMFPN": 0.7289999723434448
}