{
    "OKJIDAEFIOD": {
        "1": {
            "$type": "NIPJPDIBHHL",
            "ILIFEDBAGLB": 70120004,
            "ECLBMPMBMLE": {
                "_x": 348.0429992675781,
                "_y": 200.1083984375,
                "_z": 725.4699096679688
            },
            "FANCKABFCPH": {
                "_y": 271.6347961425781
            },
            "GKOBOKNGMNE": {
                "_x": 348.0429992675781,
                "_y": 200.1083984375,
                "_z": 725.4699096679688
            },
            "OGLCIHHLECO": "",
            "EIHBECKFELM": "",
            "NBPLDPOGDAA": "",
            "KDKNEEKBHOC": {
                "_x": 5.0,
                "_y": 5.0,
                "_z": 5.0
            }
        },
        "10": {
            "$type": "JMLCJLEOKLI",
            "ILIFEDBAGLB": 70010006,
            "ECLBMPMBMLE": {
                "_x": 319.0877990722656,
                "_y": 200.02560424804688,
                "_z": 723.9426879882812
            },
            "FANCKABFCPH": {
                "_y": 88.05889892578125
            },
            "GKOBOKNGMNE": {
                "_x": 319.0877990722656,
                "_y": 200.02560424804688,
                "_z": 723.9426879882812
            },
            "CPDMGEEENAG": {
                "_y": 88.05889892578125
            },
            "OGLCIHHLECO": "",
            "EIHBECKFELM": "",
            "NBPLDPOGDAA": "",
            "KDKNEEKBHOC": {
                "_x": 20.0,
                "_y": 20.0,
                "_z": 20.0
            }
        },
        "11": {
            "$type": "MFHOPOBHMHB",
            "ILIFEDBAGLB": 70010006,
            "ECLBMPMBMLE": {
                "_x": -456.4363098144531,
                "_y": -1.9317229986190796,
                "_z": -76.12798309326172
            },
            "GKOBOKNGMNE": {
                "_x": -456.4363098144531,
                "_y": -1.9317229986190796,
                "_z": -76.12798309326172
            },
            "OGLCIHHLECO": "",
            "EIHBECKFELM": "",
            "NBPLDPOGDAA": "",
            "KDKNEEKBHOC": {
                "_x": 30.0,
                "_y": 30.0,
                "_z": 30.0
            }
        },
        "2": {
            "$type": "MFHOPOBHMHB",
            "ILIFEDBAGLB": 70010006,
            "ECLBMPMBMLE": {
                "_x": 302.8392028808594,
                "_y": 205.43170166015625,
                "_z": 721.4157104492188
            },
            "FANCKABFCPH": {
                "_y": 88.05889892578125
            },
            "GKOBOKNGMNE": {
                "_x": 302.8392028808594,
                "_y": 205.43170166015625,
                "_z": 721.4157104492188
            },
            "CPDMGEEENAG": {
                "_y": 88.05889892578125
            },
            "OGLCIHHLECO": "",
            "EIHBECKFELM": "",
            "NBPLDPOGDAA": "",
            "KDKNEEKBHOC": {
                "_x": 10.0,
                "_y": 10.0,
                "_z": 10.0
            }
        },
        "3": {
            "$type": "MFHOPOBHMHB",
            "ILIFEDBAGLB": 70010006,
            "ECLBMPMBMLE": {
                "_x": 302.0820007324219,
                "_y": 205.31829833984375,
                "_z": 491.7983093261719
            },
            "FANCKABFCPH": {
                "_y": 88.05889892578125
            },
            "GKOBOKNGMNE": {
                "_x": 302.0820007324219,
                "_y": 205.43170166015625,
                "_z": 491.7983093261719
            },
            "CPDMGEEENAG": {
                "_y": 88.05889892578125
            },
            "OGLCIHHLECO": "",
            "EIHBECKFELM": "",
            "NBPLDPOGDAA": "",
            "KDKNEEKBHOC": {
                "_x": 10.0,
                "_y": 10.0,
                "_z": 10.0
            }
        },
        "4": {
            "$type": "MFHOPOBHMHB",
            "ILIFEDBAGLB": 70010006,
            "ECLBMPMBMLE": {
                "_x": 303.0255126953125,
                "_y": 205.48089599609375,
                "_z": 269.9559020996094
            },
            "FANCKABFCPH": {
                "_y": 88.05889892578125
            },
            "GKOBOKNGMNE": {
                "_x": 303.0255126953125,
                "_y": 205.48089599609375,
                "_z": 269.9559020996094
            },
            "CPDMGEEENAG": {
                "_y": 88.05889892578125
            },
            "OGLCIHHLECO": "",
            "EIHBECKFELM": "",
            "NBPLDPOGDAA": "",
            "KDKNEEKBHOC": {
                "_x": 10.0,
                "_y": 10.0,
                "_z": 10.0
            }
        },
        "5": {
            "$type": "MFHOPOBHMHB",
            "ILIFEDBAGLB": 70010006,
            "ECLBMPMBMLE": {
                "_x": -382.7565002441406,
                "_y": 200.01220703125,
                "_z": 13.963589668273926
            },
            "FANCKABFCPH": {
                "_y": 88.05889892578125
            },
            "GKOBOKNGMNE": {
                "_x": -382.7565002441406,
                "_y": 200.01220703125,
                "_z": 13.963589668273926
            },
            "CPDMGEEENAG": {
                "_y": 88.05889892578125
            },
            "OGLCIHHLECO": "",
            "EIHBECKFELM": "",
            "NBPLDPOGDAA": "",
            "KDKNEEKBHOC": {
                "_x": 10.0,
                "_y": 10.0,
                "_z": 10.0
            }
        },
        "8": {
            "$type": "JMLCJLEOKLI",
            "ILIFEDBAGLB": 70010006,
            "ECLBMPMBMLE": {
                "_x": 321.35760498046875,
                "_y": 200.11309814453125,
                "_z": 273.9580078125
            },
            "FANCKABFCPH": {
                "_y": 88.05889892578125
            },
            "GKOBOKNGMNE": {
                "_x": 321.35760498046875,
                "_y": 200.11309814453125,
                "_z": 273.9580078125
            },
            "CPDMGEEENAG": {
                "_y": 88.05889892578125
            },
            "OGLCIHHLECO": "",
            "EIHBECKFELM": "",
            "NBPLDPOGDAA": "",
            "KDKNEEKBHOC": {
                "_x": 20.0,
                "_y": 20.0,
                "_z": 20.0
            }
        },
        "9": {
            "$type": "JMLCJLEOKLI",
            "ILIFEDBAGLB": 70010006,
            "ECLBMPMBMLE": {
                "_x": 323.8299865722656,
                "_y": 200.07769775390625,
                "_z": 70.41645050048828
            },
            "FANCKABFCPH": {
                "_y": 88.05889892578125
            },
            "GKOBOKNGMNE": {
                "_x": 323.8299865722656,
                "_y": 200.07769775390625,
                "_z": 70.41645050048828
            },
            "CPDMGEEENAG": {
                "_y": 88.05889892578125
            },
            "OGLCIHHLECO": "",
            "EIHBECKFELM": "",
            "NBPLDPOGDAA": "",
            "KDKNEEKBHOC": {
                "_x": 20.0,
                "_y": 20.0,
                "_z": 20.0
            }
        }
    },
    "LHHAHFPKBCM": {
        "1": {
            "$type": "AMEIDNAJKIJ",
            "ILIFEDBAGLB": 70010006,
            "ECLBMPMBMLE": {
                "_x": -458.9888000488281,
                "_y": -1.9212180376052856,
                "_z": -159.76319885253906
            },
            "GKOBOKNGMNE": {
                "_x": -458.98883056640625,
                "_y": -1.9212175607681274,
                "_z": 49.004493713378906
            },
            "NBLDNHLJLIN": true,
            "OGLCIHHLECO": "",
            "EIHBECKFELM": "",
            "NBPLDPOGDAA": "",