{
    "OKJIDAEFIOD": {
        "1": {
            "$type": "NIPJPDIBHHL",
            "ILIFEDBAGLB": 70120004,
            "ECLBMPMBMLE": {
                "_x": -36.885990142822266,
                "_y": -3.4712419509887695,
                "_z": -50.220890045166016
            },
            "GKOBOKNGMNE": {
                "_x": -36.885990142822266,
                "_y": -3.4712419509887695,
                "_z": -50.220890045166016
            },
            "OGLCIHHLECO": "",
            "EIHBECKFELM": "",
            "NBPLDPOGDAA": ""
        },
        "10": {
            "$type": "JMLCJLEOKLI",
            "ILIFEDBAGLB": 70010006,
            "ECLBMPMBMLE": {
                "_x": 120.806396484375,
                "_y": 85.76946258544922,
                "_z": 750.475830078125
            },
            "FANCKABFCPH": {
                "_y": 308.2892150878906
            },
            "GKOBOKNGMNE": {
                "_x": 120.806396484375,
                "_y": 85.76946258544922,
                "_z": 750.475830078125
            },
            "CPDMGEEENAG": {
                "_y": 308.2892150878906
            },
            "OGLCIHHLECO": "",
            "EIHBECKFELM": "",
            "NBPLDPOGDAA": "",
            "KDKNEEKBHOC": {
                "_x": 8.0,
                "_y": 15.0,
                "_z": 8.0
            }
        },
        "11": {
            "$type": "MFHOPOBHMHB",
            "ILIFEDBAGLB": 70010006,
            "ECLBMPMBMLE": {
                "_x": 120.806396484375,
                "_y": 85.76946258544922,
                "_z": 750.475830078125
            },
            "FANCKABFCPH": {
                "_y": 308.2892150878906
            },
            "GKOBOKNGMNE": {
                "_x": 120.806396484375,
                "_y": 85.76946258544922,
                "_z": 750.475830078125
            },
            "CPDMGEEENAG": {
                "_y": 308.2892150878906
            },
            "OGLCIHHLECO": "",
            "EIHBECKFELM": "",
            "NBPLDPOGDAA": "",
            "KDKNEEKBHOC": {
                "_x": 8.0,
                "_y": 15.0,
                "_z": 8.0
            }
        },
        "12": {
            "$type": "JMLCJLEOKLI",
            "ILIFEDBAGLB": 70010006,
            "ECLBMPMBMLE": {
                "_x": 71.939208984375,
                "_y": 107.04879760742188,
                "_z": 921.1688842773438
            },
            "FANCKABFCPH": {
                "_y": 14.098600387573242
            },
            "GKOBOKNGMNE": {
                "_x": 71.939208984375,
                "_y": 107.04879760742188,
                "_z": 921.1688842773438
            },
            "CPDMGEEENAG": {
                "_y": 14.098560333251953
            },
            "OGLCIHHLECO": "",
            "EIHBECKFELM": "",
            "NBPLDPOGDAA": "",
            "KDKNEEKBHOC": {
                "_x": 8.0,
                "_y": 15.0,
                "_z": 8.0
            }
        },
        "13": {
            "$type": "MFHOPOBHMHB",
            "ILIFEDBAGLB": 70010006,
            "ECLBMPMBMLE": {
                "_x": 71.939208984375,
                "_y": 107.04879760742188,
                "_z": 921.1688842773438
            },
            "FANCKABFCPH": {
                "_y": 14.098600387573242
            },
            "GKOBOKNGMNE": {
                "_x": 71.939208984375,
                "_y": 107.04879760742188,
                "_z": 921.1688842773438
            },
            "CPDMGEEENAG": {
                "_y": 14.098560333251953
            },
            "OGLCIHHLECO": "",
            "EIHBECKFELM": "",
            "NBPLDPOGDAA": "",
            "KDKNEEKBHOC": {
                "_x": 8.0,
                "_y": 15.0,
                "_z": 8.0
            }
        },
        "3": {
            "$type": "JMLCJLEOKLI",
            "ILIFEDBAGLB": 70010006,
            "ECLBMPMBMLE": {
                "_x": 41.555538177490234,
                "_y": 70.88739776611328,
                "_z": 465.7925109863281
            },
            "GKOBOKNGMNE": {
                "_x": 41.555538177490234,
                "_y": 70.88739776611328,
                "_z": 465.7925109863281
            },
            "OGLCIHHLECO": "",
            "EIHBECKFELM": "",
            "NBPLDPOGDAA": "",
            "KDKNEEKBHOC": {
                "_x": 30.0,
                "_y": 15.0,
                "_z": 30.0
            }
        },
        "5": {
            "$type": "MFHOPOBHMHB",
            "ILIFEDBAGLB": 70010006,
            "ECLBMPMBMLE": {
                "_x": -0.24105750024318695,
                "_y": 35.90631103515625,
                "_z": 224.2729034423828
            },
            "GKOBOKNGMNE": {
                "_x": -0.24105750024318695,
                "_y": 35.90631103515625,
                "_z": 224.2729034423828
            },
            "OGLCIHHLECO": "",
            "EIHBECKFELM": "",
            "NBPLDPOGDAA": "",
            "KDKNEEKBHOC": {
                "_x": 30.0,
                "_y": 15.0,
                "_z": 30.0
            }
        },
        "6": {
            "$type": "JMLCJLEOKLI",
            "ILIFEDBAGLB": 70010006,
            "ECLBMPMBMLE": {
                "_x": -0.24105750024318695,
                "_y": 35.90631103515625,
                "_z": 224.2729034423828
            },
            "GKOBOKNGMNE": {
                "_x": -0.24105750024318695,
                "_y": 35.90631103515625,
                "_z": 224.2729034423828
            },
            "OGLCIHHLECO": "",
            "EIHBECKFELM": "",
            "NBPLDPOGDAA": "",
            "KDKNEEKBHOC": {
                "_x": 30.0,
                "_y": 15.0,
                "_z": 30.0
            }
        },
        "7": {
            "$type": "MFHOPOBHMHB",
            "ILIFEDBAGLB": 70010006,
            "ECLBMPMBMLE": {
                "_x": 41.555538177490234,
                "_y": 70.88739776611328,
                "_z": 465.7925109863281
            },
            "GKOBOKNGMNE": {
                "_x": 41.555538177490234,
                "_y": 70.88739776611328,
                "_z": 465.7925109863281
            },
            "OGLCIHHLECO": "",
            "EIHBECKFELM": "",
            "NBPLDPOGDAA": "",
            "KDKNEEKBHOC": {
                "_x": 30.0,
                "_y": 15.0,
                "_z": 30.0
            }
        },
        "8": {
            "$type": "JMLCJLEOKLI",
            "ILIFEDBAGLB": 70010006,
            "ECLBMPMBMLE": {
                "_x": 46.72740936279297,
                "_y": 85.60855865478516,
                "_z": 599.1566162109375
            },
            "GKOBOKNGMNE": {
                "_x": 46.72740936279297,
                "_y": 85.60855865478516,
                "_z": 599.1566162109375
            },
            "OGLCIHHLECO": "",
            "EIHBECKFELM": "",
            "NBPLDPOGDAA": "",
            "KDKNEEKBHOC": {
                "_x": 30.0,
                "_y": 15.0,
                "_z": 15.0
            }
        },
        "9": {
            "$type": "MFHOPOBHMHB",
            "ILIFEDBAGLB": 70010006,
            "ECLBMPMBMLE": {
                "_x": 46.72740936279297,
                "_y": 85.60855865478516,
                "_z": 599.1566162109375
            },
            "GKOBOKNGMNE": {
                "_x": 46.72740936279297,
                "_y": 85.60855865478516,
                "_z": 599.1566162109375
            },
            "OGLCIHHLECO": "",
            "EIHBECKFELM": "",
            "NBPLDPOGDAA": "",
            "KDKNEEKBHOC": {
                "_x": 30.0,
                "_y": 15.0,
                "_z": 15.0
            }
        }
    },
    "LHHAHFPKBCM": {
        "1": {
            "$type": "AMEIDNAJKIJ",
            "ILIFEDBAGLB": 70010006,
            "ECLBMPMBMLE": {
                "_x": 51.57278823852539,
                "_y": 12.739640235900879,