{
    "NAFEKMENODO": {
        "1": {
            "$type": "EEALIHOHGHO",
            "gadgetId": 70120004,
            "pos": {
                "x": 31.063249588012695,
                "y": 83.33673858642578,
                "z": 651.8707885742188
            },
            "tranPos": {
                "x": -36.885990142822266,
                "y": -3.4712419509887695,
                "z": -50.220890045166016
            },
            "alias": "",
            "FOGDFAPNFKB": "",
            "FMDFPCLHCKJ": ""
        },
        "2": {
            "$type": "KKIIGADKBKE",
            "gadgetId": 70010006,
            "pos": {
                "x": 119.11109924316406,
                "y": 85.6214828491211,
                "z": 750.8167724609375
            },
            "rot": {
                "y": 318.09429931640625
            },
            "tranPos": {
                "x": 119.11112213134766,
                "y": 85.62147521972656,
                "z": 750.8167724609375
            },
            "tranRot": {
                "y": 318.09429931640625
            },
            "alias": "",
            "FOGDFAPNFKB": "",
            "FMDFPCLHCKJ": "",
            "size": {
                "x": 10.0,
                "y": 10.0,
                "z": 10.0
            }
        },
        "3": {
            "$type": "HGLFPLHHAEO",
            "gadgetId": 70010006,
            "pos": {
                "x": 119.11109924316406,
                "y": 85.6214828491211,
                "z": 750.8167724609375
            },
            "rot": {
                "y": 318.09429931640625
            },
            "tranPos": {
                "x": 121.43667602539062,
                "y": 85.62147521972656,
                "z": 750.0606689453125
            },
            "tranRot": {
                "y": 298.680908203125
            },
            "alias": "",
            "FOGDFAPNFKB": "",
            "FMDFPCLHCKJ": "",
            "size": {
                "x": 10.0,
                "y": 10.0,
                "z": 10.0
            }
        },
        "4": {
            "$type": "KKIIGADKBKE",
            "gadgetId": 70010006,
            "pos": {
                "x": 74.64005279541016,
                "y": 106.20259857177734,
                "z": 868.9555053710938
            },
            "rot": {
                "y": 354.902587890625
            },
            "tranPos": {
                "x": 74.64005279541016,
                "y": 106.20259857177734,
                "z": 868.9555053710938
            },
            "tranRot": {
                "y": 354.902587890625
            },
            "alias": "",
            "FOGDFAPNFKB": "",
            "FMDFPCLHCKJ": "",
            "size": {
                "x": 50.0,
                "y": 50.0,
                "z": 10.0
            }
        },
        "5": {
            "$type": "HGLFPLHHAEO",
            "gadgetId": 70010006,
            "pos": {
                "x": 74.64005279541016,
                "y": 106.20259857177734,
                "z": 868.9555053710938
            },
            "rot": {
                "y": 354.902587890625
            },
            "tranPos": {
                "x": 74.64005279541016,
                "y": 106.20259857177734,
                "z": 868.9555053710938
            },
            "tranRot": {
                "y": 354.902587890625
            },
            "alias": "",
            "FOGDFAPNFKB": "",
            "FMDFPCLHCKJ": "",
            "size": {
                "x": 50.0,
                "y": 50.0,
                "z": 10.0
            }
        }
    },
    "entities": {
        "1": {
            "$type": "CIJDAELJICH",
            "gadgetId": 70010006,
            "pos": {
                "x": 126.65869903564453,
                "y": 32.65591049194336,
                "z": 586.5645751953125
            },
            "tranPos": {
                "x": 126.65873718261719,
                "y": 85.4000015258789,
                "z": 696.4221801757812
            },
            "unlocked": true,
            "alias": "",
            "FOGDFAPNFKB": "",
            "FMDFPCLHCKJ": "",
            "LHPMFDKAFLB": 1000.0,
            "triggerFlag": "DeadRegion",
            "shape": {
                "$type": "KLMBGIDHBDA",
                "MNJJPFENMPD": true,
                "height": 30.0,
                "width": 700.0,
                "length": 700.0
            },
            "KFMDCCEEGGJ": ""
        },
        "2": {
            "$type": "CIJDAELJICH",
            "gadgetId": 70010006,
            "pos": {
                "x": 126.65869903564453,
                "y": 32.65591049194336,
                "z": 548.8552856445312
            },
            "tranPos": {
                "x": 126.65873718261719,
                "y": 85.4000015258789,
                "z": 696.4221801757812
            },
            "unlocked": true,
            "alias": "",
            "FOGDFAPNFKB": "",
            "FMDFPCLHCKJ": "",
            "LHPMFDKAFLB": 1000.0,
            "triggerFlag": "DeadRegion",
            "shape": {
                "$type": "KLMBGIDHBDA",
                "MNJJPFENMPD": true,
                "height": 300.0,
                "width": 700.0,
                "length": 50.0
            },
            "KFMDCCEEGGJ": ""
        },
        "3": {
            "$type": "CIJDAELJICH",
            "gadgetId": 70010006,
            "pos": {
                "x": -57.02857971191406,
                "y": 32.65591049194336,
                "z": 543.5250854492188
            },
            "tranPos": {
                "x": 126.65873718261719,
                "y": 85.4000015258789,
                "z": 696.4221801757812
            },
            "unlocked": true,
            "alias": "",
            "FOGDFAPNFKB": "",
            "FMDFPCLHCKJ": "",
            "LHPMFDKAFLB": 1000.0,
            "triggerFlag": "DeadRegion",
            "shape": {
                "$type": "KLMBGIDHBDA",
                "MNJJPFENMPD": true,
                "height": 300.0,
                "width": 50.0,
                "length": 500.0
            },
            "KFMDCCEEGGJ": ""
        },
        "4": {
            "$type": "CIJDAELJICH",
            "gadgetId": 70010006,
            "pos": {
                "x": 126.65869903564453,
                "y": 32.65591049194336,
                "z": 956.1389770507812
            },
            "tranPos": {
                "x": 126.65873718261719,
                "y": 85.4000015258789,
                "z": 696.4221801757812
            },
            "unlocked": true,
            "alias": "",
            "FOGDFAPNFKB": "",
            "FMDFPCLHCKJ": "",
            "LHPMFDKAFLB": 1000.0,
            "triggerFlag": "DeadRegion",
            "shape": {
                "$type": "KLMBGIDHBDA",
                "MNJJPFENMPD": true,
                "height": 300.0,
                "JELJIJGLKLO": "Center",
                "width": 700.0,
                "length": 50.0
            },
            "KFMDCCEEGGJ": ""
        },
        "5": {
            "$type": "CIJDAELJICH",
            "gadgetId": 70010006,
            "pos": {
                "x": 245.5323944091797,
                "y": 32.65591049194336,
                "z": 543.5872802734375
            },
            "tranPos": {
                "x": 126.65873718261719,
                "y": 85.4000015258789,
                "z": 696.4221801757812
            },
            "unlocked": true,
            "alias": "",
            "FOGDFAPNFKB": "",
            "FMDFPCLHCKJ": "",
            "LHPMFDKAFLB": 1000.0,
            "triggerFlag": "DeadRegion",
            "shape": {
                "$type": "KLMBGIDHBDA",
                "MNJJPFENMPD": true,
                "height": 300.0,
                "width": 50.0,
                "length": 500.0
            },
            "KFMDCCEEGGJ": ""
        },
        "6": {
            "$type": "CIJDAELJICH",
            "gadgetId": 70010006,