{
    "OKJIDAEFIOD": {
        "1": {
            "$type": "NIPJPDIBHHL",
            "ILIFEDBAGLB": 70120004,
            "ECLBMPMBMLE": {
                "_x": 386.3432922363281,
                "_z": 485.8216857910156
            },
            "GKOBOKNGMNE": {
                "_x": -12.762228965759277,
                "_y": 2.299999952316284,
                "_z": 61.640995025634766
            },
            "OGLCIHHLECO": "",
            "EIHBECKFELM": "",
            "NBPLDPOGDAA": "",
            "KDKNEEKBHOC": {
                "_x": 5.0,
                "_y": 5.0,
                "_z": 5.0
            }
        },
        "2": {
            "$type": "JMLCJLEOKLI",
            "ILIFEDBAGLB": 70010006,
            "ECLBMPMBMLE": {
                "_x": 460.7903137207031,
                "_y": 24.880979537963867,
                "_z": 487.4862976074219
            },
            "FANCKABFCPH": {
                "_y": 270.0
            },
            "GKOBOKNGMNE": {
                "_x": 460.7903137207031,
                "_y": 24.880979537963867,
                "_z": 487.4862976074219
            },
            "CPDMGEEENAG": {
                "_y": 270.0
            },
            "OGLCIHHLECO": "",
            "EIHBECKFELM": "",
            "NBPLDPOGDAA": "",
            "LEKNHBNJAPL": true
        },
        "3": {
            "$type": "JMLCJLEOKLI",
            "ILIFEDBAGLB": 70010006,
            "ECLBMPMBMLE": {
                "_x": 403.4299011230469,
                "_y": 41.856971740722656,
                "_z": 487.273193359375
            },
            "FANCKABFCPH": {
                "_y": 90.0
            },
            "GKOBOKNGMNE": {
                "_x": 403.4299011230469,
                "_y": 41.856971740722656,
                "_z": 487.273193359375
            },
            "CPDMGEEENAG": {
                "_y": 90.0
            },
            "OGLCIHHLECO": "",
            "EIHBECKFELM": "",
            "NBPLDPOGDAA": "",
            "LEKNHBNJAPL": true
        }
    },
    "HNNNIMLDONJ": {}
}