{
    "NAFEKMENODO": {
        "1": {
            "$type": "MKLIGCKCCKD",
            "gadgetId": 70350085,
            "pos": {
                "x": 25.910430908203125,
                "y": 2.3429999351501465,
                "z": -19.464460372924805
            },
            "rot": {
                "y": 90.0
            },
            "tranPos": {
                "x": 25.910432815551758,
                "y": 2.3429999351501465,
                "z": -19.464460372924805
            },
            "tranRot": {
                "y": -90.0
            },
            "alias": "",
            "FOGDFAPNFKB": "",
            "FMDFPCLHCKJ": "",
            "FPMAMOLMEPM": "",
            "KCCLONNECEH": [
                1131
            ],
            "NFFAMBGPOOO": {},
            "size": {
                "x": 5.0,
                "y": 5.0,
                "z": 5.0
            },
            "OBGAPLGABIP": "UI_DUNGEON_ENTRY_560",
            "MLGAACBOOPN": "UI_Icon_Intee_Talk",
            "OPDDFNGCEOB": true
        },
        "2": {
            "$type": "AELMKDMBJIM",
            "gadgetId": 70350085,
            "pos": {
                "x": 15.446499824523926,
                "y": 2.3429999351501465,
                "z": -20.285709381103516
            },
            "rot": {
                "y": 87.93830108642578
            },
            "tranPos": {
                "x": 15.446499824523926,
                "y": 2.3429999351501465,
                "z": -20.285709381103516
            },
            "tranRot": {
                "y": 87.93830108642578
            },
            "unlocked": true,
            "alias": "",
            "FOGDFAPNFKB": "",
            "FMDFPCLHCKJ": "",
            "JHOAPJJMKPN": 1
        },
        "3": {
            "$type": "MKLIGCKCCKD",
            "gadgetId": 70350085,
            "pos": {
                "x": -22.087539672851562,
                "y": 8.968098640441895,
                "z": -35.64405059814453
            },
            "rot": {
                "y": 329.1330871582031
            },
            "tranPos": {
                "x": -22.194414138793945,
                "y": 8.968098640441895,
                "z": -35.71810531616211
            },
            "tranRot": {
                "y": 329.13299560546875
            },
            "alias": "",
            "FOGDFAPNFKB": "",
            "FMDFPCLHCKJ": "",
            "FPMAMOLMEPM": "",
            "KCCLONNECEH": [
                1132
            ],
            "NFFAMBGPOOO": {},
            "size": {
                "x": 5.0,
                "y": 5.0,
                "z": 5.0
            },
            "OBGAPLGABIP": "UI_DUNGEON_ENTRY_561",
            "MLGAACBOOPN": "UI_Icon_Intee_Talk",
            "EFDFFHAAIAN": true
        },
        "4": {
            "$type": "AELMKDMBJIM",
            "gadgetId": 70350085,
            "pos": {
                "x": -26.521160125732422,
                "y": 9.060977935791016,
                "z": -28.067659378051758
            },
            "rot": {
                "y": 143.75289916992188
            },
            "tranPos": {
                "x": -26.521160125732422,
                "y": 9.060977935791016,
                "z": -28.067659378051758
            },
            "tranRot": {
                "y": 143.75289916992188
            },
            "unlocked": true,
            "alias": "",
            "FOGDFAPNFKB": "",
            "FMDFPCLHCKJ": "",
            "JHOAPJJMKPN": 3
        },
        "5": {
            "$type": "MKLIGCKCCKD",
            "gadgetId": 70350085,
            "pos": {
                "x": 25.90045928955078,
                "y": 2.3429999351501465,
                "z": 2.0488529205322266
            },
            "tranPos": {
                "x": 25.322994232177734,
                "y": 2.3429999351501465,
                "z": 1.8655831813812256
            },
            "tranRot": {
                "y": 275.42169189453125
            },
            "alias": "",
            "FOGDFAPNFKB": "",
            "FMDFPCLHCKJ": "",
            "FPMAMOLMEPM": "",
            "KCCLONNECEH": [
                1133
            ],
            "NFFAMBGPOOO": {},
            "size": {
                "x": 5.0,
                "y": 5.0,
                "z": 5.0
            },
            "OBGAPLGABIP": "UI_DUNGEON_ENTRY_562",
            "MLGAACBOOPN": "UI_Icon_Intee_Talk",
            "EFDFFHAAIAN": true
        },
        "6": {
            "$type": "AELMKDMBJIM",
            "gadgetId": 70350085,
            "pos": {
                "x": 16.127559661865234,
                "y": 2.517096996307373,
                "z": 0.6769834756851196
            },
            "rot": {
                "y": 80.43370056152344
            },
            "tranPos": {
                "x": 16.127559661865234,
                "y": 2.517096996307373,
                "z": 0.6769834756851196
            },
            "tranRot": {
                "y": 80.43370056152344
            },
            "unlocked": true,
            "alias": "",
            "FOGDFAPNFKB": "",
            "FMDFPCLHCKJ": "",
            "JHOAPJJMKPN": 5
        },
        "7": {
            "$type": "MKLIGCKCCKD",
            "gadgetId": 70360001,
            "pos": {
                "x": 1.8291950225830078,
                "y": 5.532073974609375,
                "z": -46.70882034301758
            },
            "rot": {
                "y": 251.76849365234375
            },
            "tranPos": {
                "x": 1.2446115016937256,
                "y": 5.532074451446533,
                "z": -46.92095184326172
            },
            "tranRot": {
                "y": 251.7682647705078
            },
            "alias": "",
            "FOGDFAPNFKB": "",
            "FMDFPCLHCKJ": "",
            "GNABJHCNPDH": "OnUnlocked",
            "FPMAMOLMEPM": "",
            "KCCLONNECEH": [
                7601,
                7602,
                7603,
                7604,
                7605,
                7606,
                7607,
                7608,
                7609,
                7610,
                7611,
                7612,
                7613,
                7614,
                7615,
                7616,
                7617,
                7618
            ],
            "NFFAMBGPOOO": {},
            "size": {
                "x": 3.0,
                "y": 3.0,
                "z": 3.0
            },
            "OBGAPLGABIP": "UI_ACTIVITY_ROGUEDIARY_DUNGEONENTRY",
            "MLGAACBOOPN": "UI_Icon_Intee_Talk",
            "IBBPDLLCMAO": "RogueDiary",
            "OPDDFNGCEOB": true
        },
        "8": {
            "$type": "JNHGEONJENN",
            "gadgetId": 70010002,
            "pos": {
                "x": 1.7721970081329346,
                "y": 5.674503803253174,
                "z": -49.643741607666016
            },
            "tranPos": {
                "x": 360.22589111328125,
                "y": 48.257381439208984,
                "z": 1355.5770263671875
            },
            "alias": "",
            "FOGDFAPNFKB": "",
            "FMDFPCLHCKJ": "",
            "ABOGKLCHKJF": 6,
            "OBGAPLGABIP": "",
            "PLPIFBLBKKM": {
                "x": 3.0,
                "y": 3.0,
                "z": 3.0
            },
            "BGEPFGCEFNC": 24.0
        }
    }
}