{
    "EIAKLLDIBOG": {
        "1": {
            "$type": "DungeonQuitPoint",
            "gadgetId": 70120004,
            "pos": {
                "x": 217.24940490722656,
                "y": -0.1475609987974167,
                "z": -0.13429279625415802
            },
            "tranPos": {
                "x": 218.80751037597656,
                "y": -0.1475609987974167,
                "z": 0.099995456635952
            },
            "tranRot": {
                "y": 90.0
            },
            "alias": "",
            "OKBHIJJFEKD": "",
            "BKAILKIEBDH": "",
            "size": {
                "x": 5.0,
                "y": 5.0,
                "z": 5.0
            }
        }
    }
}