{
    "OKJIDAEFIOD": {
        "1": {
            "$type": "NIPJPDIBHHL",
            "ILIFEDBAGLB": 70120004,
            "ECLBMPMBMLE": {
                "_x": 68.47267150878906,
                "_y": 76.9609375,
                "_z": -81.0444107055664
            },
            "GKOBOKNGMNE": {
                "_x": 68.47267150878906,
                "_y": 76.9609375,
                "_z": -81.0444107055664
            },
            "OGLCIHHLECO": "",
            "EIHBECKFELM": "",
            "NBPLDPOGDAA": "",
            "KDKNEEKBHOC": {
                "_x": 3.0,
                "_y": 3.0,
                "_z": 3.0
            }
        }
    },
    "HNNNIMLDONJ": {}
}