{
    "FEFNCDLEHGL": {
        "1": {
            "$type": "DungeonQuitPoint",
            "gadgetId": 70120004,
            "pos": {
                "x": 0.24956780672073364,
                "y": 2.312607989551907e-07,
                "z": -0.9242370128631592
            },
            "tranPos": {
                "x": -0.9024307727813721,
                "y": -1.57628178953928e-07,
                "z": 0.6299632787704468
            },
            "unlocked": true,
            "alias": "",
            "ADNDKHDKAEC": "",
            "BEDBEJAACAH": "",
            "size": {
                "x": 5.0,
                "y": 5.0,
                "z": 5.0
            }
        }
    }
}