{
    "OKJIDAEFIOD": {
        "1": {
            "$type": "IHPOJHMBEPF",
            "ILIFEDBAGLB": 70010002,
            "ECLBMPMBMLE": {
                "_x": -0.06326618790626526,
                "_y": 0.3529999852180481,
                "_z": 8.539406776428223
            },
            "GKOBOKNGMNE": {
                "_x": -584.969970703125,
                "_y": 244.3000030517578,
                "_z": 347.54998779296875
            },
            "CPDMGEEENAG": {
                "_y": 102.04000091552734
            },
            "NBLDNHLJLIN": true,
            "OGLCIHHLECO": "",
            "EIHBECKFELM": "",
            "NBPLDPOGDAA": "",
            "FHLEHKCJMID": 3,
            "NGPHJOMILAN": "UI_SCENE_ENTRY_EXIT_BeiguoBank",
            "DPIPPIKIPMA": {
                "_x": 2.0,
                "_y": 2.0,
                "_z": 2.0
            },
            "NDFGICFJMAE": 24.0
        }
    },
    "HNNNIMLDONJ": {}
}