{
    "NEKGGALFGNE": {
        "1": {
            "$type": "HLNNHPGMKBL",
            "type": "TOWER",
            "gadgetId": 70120004,
            "areaId": 50080,
            "pos": {
                "x": 100.0999984741211,
                "y": 101.02999877929688,
                "z": -9.239999771118164
            },
            "tranPos": {
                "x": -13.311171531677246,
                "y": 1.031000018119812,
                "z": 0.027682185173034668
            },
            "alias": "",
            "OJICGFEJFHF": "",
            "NIIGCOHDBPF": "",
            "size": {
                "x": 3.0,
                "y": 3.0,
                "z": 3.0
            }
        }
    },
    "GIFOHNONNCM": {}
}