{
    "OKJIDAEFIOD": {
        "1": {
            "$type": "NIPJPDIBHHL",
            "OMNDEBJIOCP": "TOWER",
            "ILIFEDBAGLB": 70120004,
            "ECLBMPMBMLE": {
                "_x": 38.73733139038086,
                "_y": 5.682344913482666,
                "_z": 133.2281036376953
            },
            "GKOBOKNGMNE": {
                "_x": 38.737327575683594,
                "_y": 5.682345390319824,
                "_z": 133.22805786132812
            },
            "OGLCIHHLECO": "",
            "EIHBECKFELM": "",
            "NBPLDPOGDAA": "",
            "KDKNEEKBHOC": {
                "_x": 3.0,
                "_y": 3.0,
                "_z": 3.0
            }
        }
    },
    "HNNNIMLDONJ": {}
}