{
    "OKJIDAEFIOD": {
        "1": {
            "$type": "JMLCJLEOKLI",
            "ILIFEDBAGLB": 70120003,
            "ECLBMPMBMLE": {
                "_x": -8.23673152923584,
                "_y": 47.01625061035156,
                "_z": 53.4764404296875
            },
            "FANCKABFCPH": {
                "_y": 90.0
            },
            "NBLDNHLJLIN": true,
            "OGLCIHHLECO": "",
            "EIHBECKFELM": "",
            "NBPLDPOGDAA": "",
            "KDKNEEKBHOC": {
                "_x": 38.79999923706055,
                "_y": 5.0,
                "_z": 26.799999237060547
            },
            "LFEABNJIFBO": [
                220012003
            ]
        },
        "2": {
            "$type": "JMLCJLEOKLI",
            "ILIFEDBAGLB": 70120003,
            "ECLBMPMBMLE": {
                "_x": 72.32637023925781,
                "_y": 39.48112106323242,
                "_z": 113.85050201416016
            },
            "FANCKABFCPH": {
                "_y": 90.0
            },
            "NBLDNHLJLIN": true,
            "OGLCIHHLECO": "",
            "EIHBECKFELM": "",
            "NBPLDPOGDAA": "",
            "KDKNEEKBHOC": {
                "_x": 13.0,
                "_y": 20.0,
                "_z": 30.0
            },
            "LFEABNJIFBO": [
                220012005
            ]
        },
        "3": {
            "$type": "JMLCJLEOKLI",
            "ILIFEDBAGLB": 70120003,
            "ECLBMPMBMLE": {
                "_x": 178.64610290527344,
                "_y": 50.5164909362793,
                "_z": 287.3959045410156
            },
            "FANCKABFCPH": {
                "_y": 180.0
            },
            "NBLDNHLJLIN": true,
            "OGLCIHHLECO": "",
            "EIHBECKFELM": "",
            "NBPLDPOGDAA": "",
            "KDKNEEKBHOC": {
                "_x": 49.20000076293945,
                "_y": 13.390000343322754,
                "_z": 47.209999084472656
            },
            "LFEABNJIFBO": [
                220012007
            ]
        },
        "4": {
            "$type": "NIPJPDIBHHL",
            "ILIFEDBAGLB": 70120004,
            "ECLBMPMBMLE": {
                "_x": 191.51019287109375,
                "_y": 59.15999984741211,
                "_z": 399.654296875
            },
            "NBLDNHLJLIN": true,
            "OGLCIHHLECO": "",
            "EIHBECKFELM": "",
            "NBPLDPOGDAA": "",
            "KDKNEEKBHOC": {
                "_x": 5.0,
                "_y": 5.0,
                "_z": 5.0
            }
        }
    },
    "LHHAHFPKBCM": {
        "1": {
            "$type": "AMEIDNAJKIJ",
            "ILIFEDBAGLB": 70010006,
            "ECLBMPMBMLE": {
                "_x": 194.5572052001953,
                "_y": 24.299999237060547,
                "_z": 177.75689697265625
            },
            "NBLDNHLJLIN": true,
            "OGLCIHHLECO": "",
            "EIHBECKFELM": "",
            "NBPLDPOGDAA": "",
            "NPLFHDBONNK": "DeadRegion",
            "MCNOGNBMIDN": {
                "$type": "LLNPBLICDHC",
                "GKIBEHOFNBF": true,
                "BJFNPGBKPHH": 10.0,
                "PGAJCDACFCA": "Center",
                "IJDCDHPEIEK": 500.0,
                "KMCIHHPLFHL": 500.0
            },
            "LEPALCGBCKG": ""
        },
        "2": {
            "$type": "AMEIDNAJKIJ",
            "ILIFEDBAGLB": 70010006,
            "ECLBMPMBMLE": {
                "_x": 41.400001525878906,
                "_y": 45.0,
                "_z": 41.17198181152344
            },
            "NBLDNHLJLIN": true,
            "OGLCIHHLECO": "",
            "EIHBECKFELM": "",
            "NBPLDPOGDAA": "",
            "NPLFHDBONNK": "DeadRegion",
            "MCNOGNBMIDN": {
                "$type": "LLNPBLICDHC",
                "GKIBEHOFNBF": true,
                "BJFNPGBKPHH": 5.0,
                "PGAJCDACFCA": "Center",
                "IJDCDHPEIEK": 40.0,
                "KMCIHHPLFHL": 60.0
            },
            "LEPALCGBCKG": ""
        }
    },
    "HNNNIMLDONJ": {}
}