{
    "EIAKLLDIBOG": {
        "1": {
            "$type": "DungeonQuitPoint",
            "gadgetId": 70350085,
            "pos": {
                "x": 60.28144836425781,
                "y": 55.01913833618164,
                "z": 138.8784942626953
            },
            "tranPos": {
                "x": -8.521085739135742,
                "y": 1.0,
                "z": -15.227899551391602
            },
            "unlocked": true,
            "alias": "",
            "OKBHIJJFEKD": "",
            "BKAILKIEBDH": "",
            "size": {
                "x": 5.0,
                "y": 5.0,
                "z": 5.0
            }
        },
        "10": {
            "$type": "DungeonSlipRevivePoint",
            "gadgetId": 70010006,
            "pos": {
                "x": 21.310890197753906,
                "y": 46.03282165527344,
                "z": 79.12653350830078
            },
            "rot": {
                "y": 90.0
            },
            "tranPos": {
                "x": 17.165889739990234,
                "y": 41.62997055053711,
                "z": 79.12653350830078
            },
            "tranRot": {
                "y": 90.0
            },
            "unlocked": true,
            "alias": "",
            "OKBHIJJFEKD": "",
            "BKAILKIEBDH": "",
            "size": {
                "x": 10.0,
                "y": 10.0,
                "z": 20.0
            }
        },
        "11": {
            "$type": "DungeonWayPoint",
            "gadgetId": 70010006,
            "pos": {
                "x": 11.348480224609375,
                "y": 45.701019287109375,
                "z": 80.32196807861328
            },
            "rot": {
                "y": 180.0
            },
            "tranPos": {
                "x": 11.416500091552734,
                "y": 49.2499885559082,
                "z": 127.956298828125
            },
            "tranRot": {
                "y": 180.0
            },
            "unlocked": true,
            "alias": "",
            "OKBHIJJFEKD": "",
            "BKAILKIEBDH": "",
            "size": {
                "x": 26.0,
                "y": 10.0,
                "z": 26.0
            }
        },
        "12": {
            "$type": "DungeonWayPoint",
            "gadgetId": 70010006,
            "pos": {
                "x": 60.7923698425293,
                "y": 46.4876708984375,
                "z": 40.20586013793945
            },
            "tranPos": {
                "x": 60.7923698425293,
                "y": 41.79136276245117,
                "z": 40.9370002746582
            },
            "tranRot": {
                "y": 180.0
            },
            "unlocked": true,
            "alias": "",
            "OKBHIJJFEKD": "",
            "BKAILKIEBDH": "",
            "size": {
                "x": 20.0,
                "y": 10.0,
                "z": 10.0
            }
        },
        "3": {
            "$type": "DungeonSlipRevivePoint",
            "gadgetId": 70010006,
            "pos": {
                "x": 11.14052963256836,
                "y": 41.65530014038086,
                "z": 90.69304656982422
            },
            "rot": {
                "y": 180.0
            },
            "tranPos": {
                "x": 11.14052963256836,
                "y": 41.65530014038086,
                "z": 90.69304656982422
            },
            "tranRot": {
                "y": 180.0
            },
            "unlocked": true,
            "alias": "",
            "OKBHIJJFEKD": "",
            "BKAILKIEBDH": "",
            "size": {
                "x": 15.0,
                "y": 5.0,
                "z": 8.0
            }
        },
        "4": {
            "$type": "DungeonSlipRevivePoint",
            "gadgetId": 70010006,
            "pos": {
                "x": 60.951351165771484,
                "y": 41.81616973876953,
                "z": 40.75801086425781
            },
            "tranPos": {
                "x": 60.951351165771484,
                "y": 41.81616973876953,
                "z": 40.75801086425781
            },
            "unlocked": true,
            "alias": "",
            "OKBHIJJFEKD": "",
            "BKAILKIEBDH": "",
            "size": {
                "x": 15.0,
                "y": 5.0,
                "z": 10.0
            }
        },
        "5": {
            "$type": "DungeonWayPoint",
            "gadgetId": 70010006,
            "pos": {
                "x": 11.416500091552734,
                "y": 49.2499885559082,
                "z": 127.956298828125
            },
            "rot": {
                "y": 180.0
            },
            "tranPos": {
                "x": 11.416500091552734,
                "y": 49.2499885559082,
                "z": 127.956298828125
            },
            "tranRot": {
                "y": 180.0
            },
            "unlocked": true,
            "alias": "",
            "OKBHIJJFEKD": "",
            "BKAILKIEBDH": "",
            "size": {
                "x": 30.0,
                "y": 20.0,
                "z": 30.0
            }
        },
        "7": {
            "$type": "DungeonSlipRevivePoint",
            "gadgetId": 70010006,
            "pos": {
                "x": 12.617879867553711,
                "y": 51.03327941894531,
                "z": 115.97229766845703
            },
            "rot": {
                "y": 180.0
            },
            "tranPos": {
                "x": 12.617877006530762,
                "y": 49.151588439941406,
                "z": 120.76490020751953
            },
            "tranRot": {
                "y": 180.0
            },
            "unlocked": true,
            "alias": "",
            "OKBHIJJFEKD": "",
            "BKAILKIEBDH": "",
            "size": {
                "x": 15.0,
                "y": 5.0,
                "z": 8.0
            }
        }
    },
    "entities": {
        "1": {
            "$type": "ConfigLocalTrigger",
            "gadgetId": 70010006,
            "pos": {
                "x": 41.558589935302734,
                "y": 34.46575927734375,
                "z": 120.06449890136719
            },
            "tranPos": {
                "x": -0.3463723659515381,
                "y": 41.58131790161133,
                "z": 71.09977722167969
            },
            "unlocked": true,
            "alias": "",
            "OKBHIJJFEKD": "",
            "BKAILKIEBDH": "",
            "triggerFlag": "DeadRegion",
            "shape": {
                "$type": "ConfigShapeRect",
                "useHeight": true,
                "height": 1.0,
                "centerType": "Center",
                "width": 100.0,
                "length": 100.0
            },
            "stringParam": ""
        },
        "2": {
            "$type": "ConfigLocalTrigger",
            "gadgetId": 70010006,
            "pos": {
                "x": 41.558589935302734,
                "y": 34.46575927734375,
                "z": 32.47214126586914
            },
            "tranPos": {
                "x": 11.715622901916504,
                "y": 41.61128234863281,
                "z": 72.06533813476562
            },
            "unlocked": true,
            "alias": "",
            "OKBHIJJFEKD": "",
            "BKAILKIEBDH": "",
            "triggerFlag": "DeadRegion",
            "shape": {
                "$type": "ConfigShapeRect",
                "useHeight": true,
                "height": 1.0,
                "centerType": "Center",
                "width": 100.0,
                "length": 100.0
            },
            "stringParam": ""
        },