{
    "OKJIDAEFIOD": {
        "1": {
            "$type": "NIPJPDIBHHL",
            "ILIFEDBAGLB": 70010001,
            "ECLBMPMBMLE": {
                "_x": 350.8247985839844,
                "_y": 37.12934112548828,
                "_z": 355.4822998046875
            },
            "GKOBOKNGMNE": {
                "_x": 350.8247985839844,
                "_y": 37.12934112548828,
                "_z": 355.4822998046875
            },
            "OGLCIHHLECO": "",
            "EIHBECKFELM": "",
            "NBPLDPOGDAA": "",
            "KDKNEEKBHOC": {
                "_x": 5.0,
                "_y": 5.0,
                "_z": 5.0
            }
        }
    },
    "HNNNIMLDONJ": {}
}