{
    "OKJIDAEFIOD": {
        "1": {
            "$type": "IHPOJHMBEPF",
            "ILIFEDBAGLB": 70010002,
            "ECLBMPMBMLE": {
                "_x": -0.03173923119902611,
                "_y": 0.7367246747016907,
                "_z": 17.8039608001709
            },
            "FANCKABFCPH": {
                "_y": 180.0
            },
            "GKOBOKNGMNE": {
                "_x": -3293.06640625,
                "_y": 269.79681396484375,
                "_z": -4465.8876953125
            },
            "CPDMGEEENAG": {
                "_y": 51.20000076293945
            },
            "NBLDNHLJLIN": true,
            "OGLCIHHLECO": "",
            "EIHBECKFELM": "",
            "NBPLDPOGDAA": "",
            "FHLEHKCJMID": 3,
            "NGPHJOMILAN": "UI_SCENE_ENTRY_EXIT_TenryuBugyo",
            "DPIPPIKIPMA": {
                "_x": 5.0,
                "_y": 5.0,
                "_z": 5.0
            },
            "NDFGICFJMAE": 24.0
        }
    },
    "HNNNIMLDONJ": {}
}