{
    "OKJIDAEFIOD": {
        "1": {
            "$type": "NIPJPDIBHHL",
            "ILIFEDBAGLB": 70120004,
            "ECLBMPMBMLE": {
                "_x": 2656.9130859375,
                "_y": 583.9180297851562,
                "_z": -1763.48095703125
            },
            "FANCKABFCPH": {
                "_y": 90.10440063476562
            },
            "GKOBOKNGMNE": {
                "_x": -9.340493202209473,
                "_y": 139.9784698486328,
                "_z": 601.1798095703125
            },
            "OGLCIHHLECO": "",
            "EIHBECKFELM": "",
            "NBPLDPOGDAA": "",
            "KDKNEEKBHOC": {
                "_x": 2.0,
                "_y": 2.0,
                "_z": 2.0
            }
        },
        "3": {
            "$type": "MFHOPOBHMHB",
            "ILIFEDBAGLB": 70010006,
            "ECLBMPMBMLE": {
                "_x": 2606.22607421875,
                "_y": 581.1124267578125,
                "_z": -1772.3060302734375
            },
            "FANCKABFCPH": {
                "_x": 359.68719482421875,
                "_y": 84.43800354003906,
                "_z": 358.0079040527344
            },
            "GKOBOKNGMNE": {
                "_x": 2606.22607421875,
                "_y": 581.1124267578125,
                "_z": -1772.3060302734375
            },
            "CPDMGEEENAG": {
                "_y": 84.43800354003906
            },
            "OGLCIHHLECO": "",
            "EIHBECKFELM": "",
            "NBPLDPOGDAA": "",
            "KDKNEEKBHOC": {
                "_x": 20.0,
                "_y": 10.0,
                "_z": 20.0
            }
        },
        "4": {
            "$type": "MFHOPOBHMHB",
            "ILIFEDBAGLB": 70010006,
            "ECLBMPMBMLE": {
                "_x": 2378.218017578125,
                "_y": 540.2255249023438,
                "_z": -1757.3580322265625
            },
            "FANCKABFCPH": {
                "_x": 353.5260009765625,
                "_y": 146.0019073486328,
                "_z": 356.65948486328125
            },
            "GKOBOKNGMNE": {
                "_x": 2378.218017578125,
                "_y": 540.2255249023438,
                "_z": -1757.3580322265625
            },
            "CPDMGEEENAG": {
                "_y": 146.0019073486328
            },
            "OGLCIHHLECO": "",
            "EIHBECKFELM": "",
            "NBPLDPOGDAA": "",
            "KDKNEEKBHOC": {
                "_x": 20.0,
                "_y": 10.0,
                "_z": 20.0
            }
        },
        "5": {
            "$type": "MFHOPOBHMHB",
            "ILIFEDBAGLB": 70010006,
            "ECLBMPMBMLE": {
                "_x": 2418.22802734375,
                "_y": 533.0260009765625,
                "_z": -1785.998046875
            },
            "FANCKABFCPH": {
                "_y": 112.9989013671875
            },
            "GKOBOKNGMNE": {
                "_x": 2418.22802734375,
                "_y": 533.0260009765625,
                "_z": -1785.998046875
            },
            "CPDMGEEENAG": {
                "_y": 112.9989013671875
            },
            "OGLCIHHLECO": "",
            "EIHBECKFELM": "",
            "NBPLDPOGDAA": "",
            "KDKNEEKBHOC": {
                "_x": 20.0,
                "_y": 10.0,
                "_z": 20.0
            }
        },
        "6": {
            "$type": "MFHOPOBHMHB",
            "ILIFEDBAGLB": 70010006,
            "ECLBMPMBMLE": {
                "_x": 2518.69091796875,
                "_y": 552.8137817382812,
                "_z": -1722.1490478515625
            },
            "FANCKABFCPH": {
                "_y": 40.726898193359375
            },
            "GKOBOKNGMNE": {
                "_x": 2518.69091796875,
                "_y": 552.8137817382812,
                "_z": -1722.1490478515625
            },
            "CPDMGEEENAG": {
                "_y": 40.72692108154297
            },
            "OGLCIHHLECO": "",
            "EIHBECKFELM": "",
            "NBPLDPOGDAA": "",
            "KDKNEEKBHOC": {
                "_x": 20.0,
                "_y": 10.0,
                "_z": 20.0
            }
        }
    },
    "LHHAHFPKBCM": {
        "1": {
            "$type": "AMEIDNAJKIJ",
            "ILIFEDBAGLB": 70010006,
            "ECLBMPMBMLE": {
                "_x": 2223.5419921875,
                "_y": 453.9856872558594,
                "_z": 37.173248291015625
            },
            "GKOBOKNGMNE": {
                "_x": 2273.989990234375,
                "_y": 509.65948486328125,
                "_z": 451.97174072265625
            },
            "NBLDNHLJLIN": true,
            "OGLCIHHLECO": "",
            "EIHBECKFELM": "",
            "NBPLDPOGDAA": "",
            "PPHNNDLJOEG": 1400.0,
            "NPLFHDBONNK": "DeadRegion",
            "MCNOGNBMIDN": {
                "$type": "LLNPBLICDHC",
                "GKIBEHOFNBF": true,
                "BJFNPGBKPHH": 100.0,
                "IJDCDHPEIEK": 1200.0,
                "KMCIHHPLFHL": 1200.0
            },
            "LEPALCGBCKG": ""
        },
        "2": {
            "$type": "AMEIDNAJKIJ",
            "ILIFEDBAGLB": 70010006,
            "ECLBMPMBMLE": {
                "_x": 2092.864990234375,
                "_y": 406.9739074707031,
                "_z": 422.72198486328125
            },
            "GKOBOKNGMNE": {
                "_x": 2055.78076171875,
                "_y": 522.4524536132812,
                "_z": 422.7219543457031
            },
            "NBLDNHLJLIN": true,
            "OGLCIHHLECO": "",
            "EIHBECKFELM": "",
            "NBPLDPOGDAA": "",
            "PPHNNDLJOEG": 1400.0,
            "NPLFHDBONNK": "NoReviveRegion",
            "MCNOGNBMIDN": {
                "$type": "GBOHOHBOGIJ",
                "GKIBEHOFNBF": true,
                "BJFNPGBKPHH": 500.0,
                "IJDCDHPEIEK": 1200.0,
                "KMCIHHPLFHL": 1200.0
            },
            "LEPALCGBCKG": ""
        },
        "3": {
            "$type": "AMEIDNAJKIJ",
            "ILIFEDBAGLB": 70010006,
            "ECLBMPMBMLE": {
                "_x": 2387.52490234375,
                "_y": 536.238525390625,
                "_z": 341.860107421875
            },
            "GKOBOKNGMNE": {
                "_x": 2358.205322265625,
                "_y": 536.2384643554688,
                "_z": 561.8160400390625
            },
            "NBLDNHLJLIN": true,
            "OGLCIHHLECO": "",
            "EIHBECKFELM": "",
            "NBPLDPOGDAA": "",
            "PPHNNDLJOEG": 800.0,
            "MCNOGNBMIDN": {
                "$type": "LLNPBLICDHC",
                "GKIBEHOFNBF": true,
                "BJFNPGBKPHH": 300.0,
                "IJDCDHPEIEK": 120.0,
                "KMCIHHPLFHL": 700.0
            },
            "LEPALCGBCKG": ""
        },
        "4": {
            "$type": "AMEIDNAJKIJ",
            "ILIFEDBAGLB": 70010006,
            "ECLBMPMBMLE": {
                "_x": 2037.550048828125,
                "_y": 536.238525390625,
                "_z": 318.8351135253906
            },
            "GKOBOKNGMNE": {
                "_x": 2358.205322265625,
                "_y": 536.2384643554688,
                "_z": 561.8160400390625
            },
            "NBLDNHLJLIN": true,
            "OGLCIHHLECO": "",
            "EIHBECKFELM": "",
            "NBPLDPOGDAA": "",
            "PPHNNDLJOEG": 800.0,
            "MCNOGNBMIDN": {
                "$type": "LLNPBLICDHC",
                "GKIBEHOFNBF": true,
                "BJFNPGBKPHH": 300.0,
                "IJDCDHPEIEK": 120.0,
                "KMCIHHPLFHL": 700.0
            },
            "LEPALCGBCKG": ""
        },
        "5": {
            "$type": "AMEIDNAJKIJ",
            "ILIFEDBAGLB": 70010006,
            "ECLBMPMBMLE": {
                "_x": 2263.618896484375,
                "_y": 536.238525390625,
                "_z": 775.13232421875
            },