{
    "EIAKLLDIBOG": {
        "1": {
            "$type": "DungeonQuitPoint",
            "gadgetId": 70120004,
            "pos": {
                "x": 348.0429992675781,
                "y": 200.1083984375,
                "z": 725.4699096679688
            },
            "rot": {
                "y": 271.6347961425781
            },
            "tranPos": {
                "x": 348.0429992675781,
                "y": 200.1083984375,
                "z": 725.4699096679688
            },
            "alias": "",
            "OKBHIJJFEKD": "",
            "BKAILKIEBDH": "",
            "size": {
                "x": 5.0,
                "y": 5.0,
                "z": 5.0
            }
        },
        "10": {
            "$type": "DungeonWayPoint",
            "gadgetId": 70010006,
            "pos": {
                "x": 319.0877990722656,
                "y": 200.02560424804688,
                "z": 723.9426879882812
            },
            "rot": {
                "y": 88.05889892578125
            },
            "tranPos": {
                "x": 319.0877990722656,
                "y": 200.02560424804688,
                "z": 723.9426879882812
            },
            "tranRot": {
                "y": 88.05889892578125
            },
            "alias": "",
            "OKBHIJJFEKD": "",
            "BKAILKIEBDH": "",
            "size": {
                "x": 20.0,
                "y": 20.0,
                "z": 20.0
            }
        },
        "11": {
            "$type": "DungeonSlipRevivePoint",
            "gadgetId": 70010006,
            "pos": {
                "x": -456.4363098144531,
                "y": -1.9317229986190796,
                "z": -76.12798309326172
            },
            "tranPos": {
                "x": -456.4363098144531,
                "y": -1.9317229986190796,
                "z": -76.12798309326172
            },
            "alias": "",
            "OKBHIJJFEKD": "",
            "BKAILKIEBDH": "",
            "size": {
                "x": 30.0,
                "y": 30.0,
                "z": 30.0
            }
        },
        "2": {
            "$type": "DungeonSlipRevivePoint",
            "gadgetId": 70010006,
            "pos": {
                "x": 302.8392028808594,
                "y": 205.43170166015625,
                "z": 721.4157104492188
            },
            "rot": {
                "y": 88.05889892578125
            },
            "tranPos": {
                "x": 302.8392028808594,
                "y": 205.43170166015625,
                "z": 721.4157104492188
            },
            "tranRot": {
                "y": 88.05889892578125
            },
            "alias": "",
            "OKBHIJJFEKD": "",
            "BKAILKIEBDH": "",
            "size": {
                "x": 10.0,
                "y": 10.0,
                "z": 10.0
            }
        },
        "3": {
            "$type": "DungeonSlipRevivePoint",
            "gadgetId": 70010006,
            "pos": {
                "x": 302.0820007324219,
                "y": 205.31829833984375,
                "z": 491.7983093261719
            },
            "rot": {
                "y": 88.05889892578125
            },
            "tranPos": {
                "x": 302.0820007324219,
                "y": 205.43170166015625,
                "z": 491.7983093261719
            },
            "tranRot": {
                "y": 88.05889892578125
            },
            "alias": "",
            "OKBHIJJFEKD": "",
            "BKAILKIEBDH": "",
            "size": {
                "x": 10.0,
                "y": 10.0,
                "z": 10.0
            }
        },
        "4": {
            "$type": "DungeonSlipRevivePoint",
            "gadgetId": 70010006,
            "pos": {
                "x": 303.0255126953125,
                "y": 205.48089599609375,
                "z": 269.9559020996094
            },
            "rot": {
                "y": 88.05889892578125
            },
            "tranPos": {
                "x": 303.0255126953125,
                "y": 205.48089599609375,
                "z": 269.9559020996094
            },
            "tranRot": {
                "y": 88.05889892578125
            },
            "alias": "",
            "OKBHIJJFEKD": "",
            "BKAILKIEBDH": "",
            "size": {
                "x": 10.0,
                "y": 10.0,
                "z": 10.0
            }
        },
        "5": {
            "$type": "DungeonSlipRevivePoint",
            "gadgetId": 70010006,
            "pos": {
                "x": -382.7565002441406,
                "y": 200.01220703125,
                "z": 13.963589668273926
            },
            "rot": {
                "y": 88.05889892578125
            },
            "tranPos": {
                "x": -382.7565002441406,
                "y": 200.01220703125,
                "z": 13.963589668273926
            },
            "tranRot": {
                "y": 88.05889892578125
            },
            "alias": "",
            "OKBHIJJFEKD": "",
            "BKAILKIEBDH": "",
            "size": {
                "x": 10.0,
                "y": 10.0,
                "z": 10.0
            }
        },
        "8": {
            "$type": "DungeonWayPoint",
            "gadgetId": 70010006,
            "pos": {
                "x": 321.35760498046875,
                "y": 200.11309814453125,
                "z": 273.9580078125
            },
            "rot": {
                "y": 88.05889892578125
            },
            "tranPos": {
                "x": 321.35760498046875,
                "y": 200.11309814453125,
                "z": 273.9580078125
            },
            "tranRot": {
                "y": 88.05889892578125
            },
            "alias": "",
            "OKBHIJJFEKD": "",
            "BKAILKIEBDH": "",
            "size": {
                "x": 20.0,
                "y": 20.0,
                "z": 20.0
            }
        },
        "9": {
            "$type": "DungeonWayPoint",
            "gadgetId": 70010006,
            "pos": {
                "x": 323.8299865722656,
                "y": 200.07769775390625,
                "z": 70.41645050048828
            },
            "rot": {
                "y": 88.05889892578125
            },
            "tranPos": {
                "x": 323.8299865722656,
                "y": 200.07769775390625,
                "z": 70.41645050048828
            },
            "tranRot": {
                "y": 88.05889892578125
            },
            "alias": "",
            "OKBHIJJFEKD": "",
            "BKAILKIEBDH": "",
            "size": {
                "x": 20.0,
                "y": 20.0,
                "z": 20.0
            }
        }
    },
    "entities": {
        "1": {
            "$type": "ConfigLocalTrigger",
            "gadgetId": 70010006,
            "pos": {
                "x": -458.9888000488281,
                "y": -1.9212180376052856,
                "z": -159.76319885253906
            },
            "tranPos": {
                "x": -458.98883056640625,
                "y": -1.9212175607681274,
                "z": 49.004493713378906
            },
            "unlocked": true,
            "alias": "",
            "OKBHIJJFEKD": "",
            "BKAILKIEBDH": "",
            "checkDist": 500.0,
            "withGO": true,
            "triggerFlag": "DeadRegion",
            "shape": {
                "$type": "ConfigShapeRect",
                "useHeight": true,
                "height": 300.0,
                "centerType": "Center",
                "width": 500.0,
                "length": 100.0
            },