{
    "OKJIDAEFIOD": {
        "1": {
            "$type": "NIPJPDIBHHL",
            "ILIFEDBAGLB": 70120004,
            "ECLBMPMBMLE": {
                "_x": 33.876251220703125,
                "_y": 16.719999313354492,
                "_z": -132.86549377441406
            },
            "GKOBOKNGMNE": {
                "_x": 33.87624740600586,
                "_y": 16.720001220703125,
                "_z": -132.865478515625
            },
            "NBLDNHLJLIN": true,
            "OGLCIHHLECO": "",
            "EIHBECKFELM": "",
            "NBPLDPOGDAA": "",
            "KDKNEEKBHOC": {
                "_x": 5.0,
                "_y": 5.0,
                "_z": 5.0
            }
        },
        "2": {
            "$type": "MFHOPOBHMHB",
            "ILIFEDBAGLB": 70010006,
            "ECLBMPMBMLE": {
                "_x": 32.16946029663086,
                "_y": -9.218162536621094,
                "_z": 8.511528015136719
            },
            "FANCKABFCPH": {
                "_y": 180.0
            },
            "GKOBOKNGMNE": {
                "_x": 32.786861419677734,
                "_y": -11.189998626708984,
                "_z": 9.550005912780762
            },
            "CPDMGEEENAG": {
                "_y": 180.0
            },
            "NBLDNHLJLIN": true,
            "OGLCIHHLECO": "",
            "EIHBECKFELM": "",
            "NBPLDPOGDAA": "",
            "KDKNEEKBHOC": {
                "_x": 20.0,
                "_y": 5.0,
                "_z": 5.0
            }
        },
        "3": {
            "$type": "MFHOPOBHMHB",
            "ILIFEDBAGLB": 70010006,
            "ECLBMPMBMLE": {
                "_x": 31.766599655151367,
                "_y": 1.6358410120010376,
                "_z": -45.60491180419922
            },
            "FANCKABFCPH": {
                "_y": 270.0
            },
            "GKOBOKNGMNE": {
                "_x": 31.766599655151367,
                "_y": 0.4349919259548187,
                "_z": -45.60491180419922
            },
            "CPDMGEEENAG": {
                "_y": 270.0
            },
            "NBLDNHLJLIN": true,
            "OGLCIHHLECO": "",
            "EIHBECKFELM": "",
            "NBPLDPOGDAA": "",
            "KDKNEEKBHOC": {
                "_x": 5.0,
                "_y": 5.0,
                "_z": 10.0
            }
        },
        "4": {
            "$type": "MFHOPOBHMHB",
            "ILIFEDBAGLB": 70010006,
            "ECLBMPMBMLE": {
                "_x": 8.7056884765625,
                "_y": -0.9709993004798889,
                "_z": -13.393710136413574
            },
            "FANCKABFCPH": {
                "_y": 90.0
            },
            "GKOBOKNGMNE": {
                "_x": 8.7056884765625,
                "_y": 0.49000006914138794,
                "_z": -13.393858909606934
            },
            "CPDMGEEENAG": {
                "_y": 90.0
            },
            "NBLDNHLJLIN": true,
            "OGLCIHHLECO": "",
            "EIHBECKFELM": "",
            "NBPLDPOGDAA": "",
            "KDKNEEKBHOC": {
                "_x": 5.0,
                "_y": 5.0,
                "_z": 5.0
            }
        },
        "5": {
            "$type": "MFHOPOBHMHB",
            "ILIFEDBAGLB": 70010006,
            "ECLBMPMBMLE": {
                "_x": 33.10742950439453,
                "_y": 15.307869911193848,
                "_z": -46.876708984375
            },
            "FANCKABFCPH": {
                "_y": 180.0
            },
            "GKOBOKNGMNE": {
                "_x": 33.10742950439453,
                "_y": 18.718690872192383,
                "_z": -45.56351852416992
            },
            "CPDMGEEENAG": {
                "_y": 180.0
            },
            "NBLDNHLJLIN": true,
            "OGLCIHHLECO": "",
            "EIHBECKFELM": "",
            "NBPLDPOGDAA": "",
            "KDKNEEKBHOC": {
                "_x": 10.0,
                "_y": 10.0,
                "_z": 10.0
            }
        },
        "6": {
            "$type": "JMLCJLEOKLI",
            "ILIFEDBAGLB": 70010006,
            "ECLBMPMBMLE": {
                "_x": 33.10742950439453,
                "_y": 14.848830223083496,
                "_z": -46.876708984375
            },
            "FANCKABFCPH": {
                "_y": 180.0
            },
            "GKOBOKNGMNE": {
                "_x": 33.10742950439453,
                "_y": 15.59887981414795,
                "_z": -46.876708984375
            },
            "CPDMGEEENAG": {
                "_y": 180.0
            },
            "NBLDNHLJLIN": true,
            "OGLCIHHLECO": "",
            "EIHBECKFELM": "",
            "NBPLDPOGDAA": "",
            "KDKNEEKBHOC": {
                "_x": 10.0,
                "_y": 10.0,
                "_z": 10.0
            }
        }
    },
    "HNNNIMLDONJ": {}
}