{
    "OKJIDAEFIOD": {
        "1": {
            "$type": "IHPOJHMBEPF",
            "ILIFEDBAGLB": 70010002,
            "ECLBMPMBMLE": {
                "_x": 0.08745773136615753,
                "_y": 0.01866847090423107,
                "_z": 6.383113861083984
            },
            "GKOBOKNGMNE": {
                "_x": -396.1702880859375,
                "_y": 274.6005859375,
                "_z": 2839.56201171875
            },
            "CPDMGEEENAG": {
                "_y": 205.0
            },
            "OGLCIHHLECO": "",
            "EIHBECKFELM": "",
            "NBPLDPOGDAA": "",
            "FHLEHKCJMID": 3,
            "NGPHJOMILAN": "UI_SCENE_ENTRY_EXIT_Zls",
            "DPIPPIKIPMA": {
                "_x": 3.0,
                "_y": 3.0,
                "_z": 3.0
            },
            "NDFGICFJMAE": 24.0
        }
    },
    "HNNNIMLDONJ": {}
}