{
    "EIAKLLDIBOG": {
        "1": {
            "$type": "DungeonWayPoint",
            "gadgetId": 70120003,
            "pos": {
                "x": 338.2182922363281,
                "y": -28.00489044189453,
                "z": 472.5708923339844
            },
            "rot": {
                "y": 90.6624984741211
            },
            "unlocked": true,
            "alias": "",
            "OKBHIJJFEKD": "",
            "BKAILKIEBDH": "",
            "size": {
                "x": 10.0,
                "y": 15.0,
                "z": 30.0
            }
        },
        "2": {
            "$type": "DungeonQuitPoint",
            "gadgetId": 70120004,
            "pos": {
                "x": 350.91009521484375,
                "y": -12.853280067443848,
                "z": 250.5865936279297
            },
            "unlocked": true,
            "alias": "",
            "OKBHIJJFEKD": "",
            "BKAILKIEBDH": "",
            "size": {
                "x": 5.0,
                "y": 5.0,
                "z": 5.0
            }
        },
        "3": {
            "$type": "DungeonWayPoint",
            "gadgetId": 70120003,
            "pos": {
                "x": 355.4324951171875,
                "y": -19.264270782470703,
                "z": 355.74200439453125
            },
            "rot": {
                "y": 270.0
            },
            "unlocked": true,
            "alias": "",
            "OKBHIJJFEKD": "",
            "BKAILKIEBDH": "",
            "size": {
                "x": 15.0,
                "y": 15.0,
                "z": 60.0
            }
        },
        "4": {
            "$type": "DungeonWayPoint",
            "gadgetId": 70120003,
            "pos": {
                "x": 360.13531494140625,
                "y": -11.353529930114746,
                "z": 284.3756103515625
            },
            "rot": {
                "y": 90.0
            },
            "unlocked": true,
            "alias": "",
            "OKBHIJJFEKD": "",
            "BKAILKIEBDH": "",
            "size": {
                "x": 10.0,
                "y": 15.0,
                "z": 90.0
            }
        },
        "5": {
            "$type": "DungeonSlipRevivePoint",
            "gadgetId": 70010006,
            "pos": {
                "x": 343.6044921875,
                "y": -28.497180938720703,
                "z": 444.0008850097656
            },
            "rot": {
                "y": 181.72470092773438
            },
            "unlocked": true,
            "alias": "",
            "OKBHIJJFEKD": "",
            "BKAILKIEBDH": "",
            "size": {
                "x": 15.0,
                "y": 15.0,
                "z": 15.0
            }
        },
        "6": {
            "$type": "DungeonSlipRevivePoint",
            "gadgetId": 70010006,
            "pos": {
                "x": 343.6195068359375,
                "y": -18.904399871826172,
                "z": 363.1294860839844
            },
            "rot": {
                "y": 181.72470092773438
            },
            "unlocked": true,
            "alias": "",
            "OKBHIJJFEKD": "",
            "BKAILKIEBDH": "",
            "size": {
                "x": 15.0,
                "y": 15.0,
                "z": 15.0
            }
        },
        "7": {
            "$type": "DungeonSlipRevivePoint",
            "gadgetId": 70010006,
            "pos": {
                "x": 343.227294921875,
                "y": -11.35359001159668,
                "z": 282.84051513671875
            },
            "rot": {
                "y": 181.72470092773438
            },
            "unlocked": true,
            "alias": "",
            "OKBHIJJFEKD": "",
            "BKAILKIEBDH": "",
            "size": {
                "x": 15.0,
                "y": 15.0,
                "z": 15.0
            }
        }
    },
    "entities": {
        "1": {
            "$type": "ConfigLocalTrigger",
            "gadgetId": 70010006,
            "pos": {
                "x": 364.0943908691406,
                "y": -65.5438232421875,
                "z": 427.1391906738281
            },
            "unlocked": true,
            "alias": "",
            "OKBHIJJFEKD": "",
            "BKAILKIEBDH": "",
            "checkDist": 500.0,
            "withGO": true,
            "triggerFlag": "DeadRegion",
            "shape": {
                "$type": "ConfigShapeRect",
                "useHeight": true,
                "height": 50.0,
                "centerType": "Center",
                "width": 500.0,
                "length": 500.0
            },
            "stringParam": ""
        },
        "2": {
            "$type": "ConfigLocalTrigger",
            "gadgetId": 70010006,
            "pos": {
                "x": 338.9645080566406,
                "y": -55.660160064697266,
                "z": 439.86090087890625
            },
            "unlocked": true,
            "alias": "",
            "OKBHIJJFEKD": "",
            "BKAILKIEBDH": "",
            "checkDist": 500.0,
            "withGO": true,
            "triggerFlag": "NoReviveRegion",
            "shape": {
                "$type": "ConfigShapeRect",
                "useHeight": true,
                "height": 50.0,
                "centerType": "Center",
                "width": 500.0,
                "length": 500.0
            },
            "stringParam": ""
        },
        "3": {
            "$type": "ConfigLocalTrigger",
            "gadgetId": 70010006,
            "pos": {
                "x": 374.0765075683594,
                "y": -24.242279052734375,
                "z": 357.4408874511719
            },
            "tranPos": {
                "x": 390.4484558105469,
                "y": -14.76533031463623,
                "z": 410.0600891113281
            },
            "alias": "",
            "OKBHIJJFEKD": "",
            "BKAILKIEBDH": "",
            "triggerFlag": "DeadRegion",
            "shape": {
                "$type": "ConfigShapeRect",
                "useHeight": true,
                "height": 100.0,
                "width": 30.0,
                "length": 100.0
            },
            "stringParam": ""
        },
        "4": {
            "$type": "ConfigLocalTrigger",
            "gadgetId": 70010006,
            "pos": {
                "x": 311.9552001953125,
                "y": -9.70928955078125,
                "z": 291.3288879394531
            },
            "tranPos": {
                "x": 338.36767578125,
                "y": -10.160003662109375,
                "z": 382.1678466796875
            },
            "alias": "",
            "OKBHIJJFEKD": "",
            "BKAILKIEBDH": "",
            "triggerFlag": "DeadRegion",
            "shape": {
                "$type": "ConfigShapeRect",
                "useHeight": true,
                "height": 100.0,
                "width": 30.0,
                "length": 300.0
            },
            "stringParam": ""
        },
        "5": {
            "$type": "ConfigLocalTrigger",
            "gadgetId": 70010006,
            "pos": {
                "x": 382.2768859863281,
                "y": 0.5084952712059021,
                "z": 337.6148986816406
            },
            "tranPos": {
                "x": 364.4189147949219,
                "y": 15.34731674194336,
                "z": 267.85516357421875
            },
            "alias": "",
            "OKBHIJJFEKD": "",
            "BKAILKIEBDH": "",
            "triggerFlag": "DeadRegion",
            "shape": {
                "$type": "ConfigShapeRect",
                "useHeight": true,
                "height": 100.0,
                "width": 40.0,