{
    "NEKGGALFGNE": {
        "1": {
            "$type": "HLNNHPGMKBL",
            "gadgetId": 70010001,
            "pos": {
                "x": -0.16377070546150208,
                "y": 17.860979080200195,
                "z": 696.8057861328125
            },
            "tranPos": {
                "y": -3.1689999103546143,
                "z": 670.1317138671875
            },
            "alias": "",
            "OJICGFEJFHF": "",
            "NIIGCOHDBPF": "",
            "size": {
                "x": 5.0,
                "y": 5.0,
                "z": 5.0
            }
        }
    },
    "GIFOHNONNCM": {}
}