{
    "FEFNCDLEHGL": {
        "1": {
            "$type": "DungeonQuitPoint",
            "gadgetId": 70120004,
            "pos": {
                "x": -90.5533676147461,
                "y": -46.434478759765625,
                "z": 28.035980224609375
            },
            "tranPos": {
                "x": 1079.4376220703125,
                "y": 261.7490234375,
                "z": 123.30799865722656
            },
            "alias": "",
            "ADNDKHDKAEC": "",
            "BEDBEJAACAH": "",
            "size": {
                "x": 3.0,
                "y": 3.0,
                "z": 3.0
            }
        },
        "10": {
            "$type": "DungeonWayPoint",
            "gadgetId": 70010006,
            "pos": {
                "x": 18.010839462280273,
                "y": 4.296377182006836,
                "z": -75.16429138183594
            },
            "rot": {
                "y": 90.88999938964844
            },
            "tranPos": {
                "x": 18.01083755493164,
                "y": 4.296377182006836,
                "z": -75.16429138183594
            },
            "tranRot": {
                "y": 90.89000701904297
            },
            "alias": "",
            "ADNDKHDKAEC": "",
            "BEDBEJAACAH": "",
            "size": {
                "x": 30.0,
                "y": 20.0,
                "z": 30.0
            }
        },
        "11": {
            "$type": "DungeonWayPoint",
            "gadgetId": 70010006,
            "pos": {
                "x": 9.095495223999023,
                "y": 50.02788162231445,
                "z": 4.581525802612305
            },
            "tranPos": {
                "x": 9.095495223999023,
                "y": 50.02787780761719,
                "z": 4.581526279449463
            },
            "alias": "",
            "ADNDKHDKAEC": "",
            "BEDBEJAACAH": "",
            "size": {
                "x": 30.0,
                "y": 20.0,
                "z": 30.0
            }
        },
        "12": {
            "$type": "DungeonWayPoint",
            "gadgetId": 70310387,
            "pos": {
                "x": -44.1951904296875,
                "y": -21.727460861206055,
                "z": 53.08776092529297
            },
            "rot": {
                "y": 269.6993103027344
            },
            "tranPos": {
                "x": -138.05006408691406,
                "y": -35.30593490600586,
                "z": 63.18206787109375
            },
            "alias": "",
            "ADNDKHDKAEC": "",
            "BEDBEJAACAH": "",
            "size": {
                "x": 30.0,
                "y": 20.0,
                "z": 30.0
            }
        },
        "13": {
            "$type": "DungeonWayPoint",
            "gadgetId": 70310387,
            "pos": {
                "x": 80.46572875976562,
                "y": 25.329999923706055,
                "z": -41.19940185546875
            },
            "rot": {
                "y": 271.4537048339844
            },
            "tranPos": {
                "x": 80.08348846435547,
                "y": 25.329999923706055,
                "z": -41.30215072631836
            },
            "alias": "",
            "ADNDKHDKAEC": "",
            "BEDBEJAACAH": "",
            "size": {
                "x": 30.0,
                "y": 20.0,
                "z": 30.0
            }
        },
        "2": {
            "$type": "DungeonSlipRevivePoint",
            "gadgetId": 70010006,
            "pos": {
                "x": -110.68199920654297,
                "y": -46.46538162231445,
                "z": 25.606019973754883
            },
            "rot": {
                "y": 89.03350067138672
            },
            "tranPos": {
                "x": -110.68646240234375,
                "y": -46.46538162231445,
                "z": 25.87333869934082
            },
            "alias": "",
            "ADNDKHDKAEC": "",
            "BEDBEJAACAH": "",
            "size": {
                "x": 20.0,
                "y": 20.0,
                "z": 20.0
            }
        },
        "3": {
            "$type": "DungeonSlipRevivePoint",
            "gadgetId": 70010006,
            "pos": {
                "x": -77.5509262084961,
                "y": -31.9327392578125,
                "z": 52.36888885498047
            },
            "rot": {
                "y": 89.03350067138672
            },
            "tranPos": {
                "x": -77.5509262084961,
                "y": -31.9327392578125,
                "z": 52.36888885498047
            },
            "tranRot": {
                "y": 89.2334976196289
            },
            "alias": "",
            "ADNDKHDKAEC": "",
            "BEDBEJAACAH": "",
            "size": {
                "x": 20.0,
                "y": 20.0,
                "z": 20.0
            }
        },
        "4": {
            "$type": "DungeonSlipRevivePoint",
            "gadgetId": 70010006,
            "pos": {
                "x": -49.010040283203125,
                "y": -21.757080078125,
                "z": 0.7618981003761292
            },
            "rot": {
                "y": 180.2563018798828
            },
            "tranPos": {
                "x": -49.010040283203125,
                "y": -21.757080078125,
                "z": 0.7618981003761292
            },
            "tranRot": {
                "y": 180.2563018798828
            },
            "alias": "",
            "ADNDKHDKAEC": "",
            "BEDBEJAACAH": "",
            "size": {
                "x": 20.0,
                "y": 20.0,
                "z": 20.0
            }
        },
        "5": {
            "$type": "DungeonSlipRevivePoint",
            "gadgetId": 70010006,
            "pos": {
                "x": 46.891029357910156,
                "y": 27.416379928588867,
                "z": -74.68575286865234
            },
            "rot": {
                "y": 89.88619995117188
            },
            "tranPos": {
                "x": 46.891029357910156,
                "y": 27.416379928588867,
                "z": -74.68575286865234
            },
            "tranRot": {
                "y": 89.88614654541016
            },
            "alias": "",
            "ADNDKHDKAEC": "",
            "BEDBEJAACAH": "",
            "size": {
                "x": 10.0,
                "y": 5.0,
                "z": 10.0
            }
        },
        "6": {
            "$type": "DungeonSlipRevivePoint",
            "gadgetId": 70010006,
            "pos": {
                "x": -27.11846923828125,
                "y": -27.24789047241211,
                "z": -37.72277069091797
            },
            "rot": {
                "y": 89.88619995117188
            },
            "tranPos": {
                "x": -27.11846923828125,
                "y": -27.24789047241211,
                "z": -37.72277069091797
            },
            "tranRot": {
                "y": 89.88619995117188
            },
            "alias": "",
            "ADNDKHDKAEC": "",
            "BEDBEJAACAH": "",
            "size": {
                "x": 15.0,
                "y": 10.0,
                "z": 15.0
            }
        },
        "7": {
            "$type": "DungeonSlipRevivePoint",
            "gadgetId": 70010006,
            "pos": {
                "x": 3.4224040508270264,
                "y": 52.79999923706055,
                "z": 117.36720275878906
            },
            "rot": {
                "y": 355.76220703125
            },
            "tranPos": {
                "x": 3.875771999359131,
                "y": 52.79999923706055,
                "z": 111.2488021850586
            },
            "tranRot": {
                "y": 355.76220703125
            },
            "alias": "",
            "ADNDKHDKAEC": "",
            "BEDBEJAACAH": "",
            "size": {
                "x": 15.0,
                "y": 10.0,