{
    "OKJIDAEFIOD": {
        "1": {
            "$type": "NIPJPDIBHHL",
            "ILIFEDBAGLB": 70120004,
            "ECLBMPMBMLE": {
                "_x": 40.89447021484375,
                "_y": 1.3317189768713433e-06,
                "_z": -30.4661808013916
            },
            "GKOBOKNGMNE": {
                "_x": 40.894466400146484,
                "_y": 1.3317189768713433e-06,
                "_z": -30.46617889404297
            },
            "OGLCIHHLECO": "",
            "EIHBECKFELM": "",
            "NBPLDPOGDAA": "",
            "KDKNEEKBHOC": {
                "_x": 3.0,
                "_y": 3.0,
                "_z": 3.0
            }
        }
    },
    "HNNNIMLDONJ": {}
}