{
    "NAFEKMENODO": {
        "1": {
            "$type": "EEALIHOHGHO",
            "gadgetId": 70120004,
            "pos": {
                "x": -145.15589904785156,
                "y": 1.2278759479522705,
                "z": -40.42914962768555
            },
            "rot": {
                "y": 90.0
            },
            "unlocked": true,
            "alias": "",
            "FOGDFAPNFKB": "",
            "FMDFPCLHCKJ": "",
            "size": {
                "x": 3.0,
                "y": 3.0,
                "z": 3.0
            }
        },
        "2": {
            "$type": "HGLFPLHHAEO",
            "gadgetId": 70120003,
            "pos": {
                "x": -34.976871490478516,
                "y": 34.18741989135742,
                "z": -104.59989929199219
            },
            "unlocked": true,
            "alias": "",
            "FOGDFAPNFKB": "",
            "FMDFPCLHCKJ": "",
            "size": {
                "x": 20.0,
                "y": 20.0,
                "z": 20.0
            }
        },
        "3": {
            "$type": "HGLFPLHHAEO",
            "gadgetId": 70010006,
            "pos": {
                "x": -134.36349487304688,
                "y": 3.707995891571045,
                "z": -86.1004409790039
            },
            "unlocked": true,
            "alias": "",
            "FOGDFAPNFKB": "",
            "FMDFPCLHCKJ": "",
            "size": {
                "x": 10.0,
                "y": 15.0,
                "z": 15.0
            }
        },
        "4": {
            "$type": "KKIIGADKBKE",
            "gadgetId": 70010006,
            "pos": {
                "x": 12.965519905090332,
                "y": 39.885860443115234,
                "z": -77.84030151367188
            },
            "rot": {
                "y": 270.0
            },
            "unlocked": true,
            "alias": "",
            "FOGDFAPNFKB": "",
            "FMDFPCLHCKJ": "",
            "size": {
                "x": 30.0,
                "y": 30.0,
                "z": 30.0
            }
        },
        "5": {
            "$type": "KKIIGADKBKE",
            "gadgetId": 70010006,
            "pos": {
                "x": -42.083499908447266,
                "y": 33.22346878051758,
                "z": -87.5892562866211
            },
            "rot": {
                "y": 270.0
            },
            "unlocked": true,
            "alias": "",
            "FOGDFAPNFKB": "",
            "FMDFPCLHCKJ": "",
            "size": {
                "x": 20.0,
                "y": 20.0,
                "z": 20.0
            }
        },
        "6": {
            "$type": "HGLFPLHHAEO",
            "gadgetId": 70010006,
            "pos": {
                "x": -157.84249877929688,
                "y": 2.3387279510498047,
                "z": -18.08234977722168
            },
            "rot": {
                "y": 180.0
            },
            "unlocked": true,
            "alias": "",
            "FOGDFAPNFKB": "",
            "FMDFPCLHCKJ": "",
            "size": {
                "x": 40.0,
                "y": 40.0,
                "z": 80.0
            }
        }
    },
    "entities": {
        "1": {
            "$type": "CIJDAELJICH",
            "gadgetId": 70010006,
            "pos": {
                "x": 22.495519638061523,
                "y": 11.78048038482666,
                "z": -61.76300048828125
            },
            "unlocked": true,
            "alias": "",
            "FOGDFAPNFKB": "",
            "FMDFPCLHCKJ": "",
            "triggerFlag": "DeadRegion",
            "shape": {
                "$type": "KLMBGIDHBDA",
                "MNJJPFENMPD": true,
                "height": 50.0,
                "JELJIJGLKLO": "Center",
                "width": 100.0,
                "length": 100.0
            },
            "KFMDCCEEGGJ": ""
        },
        "2": {
            "$type": "CIJDAELJICH",
            "gadgetId": 70010006,
            "pos": {
                "x": -41.367591857910156,
                "y": -4.122889995574951,
                "z": -87.23587799072266
            },
            "unlocked": true,
            "alias": "",
            "FOGDFAPNFKB": "",
            "FMDFPCLHCKJ": "",
            "triggerFlag": "DeadRegion",
            "shape": {
                "$type": "KLMBGIDHBDA",
                "MNJJPFENMPD": true,
                "height": 50.0,
                "JELJIJGLKLO": "Center",
                "width": 50.0,
                "length": 50.0
            },
            "KFMDCCEEGGJ": ""
        },
        "3": {
            "$type": "CIJDAELJICH",
            "gadgetId": 70010006,
            "pos": {
                "x": -79.70185852050781,
                "y": 8.969461441040039,
                "z": -70.48956298828125
            },
            "unlocked": true,
            "alias": "",
            "FOGDFAPNFKB": "",
            "FMDFPCLHCKJ": "",
            "triggerFlag": "DeadRegion",
            "shape": {
                "$type": "KLMBGIDHBDA",
                "MNJJPFENMPD": true,
                "height": 50.0,
                "JELJIJGLKLO": "Center",
                "width": 70.0,
                "length": 10.0
            },
            "KFMDCCEEGGJ": ""
        },
        "4": {
            "$type": "CIJDAELJICH",
            "gadgetId": 70010006,
            "pos": {
                "x": -37.057220458984375,
                "y": -24.935230255126953,
                "z": -52.154720306396484
            },
            "unlocked": true,
            "alias": "",
            "FOGDFAPNFKB": "",
            "FMDFPCLHCKJ": "",
            "triggerFlag": "DeadRegion",
            "shape": {
                "$type": "KLMBGIDHBDA",
                "MNJJPFENMPD": true,
                "height": 50.0,
                "JELJIJGLKLO": "Center",
                "width": 100.0,
                "length": 100.0
            },
            "KFMDCCEEGGJ": ""
        },
        "5": {
            "$type": "CIJDAELJICH",
            "gadgetId": 70010006,
            "pos": {
                "x": -81.77198791503906,
                "y": 7.300955772399902,
                "z": -104.4573974609375
            },
            "unlocked": true,
            "alias": "",
            "FOGDFAPNFKB": "",
            "FMDFPCLHCKJ": "",
            "triggerFlag": "DeadRegion",
            "shape": {
                "$type": "KLMBGIDHBDA",
                "MNJJPFENMPD": true,
                "height": 50.0,
                "JELJIJGLKLO": "Center",
                "width": 70.0,
                "length": 10.0
            },
            "KFMDCCEEGGJ": ""
        },
        "6": {
            "$type": "CIJDAELJICH",
            "gadgetId": 70010006,
            "pos": {
                "x": -59.4727897644043,
                "y": -14.240059852600098,
                "z": -89.2310562133789
            },
            "unlocked": true,
            "alias": "",
            "FOGDFAPNFKB": "",
            "FMDFPCLHCKJ": "",
            "triggerFlag": "DeadRegion",
            "shape": {
                "$type": "KLMBGIDHBDA",
                "MNJJPFENMPD": true,
                "height": 50.0,
                "JELJIJGLKLO": "Center",
                "width": 50.0,
                "length": 50.0
            },
            "KFMDCCEEGGJ": ""
        },
        "7": {
            "$type": "CIJDAELJICH",
            "gadgetId": 70010006,
            "pos": {
                "x": -104.17040252685547,
                "y": -24.00567054748535,
                "z": -84.73438262939453
            },
            "unlocked": true,
            "alias": "",
            "FOGDFAPNFKB": "",