{
    "NEKGGALFGNE": {
        "1": {
            "$type": "GHAENHOMJDL",
            "gadgetId": 70120003,
            "pos": {
                "x": -109.54460144042969,
                "y": -37.482688903808594,
                "z": 61.715309143066406
            },
            "unlocked": true,
            "alias": "",
            "OJICGFEJFHF": "",
            "NIIGCOHDBPF": "",
            "size": {
                "x": 20.0,
                "y": 10.0,
                "z": 30.0
            }
        },
        "2": {
            "$type": "HLNNHPGMKBL",
            "gadgetId": 70120004,
            "pos": {
                "x": 139.79490661621094,
                "y": -92.4142837524414,
                "z": -201.19039916992188
            },
            "rot": {
                "y": 271.0361022949219
            },
            "unlocked": true,
            "alias": "",
            "OJICGFEJFHF": "",
            "NIIGCOHDBPF": "",
            "size": {
                "x": 5.0,
                "y": 5.0,
                "z": 5.0
            }
        },
        "3": {
            "$type": "GHAENHOMJDL",
            "gadgetId": 70120003,
            "pos": {
                "x": -64.81147766113281,
                "y": -67.74526977539062,
                "z": -95.06867980957031
            },
            "rot": {
                "y": 90.0
            },
            "unlocked": true,
            "alias": "",
            "OJICGFEJFHF": "",
            "NIIGCOHDBPF": "",
            "size": {
                "x": 40.0,
                "y": 10.0,
                "z": 20.0
            }
        },
        "4": {
            "$type": "GHAENHOMJDL",
            "gadgetId": 70120003,
            "pos": {
                "x": -97.37194061279297,
                "y": -80.56694793701172,
                "z": -190.7346954345703
            },
            "rot": {
                "y": 90.0
            },
            "unlocked": true,
            "alias": "",
            "OJICGFEJFHF": "",
            "NIIGCOHDBPF": "",
            "size": {
                "x": 20.0,
                "y": 10.0,
                "z": 20.0
            }
        },
        "5": {
            "$type": "DBLPHPBFHCE",
            "gadgetId": 70010006,
            "pos": {
                "x": 108.01000213623047,
                "y": -92.30342864990234,
                "z": -211.72940063476562
            },
            "rot": {
                "y": 54.63330078125
            },
            "unlocked": true,
            "alias": "",
            "OJICGFEJFHF": "",
            "NIIGCOHDBPF": "",
            "size": {
                "x": 30.0,
                "y": 10.0,
                "z": 30.0
            }
        },
        "6": {
            "$type": "DBLPHPBFHCE",
            "gadgetId": 70010006,
            "pos": {
                "x": -45.8973388671875,
                "y": -32.41558074951172,
                "z": 26.46742057800293
            },
            "rot": {
                "y": 359.1877136230469
            },
            "unlocked": true,
            "alias": "",
            "OJICGFEJFHF": "",
            "NIIGCOHDBPF": "",
            "size": {
                "x": 10.0,
                "y": 10.0,
                "z": 10.0
            }
        },
        "7": {
            "$type": "DBLPHPBFHCE",
            "gadgetId": 70010006,
            "pos": {
                "x": -110.69490051269531,
                "y": -37.345680236816406,
                "z": 69.72505950927734
            },
            "rot": {
                "y": 88.13069915771484
            },
            "unlocked": true,
            "alias": "",
            "OJICGFEJFHF": "",
            "NIIGCOHDBPF": "",
            "size": {
                "x": 20.0,
                "y": 20.0,
                "z": 20.0
            }
        },
        "8": {
            "$type": "DBLPHPBFHCE",
            "gadgetId": 70010006,
            "pos": {
                "x": -62.582698822021484,
                "y": -67.65986633300781,
                "z": -192.09860229492188
            },
            "rot": {
                "y": 177.43519592285156
            },
            "unlocked": true,
            "alias": "",
            "OJICGFEJFHF": "",
            "NIIGCOHDBPF": "",
            "size": {
                "x": 10.0,
                "y": 10.0,
                "z": 10.0
            }
        }
    },
    "forces": {
        "1": {
            "$type": "MOMLOOMLFBP",
            "gadgetId": 70610102,
            "pos": {
                "x": -57.01129913330078,
                "y": -78.40540313720703,
                "z": -32.89897918701172
            },
            "unlocked": true,
            "alias": "",
            "OJICGFEJFHF": "",
            "NIIGCOHDBPF": "",
            "velocity": 8.0,
            "stayEffect": "Eff_Windfield_Stay",
            "enterEffect": "Eff_Windfield_Enter"
        }
    },
    "entities": {
        "1": {
            "$type": "EMBAKBDCMLP",
            "gadgetId": 70010006,
            "pos": {
                "x": -56.860469818115234,
                "y": -116.37229919433594,
                "z": 132.1154022216797
            },
            "unlocked": true,
            "alias": "",
            "OJICGFEJFHF": "",
            "NIIGCOHDBPF": "",
            "KBOGLJLDGMC": 500.0,
            "NGBJGPGAHFP": true,
            "triggerFlag": "NoReviveRegion",
            "shape": {
                "$type": "NDFENLCJONG",
                "KMPIJPHJAEN": true,
                "height": 2002.0,
                "GHAGDAIJFHJ": "Center",
                "width": 100.0,
                "length": 50.0
            },
            "CGADHNOAGIB": ""
        },
        "10": {
            "$type": "EMBAKBDCMLP",
            "gadgetId": 70010006,
            "pos": {
                "x": 105.339599609375,
                "y": -89.89691162109375,
                "z": -36.40346908569336
            },
            "unlocked": true,
            "alias": "",
            "OJICGFEJFHF": "",
            "NIIGCOHDBPF": "",
            "KBOGLJLDGMC": 500.0,
            "NGBJGPGAHFP": true,
            "triggerFlag": "DeadRegion",
            "shape": {
                "$type": "NDFENLCJONG",
                "KMPIJPHJAEN": true,
                "height": 200.0,
                "GHAGDAIJFHJ": "Center",
                "width": 200.0,
                "length": 250.0
            },
            "CGADHNOAGIB": ""
        },
        "11": {
            "$type": "EMBAKBDCMLP",
            "gadgetId": 70010006,
            "pos": {
                "x": 82.73174285888672,
                "y": 45.54658889770508,
                "z": -214.2631072998047
            },
            "unlocked": true,
            "alias": "",
            "OJICGFEJFHF": "",
            "NIIGCOHDBPF": "",
            "KBOGLJLDGMC": 500.0,
            "NGBJGPGAHFP": true,
            "triggerFlag": "DeadRegion",
            "shape": {
                "$type": "NDFENLCJONG",
                "KMPIJPHJAEN": true,
                "height": 200.0,
                "GHAGDAIJFHJ": "Center",
                "width": 200.0,
                "length": 150.0
            },
            "CGADHNOAGIB": ""
        },
        "12": {
            "$type": "EMBAKBDCMLP",
            "gadgetId": 70010006,
            "pos": {
                "x": 31.356149673461914,
                "y": -80.28324127197266,
                "z": -163.14039611816406
            },
            "unlocked": true,
            "alias": "",
            "OJICGFEJFHF": "",
            "NIIGCOHDBPF": "",
            "KBOGLJLDGMC": 500.0,
            "NGBJGPGAHFP": true,
            "triggerFlag": "DeadRegion",