{
    "NAFEKMENODO": {
        "1": {
            "$type": "HGLFPLHHAEO",
            "gadgetId": 70010006,
            "pos": {
                "x": 192.47560119628906,
                "y": 187.35850524902344,
                "z": 635.5573120117188
            },
            "rot": {
                "y": 66.01412963867188
            },
            "tranPos": {
                "x": 192.47560119628906,
                "y": 187.35850524902344,
                "z": 635.5573120117188
            },
            "tranRot": {
                "y": 66.01412963867188
            },
            "alias": "",
            "FOGDFAPNFKB": "",
            "FMDFPCLHCKJ": "",
            "size": {
                "x": 20.0,
                "y": 20.0,
                "z": 20.0
            }
        },
        "2": {
            "$type": "HGLFPLHHAEO",
            "gadgetId": 70010006,
            "pos": {
                "x": 205.5590057373047,
                "y": 188.8000946044922,
                "z": 591.9688720703125
            },
            "rot": {
                "x": 0.8231850862503052,
                "y": 203.32080078125,
                "z": 0.43914270401000977
            },
            "tranPos": {
                "x": 205.5590057373047,
                "y": 188.80014038085938,
                "z": 591.9688720703125
            },
            "tranRot": {
                "y": 203.32080078125
            },
            "alias": "",
            "FOGDFAPNFKB": "",
            "FMDFPCLHCKJ": "",
            "size": {
                "x": 20.0,
                "y": 20.0,
                "z": 20.0
            }
        },
        "3": {
            "$type": "HGLFPLHHAEO",
            "gadgetId": 70010006,
            "pos": {
                "x": 286.8004150390625,
                "y": 220.69119262695312,
                "z": 559.6179809570312
            },
            "rot": {
                "y": 339.6853942871094
            },
            "tranPos": {
                "x": 286.80035400390625,
                "y": 220.69117736816406,
                "z": 559.6179809570312
            },
            "tranRot": {
                "y": 339.6853942871094
            },
            "alias": "",
            "FOGDFAPNFKB": "",
            "FMDFPCLHCKJ": "",
            "size": {
                "x": 20.0,
                "y": 20.0,
                "z": 20.0
            }
        },
        "4": {
            "$type": "HGLFPLHHAEO",
            "gadgetId": 70010006,
            "pos": {
                "x": 250.281494140625,
                "y": 214.30599975585938,
                "z": 635.5999755859375
            },
            "rot": {
                "y": 215.84539794921875
            },
            "tranPos": {
                "x": 250.281494140625,
                "y": 214.30599975585938,
                "z": 635.5999755859375
            },
            "tranRot": {
                "y": 215.84539794921875
            },
            "alias": "",
            "FOGDFAPNFKB": "",
            "FMDFPCLHCKJ": "",
            "size": {
                "x": 20.0,
                "y": 20.0,
                "z": 20.0
            }
        }
    }
}