{
    "NEKGGALFGNE": {
        "1": {
            "$type": "HLNNHPGMKBL",
            "gadgetId": 70120004,
            "pos": {
                "x": -138.51060485839844,
                "y": 20.584489822387695,
                "z": 23.66275978088379
            },
            "tranPos": {
                "x": -139.0945587158203,
                "y": 24.134578704833984,
                "z": 19.415422439575195
            },
            "unlocked": true,
            "alias": "",
            "OJICGFEJFHF": "",
            "NIIGCOHDBPF": "",
            "size": {
                "x": 3.0,
                "y": 3.0,
                "z": 3.0
            }
        }
    },
    "GIFOHNONNCM": {}
}