{
    "OKJIDAEFIOD": {
        "1": {
            "$type": "NIPJPDIBHHL",
            "ILIFEDBAGLB": 70120004,
            "ECLBMPMBMLE": {
                "_x": 243.27639770507812,
                "_y": 157.135498046875,
                "_z": 275.4847106933594
            },
            "GKOBOKNGMNE": {
                "_x": 243.38816833496094,
                "_y": 163.382080078125,
                "_z": 263.9862365722656
            },
            "OGLCIHHLECO": "",
            "EIHBECKFELM": "",
            "NBPLDPOGDAA": "",
            "KDKNEEKBHOC": {
                "_x": 5.0,
                "_y": 5.0,
                "_z": 5.0
            }
        },
        "2": {
            "$type": "JMLCJLEOKLI",
            "ILIFEDBAGLB": 70010006,
            "ECLBMPMBMLE": {
                "_x": 242.39830017089844,
                "_y": 162.4167022705078,
                "_z": 441.74530029296875
            },
            "FANCKABFCPH": {
                "_y": 90.0
            },
            "GKOBOKNGMNE": {
                "_x": 221.0177001953125,
                "_y": 160.2595977783203,
                "_z": 441.8280944824219
            },
            "CPDMGEEENAG": {
                "_y": 90.0
            },
            "NBLDNHLJLIN": true,
            "OGLCIHHLECO": "",
            "EIHBECKFELM": "",
            "NBPLDPOGDAA": "",
            "KDKNEEKBHOC": {
                "_x": 50.0,
                "_y": 20.0,
                "_z": 50.0
            }
        },
        "3": {
            "$type": "JMLCJLEOKLI",
            "ILIFEDBAGLB": 70010006,
            "ECLBMPMBMLE": {
                "_x": 243.3647003173828,
                "_y": 157.341796875,
                "_z": 292.88018798828125
            },
            "FANCKABFCPH": {
                "_y": 180.0
            },
            "GKOBOKNGMNE": {
                "_x": 243.14340209960938,
                "_y": 160.2104949951172,
                "_z": 330.5224914550781
            },
            "CPDMGEEENAG": {
                "_y": 180.0
            },
            "NBLDNHLJLIN": true,
            "OGLCIHHLECO": "",
            "EIHBECKFELM": "",
            "NBPLDPOGDAA": "",
            "KDKNEEKBHOC": {
                "_x": 50.0,
                "_y": 20.0,
                "_z": 50.0
            }
        }
    },
    "HNNNIMLDONJ": {}
}