{
    "OKJIDAEFIOD": {
        "1": {
            "$type": "NIPJPDIBHHL",
            "ILIFEDBAGLB": 70010001,
            "ECLBMPMBMLE": {
                "_x": -0.16377070546150208,
                "_y": 17.860979080200195,
                "_z": 696.8057861328125
            },
            "GKOBOKNGMNE": {
                "_y": -3.1689999103546143,
                "_z": 670.1317138671875
            },
            "OGLCIHHLECO": "",
            "EIHBECKFELM": "",
            "NBPLDPOGDAA": "",
            "KDKNEEKBHOC": {
                "_x": 5.0,
                "_y": 5.0,
                "_z": 5.0
            }
        }
    },
    "HNNNIMLDONJ": {}
}