{
    "OKJIDAEFIOD": {
        "1": {
            "$type": "NIPJPDIBHHL",
            "ILIFEDBAGLB": 70360297,
            "ECLBMPMBMLE": {
                "_x": 119.75769805908203,
                "_y": -8.762720108032227,
                "_z": -1.8254369497299194
            },
            "FANCKABFCPH": {
                "_y": 270.0
            },
            "GKOBOKNGMNE": {
                "_x": 305.36627197265625,
                "_y": -3.1389966011047363,
                "_z": 79.37376403808594
            },
            "OGLCIHHLECO": "",
            "EIHBECKFELM": "",
            "NBPLDPOGDAA": "",
            "KDKNEEKBHOC": {
                "_x": 5.0,
                "_y": 5.0,
                "_z": 5.0
            }
        },
        "2": {
            "$type": "MFHOPOBHMHB",
            "ILIFEDBAGLB": 70010006,
            "ECLBMPMBMLE": {
                "_x": -112.23680114746094,
                "_y": 30.719989776611328,
                "_z": 456.7137145996094
            },
            "FANCKABFCPH": {
                "_y": 90.0
            },
            "GKOBOKNGMNE": {
                "_x": -113.9507064819336,
                "_y": 30.719985961914062,
                "_z": 406.1401672363281
            },
            "NBLDNHLJLIN": true,
            "OGLCIHHLECO": "",
            "EIHBECKFELM": "",
            "NBPLDPOGDAA": "",
            "KDKNEEKBHOC": {
                "_x": 8.0,
                "_y": 8.0,
                "_z": 8.0
            }
        },
        "3": {
            "$type": "MFHOPOBHMHB",
            "ILIFEDBAGLB": 70010006,
            "ECLBMPMBMLE": {
                "_x": -18.542560577392578,
                "_y": 30.719959259033203,
                "_z": 461.8575134277344
            },
            "GKOBOKNGMNE": {
                "_x": -71.9081802368164,
                "_y": 30.719985961914062,
                "_z": 410.7159118652344
            },
            "NBLDNHLJLIN": true,
            "OGLCIHHLECO": "",
            "EIHBECKFELM": "",
            "NBPLDPOGDAA": "",
            "KDKNEEKBHOC": {
                "_x": 110.0,
                "_y": 10.0,
                "_z": 8.0
            }
        },
        "4": {
            "$type": "MFHOPOBHMHB",
            "ILIFEDBAGLB": 70010006,
            "ECLBMPMBMLE": {
                "_x": -18.187000274658203,
                "_y": 30.719959259033203,
                "_z": 427.3363952636719
            },
            "GKOBOKNGMNE": {
                "_x": -18.186996459960938,
                "_y": 30.719955444335938,
                "_z": 380.73236083984375
            },
            "NBLDNHLJLIN": true,
            "OGLCIHHLECO": "",
            "EIHBECKFELM": "",
            "NBPLDPOGDAA": "",
            "KDKNEEKBHOC": {
                "_x": 110.0,
                "_y": 10.0,
                "_z": 10.0
            }
        },
        "5": {
            "$type": "MFHOPOBHMHB",
            "ILIFEDBAGLB": 70010006,
            "ECLBMPMBMLE": {
                "_x": 4.905930995941162,
                "_y": 20.719989776611328,
                "_z": 357.9088134765625
            },
            "GKOBOKNGMNE": {
                "_x": 4.534221649169922,
                "_y": 20.719985961914062,
                "_z": 306.0668029785156
            },
            "NBLDNHLJLIN": true,
            "OGLCIHHLECO": "",
            "EIHBECKFELM": "",
            "NBPLDPOGDAA": "",
            "KDKNEEKBHOC": {
                "_x": 20.0,
                "_y": 15.0,
                "_z": 110.0
            }
        },
        "6": {
            "$type": "MFHOPOBHMHB",
            "ILIFEDBAGLB": 70010006,
            "ECLBMPMBMLE": {
                "_x": -63.07883071899414,
                "_y": 25.719999313354492,
                "_z": 338.1424865722656
            },
            "GKOBOKNGMNE": {
                "_x": -63.078834533691406,
                "_y": 25.720001220703125,
                "_z": 286.30047607421875
            },
            "NBLDNHLJLIN": true,
            "OGLCIHHLECO": "",
            "EIHBECKFELM": "",
            "NBPLDPOGDAA": "",
            "KDKNEEKBHOC": {
                "_x": 120.0,
                "_y": 20.0,
                "_z": 30.0
            }
        }
    },
    "LHHAHFPKBCM": {
        "1": {
            "$type": "AMEIDNAJKIJ",
            "ILIFEDBAGLB": 70010006,
            "ECLBMPMBMLE": {
                "_x": 30.97031021118164,
                "_y": -1.68914794921875,
                "_z": 215.7071075439453
            },
            "GKOBOKNGMNE": {
                "_x": 6.0857086181640625,
                "_y": -3.5182533264160156,
                "_z": 6.182591915130615
            },
            "NBLDNHLJLIN": true,
            "OGLCIHHLECO": "",
            "EIHBECKFELM": "",
            "NBPLDPOGDAA": "",
            "NPLFHDBONNK": "DeadRegion",
            "MCNOGNBMIDN": {
                "$type": "LLNPBLICDHC",
                "GKIBEHOFNBF": true,
                "BJFNPGBKPHH": 20.0,
                "PGAJCDACFCA": "Center",
                "IJDCDHPEIEK": 196.0,
                "KMCIHHPLFHL": 196.0
            },
            "LEPALCGBCKG": ""
        },
        "2": {
            "$type": "AMEIDNAJKIJ",
            "ILIFEDBAGLB": 70010006,
            "ECLBMPMBMLE": {
                "_x": 127.6592025756836,
                "_y": -7.394313812255859,
                "_z": 33.85332107543945
            },
            "GKOBOKNGMNE": {
                "_x": 127.65916442871094,
                "_y": -13.811983108520508,
                "_z": 10.441397666931152
            },
            "NBLDNHLJLIN": true,
            "OGLCIHHLECO": "",
            "EIHBECKFELM": "",
            "NBPLDPOGDAA": "",
            "MCNOGNBMIDN": {
                "$type": "LLNPBLICDHC",
                "GKIBEHOFNBF": true,
                "BJFNPGBKPHH": 10.0,
                "PGAJCDACFCA": "Center",
                "IJDCDHPEIEK": 50.0,
                "KMCIHHPLFHL": 50.0
            },
            "LEPALCGBCKG": ""
        }
    },
    "HNNNIMLDONJ": {}
}