{
    "EIAKLLDIBOG": {
        "1": {
            "$type": "DungeonQuitPoint",
            "gadgetId": 70120004,
            "pos": {
                "x": 2656.9130859375,
                "y": 583.9180297851562,
                "z": -1763.48095703125
            },
            "rot": {
                "y": 90.10440063476562
            },
            "tranPos": {
                "x": -9.340493202209473,
                "y": 139.9784698486328,
                "z": 601.1798095703125
            },
            "alias": "",
            "OKBHIJJFEKD": "",
            "BKAILKIEBDH": "",
            "size": {
                "x": 2.0,
                "y": 2.0,
                "z": 2.0
            }
        },
        "3": {
            "$type": "DungeonSlipRevivePoint",
            "gadgetId": 70010006,
            "pos": {
                "x": 2606.22607421875,
                "y": 581.1124267578125,
                "z": -1772.3060302734375
            },
            "rot": {
                "x": 359.68719482421875,
                "y": 84.43800354003906,
                "z": 358.0079040527344
            },
            "tranPos": {
                "x": 2606.22607421875,
                "y": 581.1124267578125,
                "z": -1772.3060302734375
            },
            "tranRot": {
                "y": 84.43800354003906
            },
            "alias": "",
            "OKBHIJJFEKD": "",
            "BKAILKIEBDH": "",
            "size": {
                "x": 20.0,
                "y": 10.0,
                "z": 20.0
            }
        },
        "4": {
            "$type": "DungeonSlipRevivePoint",
            "gadgetId": 70010006,
            "pos": {
                "x": 2378.218017578125,
                "y": 540.2255249023438,
                "z": -1757.3580322265625
            },
            "rot": {
                "x": 353.5260009765625,
                "y": 146.0019073486328,
                "z": 356.65948486328125
            },
            "tranPos": {
                "x": 2378.218017578125,
                "y": 540.2255249023438,
                "z": -1757.3580322265625
            },
            "tranRot": {
                "y": 146.0019073486328
            },
            "alias": "",
            "OKBHIJJFEKD": "",
            "BKAILKIEBDH": "",
            "size": {
                "x": 20.0,
                "y": 10.0,
                "z": 20.0
            }
        },
        "5": {
            "$type": "DungeonSlipRevivePoint",
            "gadgetId": 70010006,
            "pos": {
                "x": 2418.22802734375,
                "y": 533.0260009765625,
                "z": -1785.998046875
            },
            "rot": {
                "y": 112.9989013671875
            },
            "tranPos": {
                "x": 2418.22802734375,
                "y": 533.0260009765625,
                "z": -1785.998046875
            },
            "tranRot": {
                "y": 112.9989013671875
            },
            "alias": "",
            "OKBHIJJFEKD": "",
            "BKAILKIEBDH": "",
            "size": {
                "x": 20.0,
                "y": 10.0,
                "z": 20.0
            }
        },
        "6": {
            "$type": "DungeonSlipRevivePoint",
            "gadgetId": 70010006,
            "pos": {
                "x": 2518.69091796875,
                "y": 552.8137817382812,
                "z": -1722.1490478515625
            },
            "rot": {
                "y": 40.726898193359375
            },
            "tranPos": {
                "x": 2518.69091796875,
                "y": 552.8137817382812,
                "z": -1722.1490478515625
            },
            "tranRot": {
                "y": 40.72692108154297
            },
            "alias": "",
            "OKBHIJJFEKD": "",
            "BKAILKIEBDH": "",
            "size": {
                "x": 20.0,
                "y": 10.0,
                "z": 20.0
            }
        }
    },
    "entities": {
        "1": {
            "$type": "ConfigLocalTrigger",
            "gadgetId": 70010006,
            "pos": {
                "x": 2223.5419921875,
                "y": 453.9856872558594,
                "z": 37.173248291015625
            },
            "tranPos": {
                "x": 2273.989990234375,
                "y": 509.65948486328125,
                "z": 451.97174072265625
            },
            "unlocked": true,
            "alias": "",
            "OKBHIJJFEKD": "",
            "BKAILKIEBDH": "",
            "checkDist": 1400.0,
            "triggerFlag": "DeadRegion",
            "shape": {
                "$type": "ConfigShapeRect",
                "useHeight": true,
                "height": 100.0,
                "width": 1200.0,
                "length": 1200.0
            },
            "stringParam": ""
        },
        "2": {
            "$type": "ConfigLocalTrigger",
            "gadgetId": 70010006,
            "pos": {
                "x": 2092.864990234375,
                "y": 406.9739074707031,
                "z": 422.72198486328125
            },
            "tranPos": {
                "x": 2055.78076171875,
                "y": 522.4524536132812,
                "z": 422.7219543457031
            },
            "unlocked": true,
            "alias": "",
            "OKBHIJJFEKD": "",
            "BKAILKIEBDH": "",
            "checkDist": 1400.0,
            "triggerFlag": "NoReviveRegion",
            "shape": {
                "$type": "ConfigShapeCube",
                "useHeight": true,
                "height": 500.0,
                "width": 1200.0,
                "length": 1200.0
            },
            "stringParam": ""
        },
        "3": {
            "$type": "ConfigLocalTrigger",
            "gadgetId": 70010006,
            "pos": {
                "x": 2387.52490234375,
                "y": 536.238525390625,
                "z": 341.860107421875
            },
            "tranPos": {
                "x": 2358.205322265625,
                "y": 536.2384643554688,
                "z": 561.8160400390625
            },
            "unlocked": true,
            "alias": "",
            "OKBHIJJFEKD": "",
            "BKAILKIEBDH": "",
            "checkDist": 800.0,
            "shape": {
                "$type": "ConfigShapeRect",
                "useHeight": true,
                "height": 300.0,
                "width": 120.0,
                "length": 700.0
            },
            "stringParam": ""
        },
        "4": {
            "$type": "ConfigLocalTrigger",
            "gadgetId": 70010006,
            "pos": {
                "x": 2037.550048828125,
                "y": 536.238525390625,
                "z": 318.8351135253906
            },
            "tranPos": {
                "x": 2358.205322265625,
                "y": 536.2384643554688,
                "z": 561.8160400390625
            },
            "unlocked": true,
            "alias": "",
            "OKBHIJJFEKD": "",
            "BKAILKIEBDH": "",
            "checkDist": 800.0,
            "shape": {
                "$type": "ConfigShapeRect",
                "useHeight": true,
                "height": 300.0,
                "width": 120.0,
                "length": 700.0
            },
            "stringParam": ""
        },
        "5": {
            "$type": "ConfigLocalTrigger",
            "gadgetId": 70010006,
            "pos": {
                "x": 2263.618896484375,
                "y": 536.238525390625,
                "z": 775.13232421875
            },
            "tranPos": {
                "x": 2358.205322265625,
                "y": 536.2384643554688,
                "z": 561.8160400390625
            },
            "unlocked": true,
            "alias": "",
            "OKBHIJJFEKD": "",
            "BKAILKIEBDH": "",
            "checkDist": 800.0,
            "shape": {
                "$type": "ConfigShapeRect",
                "useHeight": true,