{
    "NEKGGALFGNE": {
        "1": {
            "$type": "HLNNHPGMKBL",
            "gadgetId": 70120004,
            "pos": {
                "x": 713.2462768554688,
                "y": 90.18800354003906,
                "z": 794.5971069335938
            },
            "rot": {
                "y": 148.29100036621094
            },
            "tranPos": {
                "x": 311.1571960449219,
                "y": 154.8105010986328,
                "z": 363.9762878417969
            },
            "alias": "",
            "OJICGFEJFHF": "",
            "NIIGCOHDBPF": "",
            "size": {
                "x": 5.0,
                "y": 5.0,
                "z": 5.0
            }
        }
    },
    "GIFOHNONNCM": {}
}