{
    "EIAKLLDIBOG": {
        "1": {
            "$type": "DungeonQuitPoint",
            "gadgetId": 70120004,
            "pos": {
                "x": 32.222679138183594,
                "y": 2.8923399448394775,
                "z": 112.82649993896484
            },
            "rot": {
                "y": 1.1799999475479126
            },
            "unlocked": true,
            "alias": "",
            "OKBHIJJFEKD": "",
            "BKAILKIEBDH": "",
            "size": {
                "x": 3.0,
                "y": 3.0,
                "z": 3.0
            }
        },
        "3": {
            "$type": "DungeonSlipRevivePoint",
            "gadgetId": 70010006,
            "pos": {
                "x": 69.99181365966797,
                "y": 0.3651356101036072,
                "z": 105.49629974365234
            },
            "rot": {
                "y": 180.0
            },
            "unlocked": true,
            "alias": "",
            "OKBHIJJFEKD": "",
            "BKAILKIEBDH": "",
            "size": {
                "x": 15.0,
                "y": 10.0,
                "z": 20.0
            }
        },
        "6": {
            "$type": "DungeonWayPoint",
            "gadgetId": 70010006,
            "pos": {
                "x": 16.637020111083984,
                "y": 15.707249641418457,
                "z": 129.3428955078125
            },
            "rot": {
                "y": 90.0
            },
            "unlocked": true,
            "alias": "",
            "OKBHIJJFEKD": "",
            "BKAILKIEBDH": "",
            "size": {
                "x": 10.0,
                "y": 10.0,
                "z": 10.0
            }
        },
        "7": {
            "$type": "DungeonWayPoint",
            "gadgetId": 70010006,
            "pos": {
                "x": 57.43595886230469,
                "y": 28.43191909790039,
                "z": 75.94615936279297
            },
            "unlocked": true,
            "alias": "",
            "OKBHIJJFEKD": "",
            "BKAILKIEBDH": "",
            "size": {
                "x": 8.0,
                "y": 6.0,
                "z": 6.0
            }
        },
        "8": {
            "$type": "DungeonSlipRevivePoint",
            "gadgetId": 70010006,
            "pos": {
                "x": 31.98542022705078,
                "y": 2.886341094970703,
                "z": 120.80020141601562
            },
            "unlocked": true,
            "alias": "",
            "OKBHIJJFEKD": "",
            "BKAILKIEBDH": "",
            "size": {
                "x": 20.0,
                "y": 10.0,
                "z": 20.0
            }
        }
    },
    "entities": {
        "1": {
            "$type": "ConfigLocalTrigger",
            "gadgetId": 70010006,
            "pos": {
                "x": 34.87874984741211,
                "y": -7.427349090576172,
                "z": 97.09597778320312
            },
            "tranPos": {
                "x": 30.880950927734375,
                "y": 2.0035619735717773,
                "z": 96.75653839111328
            },
            "unlocked": true,
            "alias": "",
            "OKBHIJJFEKD": "",
            "BKAILKIEBDH": "",
            "triggerFlag": "NoReviveRegion",
            "shape": {
                "$type": "ConfigShapeRect",
                "useHeight": true,
                "height": 40.0,
                "centerType": "Center",
                "width": 60.0,
                "length": 21.0
            },
            "stringParam": ""
        },
        "2": {
            "$type": "ConfigLocalTrigger",
            "gadgetId": 70010006,
            "pos": {
                "x": 53.8773307800293,
                "y": -14.32843017578125,
                "z": 117.87429809570312
            },
            "tranPos": {
                "x": 66.8731689453125,
                "y": -14.32843017578125,
                "z": 119.27428436279297
            },
            "unlocked": true,
            "alias": "",
            "OKBHIJJFEKD": "",
            "BKAILKIEBDH": "",
            "triggerFlag": "NoReviveRegion",
            "shape": {
                "$type": "ConfigShapeRect",
                "useHeight": true,
                "height": 40.0,
                "centerType": "Center",
                "width": 22.0,
                "length": 21.0
            },
            "stringParam": ""
        },
        "3": {
            "$type": "ConfigLocalTrigger",
            "gadgetId": 70010006,
            "pos": {
                "x": 16.992389678955078,
                "y": -7.563457012176514,
                "z": 112.26010131835938
            },
            "tranPos": {
                "x": 19.330224990844727,
                "y": 1.7305933237075806,
                "z": 115.60597229003906
            },
            "unlocked": true,
            "alias": "",
            "OKBHIJJFEKD": "",
            "BKAILKIEBDH": "",
            "triggerFlag": "NoReviveRegion",
            "shape": {
                "$type": "ConfigShapeRect",
                "useHeight": true,
                "height": 40.0,
                "centerType": "Center",
                "width": 10.0,
                "length": 21.0
            },
            "stringParam": ""
        }
    }
}