{
    "NAFEKMENODO": {
        "1": {
            "$type": "EEALIHOHGHO",
            "gadgetId": 70120004,
            "pos": {
                "x": 302.4538879394531,
                "y": 10.271459579467773,
                "z": 83.71174621582031
            },
            "tranPos": {
                "x": 100.02558135986328,
                "y": 10.356943130493164,
                "z": 95.34971618652344
            },
            "unlocked": true,
            "alias": "",
            "FOGDFAPNFKB": "",
            "FMDFPCLHCKJ": "",
            "size": {
                "x": 5.0,
                "y": 5.0,
                "z": 5.0
            }
        },
        "2": {
            "$type": "KKIIGADKBKE",
            "gadgetId": 70010006,
            "pos": {
                "x": 299.99560546875,
                "y": 10.271459579467773,
                "z": 93.98928833007812
            },
            "tranPos": {
                "x": 299.9955749511719,
                "y": 10.271456718444824,
                "z": 93.98928833007812
            },
            "unlocked": true,
            "alias": "",
            "FOGDFAPNFKB": "",
            "FMDFPCLHCKJ": "",
            "size": {
                "x": 50.0,
                "y": 30.0,
                "z": 50.0
            }
        }
    }
}