{
    "OKJIDAEFIOD": {
        "1": {
            "$type": "NIPJPDIBHHL",
            "OMNDEBJIOCP": "TOWER",
            "ILIFEDBAGLB": 70120004,
            "ECLBMPMBMLE": {
                "_x": 105.4999008178711,
                "_y": -9.372852325439453,
                "_z": 2.5651230812072754
            },
            "GKOBOKNGMNE": {
                "_x": 105.4999008178711,
                "_y": -9.372852325439453,
                "_z": 2.5651230812072754
            },
            "OGLCIHHLECO": "",
            "EIHBECKFELM": "",
            "NBPLDPOGDAA": "",
            "KDKNEEKBHOC": {
                "_x": 3.0,
                "_y": 3.0,
                "_z": 3.0
            }
        }
    },
    "HNNNIMLDONJ": {}
}