{
    "OKJIDAEFIOD": {
        "1": {
            "$type": "NIPJPDIBHHL",
            "ILIFEDBAGLB": 70120004,
            "ECLBMPMBMLE": {
                "_x": 302.4538879394531,
                "_y": 10.271459579467773,
                "_z": 83.71174621582031
            },
            "GKOBOKNGMNE": {
                "_x": 100.02558135986328,
                "_y": 10.356943130493164,
                "_z": 95.34971618652344
            },
            "NBLDNHLJLIN": true,
            "OGLCIHHLECO": "",
            "EIHBECKFELM": "",
            "NBPLDPOGDAA": "",
            "KDKNEEKBHOC": {
                "_x": 5.0,
                "_y": 5.0,
                "_z": 5.0
            }
        },
        "2": {
            "$type": "MFHOPOBHMHB",
            "ILIFEDBAGLB": 70010006,
            "ECLBMPMBMLE": {
                "_x": 299.99560546875,
                "_y": 10.271459579467773,
                "_z": 93.98928833007812
            },
            "GKOBOKNGMNE": {
                "_x": 299.9955749511719,
                "_y": 10.271456718444824,
                "_z": 93.98928833007812
            },
            "NBLDNHLJLIN": true,
            "OGLCIHHLECO": "",
            "EIHBECKFELM": "",
            "NBPLDPOGDAA": "",
            "KDKNEEKBHOC": {
                "_x": 50.0,
                "_y": 30.0,
                "_z": 50.0
            }
        }
    },
    "HNNNIMLDONJ": {}
}