{
    "EIAKLLDIBOG": {
        "1": {
            "$type": "DungeonQuitPoint",
            "gadgetId": 70120004,
            "pos": {
                "x": 499.985595703125,
                "y": 612.2706909179688,
                "z": -1569.239013671875
            },
            "tranPos": {
                "x": -1.3307570219039917,
                "y": -7.232944965362549,
                "z": 93.71742248535156
            },
            "alias": "",
            "OKBHIJJFEKD": "",
            "BKAILKIEBDH": "",
            "size": {
                "x": 3.0,
                "y": 3.0,
                "z": 3.0
            }
        },
        "3": {
            "$type": "DungeonWayPoint",
            "gadgetId": 70310387,
            "pos": {
                "x": 315.61358642578125,
                "y": 625.3599853515625,
                "z": -1656.7889404296875
            },
            "rot": {
                "y": 329.1712951660156
            },
            "tranPos": {
                "x": 319.0,
                "y": 625.3599853515625,
                "z": -1664.0
            },
            "alias": "",
            "OKBHIJJFEKD": "",
            "BKAILKIEBDH": ""
        },
        "4": {
            "$type": "DungeonWayPoint",
            "gadgetId": 70310387,
            "pos": {
                "x": 613.6616821289062,
                "y": 621.2880859375,
                "z": -1685.9339599609375
            },
            "rot": {
                "y": 29.26420021057129
            },
            "tranPos": {
                "x": 616.0,
                "y": 621.1875,
                "z": -1680.0
            },
            "alias": "",
            "OKBHIJJFEKD": "",
            "BKAILKIEBDH": ""
        },
        "5": {
            "$type": "DungeonWayPoint",
            "gadgetId": 70310387,
            "pos": {
                "x": 646.8242797851562,
                "y": 605.850830078125,
                "z": -1488.7239990234375
            },
            "rot": {
                "x": 359.93780517578125,
                "y": 6.84689998626709,
                "z": 359.73419189453125
            },
            "tranPos": {
                "x": 650.0,
                "y": 606.0,
                "z": -1483.0
            },
            "alias": "",
            "OKBHIJJFEKD": "",
            "BKAILKIEBDH": ""
        },
        "6": {
            "$type": "DungeonWayPoint",
            "gadgetId": 70310387,
            "pos": {
                "x": 369.74639892578125,
                "y": 632.1558837890625,
                "z": -1506.4429931640625
            },
            "rot": {
                "y": 206.0386962890625
            },
            "tranPos": {
                "x": 367.0,
                "y": 632.1558837890625,
                "z": -1511.0
            },
            "alias": "",
            "OKBHIJJFEKD": "",
            "BKAILKIEBDH": "",
            "size": {
                "x": 10.0,
                "y": 10.0,
                "z": 10.0
            }
        },
        "7": {
            "$type": "DungeonWayPoint",
            "gadgetId": 70310387,
            "pos": {
                "x": 499.2561950683594,
                "y": 609.3032836914062,
                "z": -1654.741943359375
            },
            "tranPos": {
                "x": 499.0,
                "y": 609.3033447265625,
                "z": -1646.0
            },
            "alias": "",
            "OKBHIJJFEKD": "",
            "BKAILKIEBDH": "",
            "size": {
                "x": 10.0,
                "y": 10.0,
                "z": 10.0
            }
        }
    },
    "entities": {
        "2": {
            "$type": "ConfigLocalTrigger",
            "gadgetId": 70010006,
            "pos": {
                "x": 498.705810546875,
                "y": 587.8455200195312,
                "z": -1681.1669921875
            },
            "tranPos": {
                "x": 499.0,
                "y": 609.0,
                "z": -1644.0
            },
            "unlocked": true,
            "alias": "",
            "OKBHIJJFEKD": "",
            "BKAILKIEBDH": "",
            "triggerFlag": "DeadRegion",
            "shape": {
                "$type": "ConfigShapeRect",
                "useHeight": true,
                "height": 10.0,
                "centerType": "Center",
                "width": 100.0,
                "length": 100.0
            },
            "stringParam": ""
        }
    }
}