{
    "NAFEKMENODO": {
        "1": {
            "$type": "EEALIHOHGHO",
            "gadgetId": 70010001,
            "pos": {
                "x": 79.40495300292969,
                "y": 18.522109985351562,
                "z": 650.5125732421875
            },
            "tranPos": {
                "x": 79.99976348876953,
                "y": 0.04999879002571106,
                "z": 700.0001831054688
            },
            "alias": "",
            "FOGDFAPNFKB": "",
            "FMDFPCLHCKJ": "",
            "size": {
                "x": 5.0,
                "y": 5.0,
                "z": 5.0
            }
        }
    }
}