{
    "EIAKLLDIBOG": {
        "1": {
            "$type": "PersonalSceneJumpPoint",
            "gadgetId": 70010002,
            "pos": {
                "x": -0.034114111214876175,
                "y": 0.03608002886176109,
                "z": 5.226257801055908
            },
            "tranPos": {
                "x": 2228.0,
                "y": 216.0,
                "z": -899.8703002929688
            },
            "tranRot": {
                "y": 180.0
            },
            "unlocked": true,
            "alias": "",
            "OKBHIJJFEKD": "",
            "BKAILKIEBDH": "",
            "tranSceneId": 3,
            "titleTextID": "UI_SCENE_ENTRY_EXIT_CattailTavern",
            "triggerSize": {
                "x": 2.5,
                "y": 5.0,
                "z": 2.5
            },
            "closeTime": 24.0
        },
        "2": {
            "$type": "DungeonEntry",
            "gadgetId": 70350085,
            "pos": {
                "x": -2.694261074066162,
                "y": -1.5819620102774934e-06,
                "z": 8.364660263061523
            },
            "rot": {
                "y": 270.0
            },
            "tranPos": {
                "x": -2.694260597229004,
                "y": -1.5819624650248443e-06,
                "z": 8.364660263061523
            },
            "tranRot": {
                "x": 2.5613719571992988e-06,
                "y": 270.0,
                "z": 1.70755947692669e-06
            },
            "alias": "",
            "OKBHIJJFEKD": "",
            "BKAILKIEBDH": "",
            "CCMGBEBMBDE": true,
            "dungeonQuestConditionList": {},
            "titleTextID": "UI_STC_Intee_DungeonEntry",
            "MINBPLGLMPE": "UI_Icon_Intee_Talk",
            "NEBLKIBNNBF": true
        },
        "3": {
            "$type": "DungeonExit",
            "gadgetId": 70350085,
            "pos": {
                "x": -2.7121388912200928,
                "y": -1.5479670310014626e-06,
                "z": 7.890048980712891
            },
            "rot": {
                "y": 270.0
            },
            "tranPos": {
                "x": 1.6958868503570557,
                "y": -1.5479669173146249e-06,
                "z": 9.167730331420898
            },
            "alias": "",
            "OKBHIJJFEKD": "",
            "BKAILKIEBDH": "",
            "entryPointId": 2
        },
        "4": {
            "$type": "DungeonEntry",
            "gadgetId": 70350085,
            "pos": {
                "x": -2.65693998336792,
                "y": 0.03607992082834244,
                "z": 7.096609115600586
            },
            "tranPos": {
                "x": -2.6569390296936035,
                "y": 0.036079924553632736,
                "z": 7.096609115600586
            },
            "tranRot": {
                "y": 270.0
            },
            "alias": "",
            "OKBHIJJFEKD": "",
            "BKAILKIEBDH": "",
            "CCMGBEBMBDE": true,
            "dungeonQuestConditionList": {},
            "titleTextID": "UI_STC_Intee_DungeonEntry",
            "MINBPLGLMPE": "UI_Icon_Intee_Talk",
            "NEBLKIBNNBF": true
        },
        "5": {
            "$type": "DungeonExit",
            "gadgetId": 70350085,
            "pos": {
                "x": -2.7791268825531006,
                "y": 0.03607993945479393,
                "z": 6.8386712074279785
            },
            "rot": {
                "y": 270.0
            },
            "tranPos": {
                "x": 1.6288985013961792,
                "y": 0.03607993572950363,
                "z": 8.116352081298828
            },
            "alias": "",
            "OKBHIJJFEKD": "",
            "BKAILKIEBDH": "",
            "entryPointId": 4
        },
        "6": {
            "$type": "SceneBuildingPoint",
            "gadgetId": 70010001,
            "pos": {
                "x": 0.13397009670734406,
                "y": 1.3592449426651,
                "z": 11.500189781188965
            },
            "tranPos": {
                "x": -0.9095463156700134,
                "y": 1.3592449426651,
                "z": 11.500189781188965
            },
            "alias": "",
            "OKBHIJJFEKD": "",
            "BKAILKIEBDH": "",
            "buildingType": "GcgCat",
            "showOnLockedArea": true
        },
        "7": {
            "$type": "SceneBuildingPoint",
            "gadgetId": 70010001,
            "pos": {
                "x": -3.5741069316864014,
                "y": 2.0182979106903076,
                "z": 7.744472026824951
            },
            "tranPos": {
                "x": 3.774502754211426,
                "y": 2.0182981491088867,
                "z": 7.376804351806641
            },
            "alias": "",
            "OKBHIJJFEKD": "",
            "BKAILKIEBDH": "",
            "buildingType": "GcgBoard",
            "showOnLockedArea": true
        }
    }
}