{
    "NEKGGALFGNE": {
        "1": {
            "$type": "HLNNHPGMKBL",
            "gadgetId": 70120004,
            "pos": {
                "x": 276.0494079589844,
                "y": 200.01220703125,
                "z": 400.6754150390625
            },
            "tranPos": {
                "x": 423.59521484375,
                "y": 200.01220703125,
                "z": 515.9974365234375
            },
            "unlocked": true,
            "alias": "",
            "OJICGFEJFHF": "",
            "NIIGCOHDBPF": "",
            "size": {
                "x": 3.0,
                "y": 3.0,
                "z": 3.0
            }
        }
    },
    "GIFOHNONNCM": {}
}