{
    "FEFNCDLEHGL": {
        "1": {
            "$type": "PersonalSceneJumpPoint",
            "gadgetId": 70010002,
            "pos": {
                "x": -0.0005639790906570852,
                "y": 0.318528413772583,
                "z": 24.080190658569336
            },
            "rot": {
                "y": 180.2100067138672
            },
            "tranPos": {
                "x": -833.3378295898438,
                "y": 465.8782043457031,
                "z": 448.53900146484375
            },
            "tranRot": {
                "y": 126.30000305175781
            },
            "unlocked": true,
            "alias": "",
            "ADNDKHDKAEC": "",
            "BEDBEJAACAH": "",
            "tranSceneId": 3,
            "titleTextID": "UI_SCENE_ENTRY_EXIT_QUNYUGE",
            "triggerSize": {
                "x": 2.0,
                "y": 2.0,
                "z": 2.0
            },
            "closeTime": 24.0
        }
    }
}