{
    "FEFNCDLEHGL": {
        "1": {
            "$type": "DungeonQuitPoint",
            "gadgetId": 70120004,
            "pos": {
                "x": -19.512529373168945,
                "y": 3.046773910522461,
                "z": 22.096040725708008
            },
            "tranPos": {
                "x": -19.60009002685547,
                "y": 0.0005555152893066406,
                "z": 13.18860912322998
            },
            "unlocked": true,
            "alias": "",
            "ADNDKHDKAEC": "",
            "BEDBEJAACAH": "",
            "size": {
                "x": 5.0,
                "y": 5.0,
                "z": 5.0
            }
        },
        "2": {
            "$type": "DungeonWayPoint",
            "gadgetId": 70010006,
            "pos": {
                "x": 126.61589813232422,
                "y": -3.3257598876953125,
                "z": -7.365716214735585e-08
            },
            "rot": {
                "y": 270.0
            },
            "unlocked": true,
            "alias": "",
            "ADNDKHDKAEC": "",
            "BEDBEJAACAH": "",
            "size": {
                "x": 10.0,
                "y": 30.0,
                "z": 30.0
            }
        }
    }
}