{
    "OKJIDAEFIOD": {
        "1": {
            "$type": "IHPOJHMBEPF",
            "ILIFEDBAGLB": 70010002,
            "ECLBMPMBMLE": {
                "_x": 11.523449897766113,
                "_y": -0.06700046360492706,
                "_z": 5.319726943969727
            },
            "GKOBOKNGMNE": {
                "_x": -3114.179931640625,
                "_y": 246.6551971435547,
                "_z": -4384.91015625
            },
            "CPDMGEEENAG": {
                "_y": 73.33000183105469
            },
            "NBLDNHLJLIN": true,
            "OGLCIHHLECO": "",
            "EIHBECKFELM": "",
            "NBPLDPOGDAA": "",
            "FHLEHKCJMID": 3,
            "NGPHJOMILAN": "UI_SCENE_ENTRY_EXIT_MULOU",
            "DPIPPIKIPMA": {
                "_x": 3.0,
                "_y": 3.0,
                "_z": 3.0
            },
            "NDFGICFJMAE": 24.0
        }
    },
    "HNNNIMLDONJ": {}
}