{
    "EIAKLLDIBOG": {
        "1": {
            "$type": "DungeonQuitPoint",
            "gadgetId": 70120004,
            "pos": {
                "x": 492.38861083984375,
                "y": 100.54149627685547,
                "z": 488.4555969238281
            },
            "tranPos": {
                "x": 492.044921875,
                "y": 100.54150390625,
                "z": 487.9795227050781
            },
            "alias": "",
            "OKBHIJJFEKD": "",
            "BKAILKIEBDH": "",
            "size": {
                "x": 3.0,
                "y": 3.0,
                "z": 3.0
            }
        }
    }
}