{
    "OKJIDAEFIOD": {
        "1": {
            "$type": "NIPJPDIBHHL",
            "ILIFEDBAGLB": 70120004,
            "ECLBMPMBMLE": {
                "_x": -89.42375183105469,
                "_y": 10.462010383605957,
                "_z": -13.769940376281738
            },
            "FANCKABFCPH": {
                "_y": 90.0
            },
            "NBLDNHLJLIN": true,
            "OGLCIHHLECO": "",
            "EIHBECKFELM": "",
            "NBPLDPOGDAA": "",
            "KDKNEEKBHOC": {
                "_x": 5.0,
                "_y": 5.0,
                "_z": 5.0
            }
        },
        "2": {
            "$type": "JMLCJLEOKLI",
            "ILIFEDBAGLB": 70120003,
            "ECLBMPMBMLE": {
                "_x": 173.34530639648438,
                "_y": 6.187446117401123,
                "_z": -33.93204879760742
            },
            "FANCKABFCPH": {
                "_y": 180.0
            },
            "NBLDNHLJLIN": true,
            "OGLCIHHLECO": "",
            "EIHBECKFELM": "",
            "NBPLDPOGDAA": "",
            "KDKNEEKBHOC": {
                "_x": 5.0,
                "_y": 10.0,
                "_z": 100.0
            }
        },
        "3": {
            "$type": "JMLCJLEOKLI",
            "ILIFEDBAGLB": 70120003,
            "ECLBMPMBMLE": {
                "_x": 283.9884033203125,
                "_y": -4.118801116943359,
                "_z": -8.98561954498291
            },
            "FANCKABFCPH": {
                "_y": 180.981201171875
            },
            "NBLDNHLJLIN": true,
            "OGLCIHHLECO": "",
            "EIHBECKFELM": "",
            "NBPLDPOGDAA": "",
            "KDKNEEKBHOC": {
                "_x": 20.0,
                "_y": 20.0,
                "_z": 70.0
            }
        },
        "4": {
            "$type": "JMLCJLEOKLI",
            "ILIFEDBAGLB": 70120003,
            "ECLBMPMBMLE": {
                "_x": 349.4570007324219,
                "_y": 11.570549964904785,
                "_z": -8.815197944641113
            },
            "FANCKABFCPH": {
                "_y": 270.0
            },
            "NBLDNHLJLIN": true,
            "OGLCIHHLECO": "",
            "EIHBECKFELM": "",
            "NBPLDPOGDAA": "",
            "KDKNEEKBHOC": {
                "_x": 50.0,
                "_y": 20.0,
                "_z": 70.0
            }
        },
        "5": {
            "$type": "JMLCJLEOKLI",
            "ILIFEDBAGLB": 70120003,
            "ECLBMPMBMLE": {
                "_x": -52.26171112060547,
                "_y": 10.019280433654785,
                "_z": -4.559332847595215
            },
            "FANCKABFCPH": {
                "_y": 271.0138854980469
            },
            "NBLDNHLJLIN": true,
            "OGLCIHHLECO": "",
            "EIHBECKFELM": "",
            "NBPLDPOGDAA": "",
            "KDKNEEKBHOC": {
                "_x": 50.0,
                "_y": 6.0,
                "_z": 8.0
            }
        }
    },
    "GNAKHIKCKMA": {
        "1": {
            "$type": "JHGMLGNDNBO",
            "ILIFEDBAGLB": 70610102,
            "ECLBMPMBMLE": {
                "_x": 166.05059814453125,
                "_y": -9.0,
                "_z": -25.54136085510254
            },
            "OGLCIHHLECO": "",
            "EIHBECKFELM": "",
            "NBPLDPOGDAA": "",
            "BFIAKHOGCGL": 10.0,
            "HEPPCPBFHNK": "Eff_Windfield_Stay",
            "PMJLBAOJDHG": "Eff_Windfield_Enter"
        }
    },
    "LHHAHFPKBCM": {
        "1": {
            "$type": "AMEIDNAJKIJ",
            "ILIFEDBAGLB": 70010006,
            "ECLBMPMBMLE": {
                "_x": 170.1082000732422,
                "_y": -34.9310188293457,
                "_z": -7.5309600830078125
            },
            "NBLDNHLJLIN": true,
            "OGLCIHHLECO": "",
            "EIHBECKFELM": "",
            "NBPLDPOGDAA": "",
            "PPHNNDLJOEG": 500.0,
            "NPLFHDBONNK": "DeadRegion",
            "MCNOGNBMIDN": {
                "$type": "LLNPBLICDHC",
                "GKIBEHOFNBF": true,
                "BJFNPGBKPHH": 50.0,
                "PGAJCDACFCA": "Center",
                "IJDCDHPEIEK": 700.0,
                "KMCIHHPLFHL": 500.0
            },
            "LEPALCGBCKG": ""
        },
        "10": {
            "$type": "AMEIDNAJKIJ",
            "ILIFEDBAGLB": 70010006,
            "ECLBMPMBMLE": {
                "_x": 27.132930755615234,
                "_y": -11.826519966125488,
                "_z": -13.932290077209473
            },
            "NBLDNHLJLIN": true,
            "OGLCIHHLECO": "",
            "EIHBECKFELM": "",
            "NBPLDPOGDAA": "",
            "PPHNNDLJOEG": 500.0,
            "NPLFHDBONNK": "NoReviveRegion",
            "MCNOGNBMIDN": {
                "$type": "LLNPBLICDHC",
                "GKIBEHOFNBF": true,
                "BJFNPGBKPHH": 50.0,
                "PGAJCDACFCA": "Center",
                "IJDCDHPEIEK": 50.0,
                "KMCIHHPLFHL": 100.0
            },
            "LEPALCGBCKG": ""
        },
        "11": {
            "$type": "AMEIDNAJKIJ",
            "ILIFEDBAGLB": 70010006,
            "ECLBMPMBMLE": {
                "_x": -44.845359802246094,
                "_y": -1.2520090341567993,
                "_z": -16.928789138793945
            },
            "NBLDNHLJLIN": true,
            "OGLCIHHLECO": "",
            "EIHBECKFELM": "",
            "NBPLDPOGDAA": "",
            "PPHNNDLJOEG": 500.0,
            "CDADJDJPHGO": true,
            "NPLFHDBONNK": "DeadRegion",
            "MCNOGNBMIDN": {
                "$type": "LLNPBLICDHC",
                "GKIBEHOFNBF": true,
                "BJFNPGBKPHH": 20.0,
                "PGAJCDACFCA": "Center",
                "IJDCDHPEIEK": 20.0,
                "KMCIHHPLFHL": 100.0
            },
            "LEPALCGBCKG": ""
        },
        "12": {
            "$type": "AMEIDNAJKIJ",
            "ILIFEDBAGLB": 70010006,
            "ECLBMPMBMLE": {
                "_x": 233.1903076171875,
                "_y": -4.1816020011901855,
                "_z": -14.236310005187988
            },
            "NBLDNHLJLIN": true,
            "OGLCIHHLECO": "",
            "EIHBECKFELM": "",
            "NBPLDPOGDAA": "",
            "PPHNNDLJOEG": 500.0,
            "CDADJDJPHGO": true,
            "NPLFHDBONNK": "DeadRegion",
            "MCNOGNBMIDN": {
                "$type": "LLNPBLICDHC",
                "GKIBEHOFNBF": true,
                "BJFNPGBKPHH": 5.0,
                "PGAJCDACFCA": "Center",
                "IJDCDHPEIEK": 20.0,
                "KMCIHHPLFHL": 10.0
            },
            "LEPALCGBCKG": ""
        },
        "13": {
            "$type": "AMEIDNAJKIJ",
            "ILIFEDBAGLB": 70010006,
            "ECLBMPMBMLE": {
                "_x": 220.1356964111328,
                "_y": -2.5607199668884277,
                "_z": -22.653589248657227
            },
            "NBLDNHLJLIN": true,
            "OGLCIHHLECO": "",
            "EIHBECKFELM": "",
            "NBPLDPOGDAA": "",
            "PPHNNDLJOEG": 500.0,
            "CDADJDJPHGO": true,
            "NPLFHDBONNK": "DeadRegion",
            "MCNOGNBMIDN": {
                "$type": "LLNPBLICDHC",
                "GKIBEHOFNBF": true,
                "BJFNPGBKPHH": 5.0,
                "PGAJCDACFCA": "Center",
                "IJDCDHPEIEK": 10.0,
                "KMCIHHPLFHL": 15.0
            },
            "LEPALCGBCKG": ""
        },
        "2": {
            "$type": "AMEIDNAJKIJ",
            "ILIFEDBAGLB": 70010006,
            "ECLBMPMBMLE": {
                "_x": 315.3622131347656,
                "_y": 3.637840986251831,