{
    "OKJIDAEFIOD": {
        "1": {
            "$type": "JMLCJLEOKLI",
            "ILIFEDBAGLB": 70010006,
            "ECLBMPMBMLE": {
                "_x": -43.31285858154297,
                "_y": 12.822159767150879,
                "_z": 57.577701568603516
            },
            "FANCKABFCPH": {
                "_y": 272.9895935058594
            },
            "GKOBOKNGMNE": {
                "_x": -7.917224884033203,
                "_y": 7.811079978942871,
                "_z": 53.27804946899414
            },
            "CPDMGEEENAG": {
                "_y": 272.9895935058594
            },
            "OGLCIHHLECO": "",
            "EIHBECKFELM": "",
            "NBPLDPOGDAA": "",
            "KDKNEEKBHOC": {
                "_x": 50.0,
                "_y": 50.0,
                "_z": 50.0
            },
            "LEKNHBNJAPL": true
        },
        "2": {
            "$type": "JMLCJLEOKLI",
            "ILIFEDBAGLB": 70010006,
            "ECLBMPMBMLE": {
                "_x": -97.01502990722656,
                "_y": 32.39358901977539,
                "_z": -30.01551055908203
            },
            "FANCKABFCPH": {
                "_y": 201.1569061279297
            },
            "GKOBOKNGMNE": {
                "_x": -93.01824188232422,
                "_y": 29.01007080078125,
                "_z": -22.552270889282227
            },
            "CPDMGEEENAG": {
                "_y": 201.1569061279297
            },
            "OGLCIHHLECO": "",
            "EIHBECKFELM": "",
            "NBPLDPOGDAA": "",
            "KDKNEEKBHOC": {
                "_x": 20.0,
                "_y": 20.0,
                "_z": 20.0
            },
            "LEKNHBNJAPL": true
        },
        "3": {
            "$type": "JMLCJLEOKLI",
            "ILIFEDBAGLB": 70010006,
            "ECLBMPMBMLE": {
                "_x": -171.7886962890625,
                "_y": 65.22879028320312,
                "_z": -59.46683883666992
            },
            "FANCKABFCPH": {
                "_y": 263.3591003417969
            },
            "GKOBOKNGMNE": {
                "_x": -171.7886962890625,
                "_y": 65.22879028320312,
                "_z": -59.46683883666992
            },
            "CPDMGEEENAG": {
                "_y": 263.3591003417969
            },
            "OGLCIHHLECO": "",
            "EIHBECKFELM": "",
            "NBPLDPOGDAA": "",
            "KDKNEEKBHOC": {
                "_x": 25.0,
                "_y": 25.0,
                "_z": 25.0
            },
            "LEKNHBNJAPL": true
        }
    },
    "LHHAHFPKBCM": {
        "1": {
            "$type": "AMEIDNAJKIJ",
            "ILIFEDBAGLB": 70010006,
            "ECLBMPMBMLE": {
                "_x": -8.995616912841797,
                "_y": -17.12356948852539,
                "_z": 35.531349182128906
            },
            "GKOBOKNGMNE": {
                "_x": 3.1659202575683594,
                "_y": 1.6926288604736328,
                "_z": -1.7355093955993652
            },
            "NBLDNHLJLIN": true,
            "OGLCIHHLECO": "",
            "EIHBECKFELM": "",
            "NBPLDPOGDAA": "",
            "PPHNNDLJOEG": 500.0,
            "CDADJDJPHGO": true,
            "NPLFHDBONNK": "DeadRegion",
            "MCNOGNBMIDN": {
                "$type": "LLNPBLICDHC",
                "GKIBEHOFNBF": true,
                "BJFNPGBKPHH": 10.0,
                "PGAJCDACFCA": "Center",
                "IJDCDHPEIEK": 500.0,
                "KMCIHHPLFHL": 300.0
            },
            "LEPALCGBCKG": ""
        },
        "2": {
            "$type": "AMEIDNAJKIJ",
            "ILIFEDBAGLB": 70010006,
            "ECLBMPMBMLE": {
                "_x": -200.75100708007812,
                "_y": -9.635263442993164,
                "_z": -65.87741088867188
            },
            "FANCKABFCPH": {
                "_y": 311.51568603515625
            },
            "GKOBOKNGMNE": {
                "_x": -97.7777328491211,
                "_y": 21.70952606201172,
                "_z": 12.703496932983398
            },
            "NBLDNHLJLIN": true,
            "OGLCIHHLECO": "",
            "EIHBECKFELM": "",
            "NBPLDPOGDAA": "",
            "PPHNNDLJOEG": 500.0,
            "CDADJDJPHGO": true,
            "NPLFHDBONNK": "DeadRegion",
            "MCNOGNBMIDN": {
                "$type": "LLNPBLICDHC",
                "GKIBEHOFNBF": true,
                "BJFNPGBKPHH": 10.0,
                "PGAJCDACFCA": "Center",
                "IJDCDHPEIEK": 200.0,
                "KMCIHHPLFHL": 300.0
            },
            "LEPALCGBCKG": ""
        },
        "3": {
            "$type": "AMEIDNAJKIJ",
            "ILIFEDBAGLB": 70010006,
            "ECLBMPMBMLE": {
                "_x": -71.3593978881836,
                "_y": -17.32740020751953,
                "_z": 9.107206344604492
            },
            "FANCKABFCPH": {
                "_y": 311.2095947265625
            },
            "GKOBOKNGMNE": {
                "_x": -99.47598266601562,
                "_y": 35.65715789794922,
                "_z": -36.08004379272461
            },
            "NBLDNHLJLIN": true,
            "OGLCIHHLECO": "",
            "EIHBECKFELM": "",
            "NBPLDPOGDAA": "",
            "PPHNNDLJOEG": 500.0,
            "CDADJDJPHGO": true,
            "NPLFHDBONNK": "DeadRegion",
            "MCNOGNBMIDN": {
                "$type": "LLNPBLICDHC",
                "GKIBEHOFNBF": true,
                "BJFNPGBKPHH": 10.0,
                "PGAJCDACFCA": "Center",
                "IJDCDHPEIEK": 100.0,
                "KMCIHHPLFHL": 300.0
            },
            "LEPALCGBCKG": ""
        },
        "4": {
            "$type": "AMEIDNAJKIJ",
            "ILIFEDBAGLB": 70010006,
            "ECLBMPMBMLE": {
                "_x": -2.206273078918457,
                "_y": 43.317298889160156,
                "_z": -117.2593994140625
            },
            "FANCKABFCPH": {
                "_y": 67.27068328857422
            },
            "GKOBOKNGMNE": {
                "_x": -111.2946548461914,
                "_y": 43.317298889160156,
                "_z": -47.71937942504883
            },
            "NBLDNHLJLIN": true,
            "OGLCIHHLECO": "",
            "EIHBECKFELM": "",
            "NBPLDPOGDAA": "",
            "PPHNNDLJOEG": 500.0,
            "CDADJDJPHGO": true,
            "NPLFHDBONNK": "DeadRegion",
            "MCNOGNBMIDN": {
                "$type": "LLNPBLICDHC",
                "GKIBEHOFNBF": true,
                "BJFNPGBKPHH": 200.0,
                "PGAJCDACFCA": "Center",
                "IJDCDHPEIEK": 10.0,
                "KMCIHHPLFHL": 410.0
            },
            "LEPALCGBCKG": ""
        },
        "5": {
            "$type": "AMEIDNAJKIJ",
            "ILIFEDBAGLB": 70010006,
            "ECLBMPMBMLE": {
                "_x": 131.81100463867188,
                "_y": 52.06991958618164,
                "_z": 86.85814666748047
            },
            "FANCKABFCPH": {
                "_y": 156.9586944580078
            },
            "GKOBOKNGMNE": {
                "_x": -25.64960479736328,
                "_y": 10.464654922485352,
                "_z": 56.7277717590332
            },
            "NBLDNHLJLIN": true,
            "OGLCIHHLECO": "",
            "EIHBECKFELM": "",
            "NBPLDPOGDAA": "",
            "PPHNNDLJOEG": 500.0,
            "CDADJDJPHGO": true,
            "NPLFHDBONNK": "DeadRegion",
            "MCNOGNBMIDN": {
                "$type": "LLNPBLICDHC",
                "GKIBEHOFNBF": true,
                "BJFNPGBKPHH": 200.0,
                "PGAJCDACFCA": "Center",
                "IJDCDHPEIEK": 10.0,
                "KMCIHHPLFHL": 300.0
            },
            "LEPALCGBCKG": ""
        },
        "6": {
            "$type": "AMEIDNAJKIJ",
            "ILIFEDBAGLB": 70010006,
            "ECLBMPMBMLE": {
                "_x": -99.44448852539062,