{
    "NEKGGALFGNE": {
        "1": {
            "$type": "HLNNHPGMKBL",
            "gadgetId": 70120004,
            "pos": {
                "x": 462.7965087890625,
                "y": 68.55368041992188,
                "z": 514.5673828125
            },
            "rot": {
                "y": 180.70230102539062
            },
            "tranPos": {
                "x": 462.8721618652344,
                "y": 68.55368041992188,
                "z": 505.7415771484375
            },
            "alias": "",
            "OJICGFEJFHF": "",
            "NIIGCOHDBPF": "",
            "size": {
                "x": 5.0,
                "y": 5.0,
                "z": 5.0
            }
        }
    },
    "GIFOHNONNCM": {}
}