{
    "FEFNCDLEHGL": {
        "1": {
            "$type": "DungeonQuitPoint",
            "gadgetId": 70120004,
            "pos": {
                "x": 252.7012939453125,
                "y": 5.429999828338623,
                "z": -19.964590072631836
            },
            "rot": {
                "y": 279.8999938964844
            },
            "tranPos": {
                "x": -2576.238037109375,
                "y": 312.8558044433594,
                "z": -4520.89892578125
            },
            "unlocked": true,
            "alias": "",
            "ADNDKHDKAEC": "",
            "BEDBEJAACAH": "",
            "size": {
                "x": 5.0,
                "y": 5.0,
                "z": 5.0
            }
        },
        "2": {
            "$type": "DungeonWayPoint",
            "gadgetId": 70010006,
            "pos": {
                "x": 96.71259307861328,
                "y": -11.672750473022461,
                "z": -19.894739151000977
            },
            "rot": {
                "y": 90.0
            },
            "unlocked": true,
            "alias": "",
            "ADNDKHDKAEC": "",
            "BEDBEJAACAH": "",
            "size": {
                "x": 25.0,
                "y": 15.0,
                "z": 2.0
            }
        },
        "3": {
            "$type": "DungeonSlipRevivePoint",
            "gadgetId": 70010006,
            "pos": {
                "x": 188.53829956054688,
                "y": 5.8730010986328125,
                "z": -19.34794044494629
            },
            "tranPos": {
                "x": 188.53831481933594,
                "y": 4.252218246459961,
                "z": -19.93707847595215
            },
            "alias": "",
            "ADNDKHDKAEC": "",
            "BEDBEJAACAH": "",
            "size": {
                "x": 5.0,
                "y": 5.0,
                "z": 15.0
            }
        },
        "4": {
            "$type": "DungeonWayPoint",
            "gadgetId": 70010006,
            "pos": {
                "x": 24.833179473876953,
                "y": -13.282279968261719,
                "z": -19.0185604095459
            },
            "rot": {
                "y": 90.0
            },
            "unlocked": true,
            "alias": "",
            "ADNDKHDKAEC": "",
            "BEDBEJAACAH": "",
            "size": {
                "x": 15.0,
                "y": 8.0,
                "z": 8.0
            }
        }
    },
    "entities": {
        "1": {
            "$type": "ConfigLocalTrigger",
            "gadgetId": 70010006,
            "pos": {
                "x": 118.08589935302734,
                "y": -18.921239852905273,
                "z": -19.46133041381836
            },
            "tranPos": {
                "x": 127.09471893310547,
                "y": -23.22606658935547,
                "z": -25.258607864379883
            },
            "alias": "",
            "ADNDKHDKAEC": "",
            "BEDBEJAACAH": "",
            "withGO": true,
            "triggerFlag": "DeadRegion",
            "shape": {
                "$type": "ConfigShapeRect",
                "useHeight": true,
                "height": 5.0,
                "centerType": "Center",
                "width": 45.0,
                "length": 120.0
            },
            "stringParam": ""
        },
        "2": {
            "$type": "ConfigLocalTrigger",
            "gadgetId": 70010006,
            "pos": {
                "x": 115.80680084228516,
                "y": -0.2697610855102539,
                "z": -49.3289794921875
            },
            "tranPos": {
                "x": 115.80467224121094,
                "y": -0.2697610855102539,
                "z": -18.890445709228516
            },
            "alias": "",
            "ADNDKHDKAEC": "",
            "BEDBEJAACAH": "",
            "withGO": true,
            "triggerFlag": "DeadRegion",
            "shape": {
                "$type": "ConfigShapeRect",
                "useHeight": true,
                "height": 40.0,
                "centerType": "Center",
                "width": 40.0,
                "length": 30.0
            },
            "stringParam": ""
        },
        "3": {
            "$type": "ConfigLocalTrigger",
            "gadgetId": 70010006,
            "pos": {
                "x": 115.49150085449219,
                "y": -0.2697610855102539,
                "z": 9.738685607910156
            },
            "tranPos": {
                "x": 117.78137969970703,
                "y": -11.592819213867188,
                "z": -5.7200026512146
            },
            "alias": "",
            "ADNDKHDKAEC": "",
            "BEDBEJAACAH": "",
            "withGO": true,
            "triggerFlag": "DeadRegion",
            "shape": {
                "$type": "ConfigShapeRect",
                "useHeight": true,
                "height": 40.0,
                "centerType": "Center",
                "width": 40.0,
                "length": 30.0
            },
            "stringParam": ""
        },
        "4": {
            "$type": "ConfigLocalTrigger",
            "gadgetId": 70010006,
            "pos": {
                "x": 209.0467071533203,
                "y": -0.5677022933959961,
                "z": -18.819320678710938
            },
            "tranPos": {
                "x": 194.8955078125,
                "y": -0.5677022933959961,
                "z": -19.85935401916504
            },
            "alias": "",
            "ADNDKHDKAEC": "",
            "BEDBEJAACAH": "",
            "withGO": true,
            "triggerFlag": "DeadRegion",
            "shape": {
                "$type": "ConfigShapeRect",
                "useHeight": true,
                "height": 5.0,
                "centerType": "Center",
                "width": 45.0,
                "length": 40.0
            },
            "stringParam": ""
        },
        "5": {
            "$type": "ConfigLocalTrigger",
            "gadgetId": 70010006,
            "pos": {
                "x": 249.38589477539062,
                "y": -5.6915669441223145,
                "z": -18.262819290161133
            },
            "tranPos": {
                "x": 242.42633056640625,
                "y": 4.048538684844971,
                "z": -14.35782241821289
            },
            "alias": "",
            "ADNDKHDKAEC": "",
            "BEDBEJAACAH": "",
            "withGO": true,
            "triggerFlag": "DeadRegion",
            "shape": {
                "$type": "ConfigShapeRect",
                "useHeight": true,
                "height": 5.0,
                "centerType": "Center",
                "width": 10.0,
                "length": 40.0
            },
            "stringParam": ""
        }
    }
}