{
    "FEFNCDLEHGL": {
        "1": {
            "$type": "DungeonQuitPoint",
            "gadgetId": 70120004,
            "pos": {
                "y": -58.14881896972656,
                "z": 17.364730834960938
            },
            "tranPos": {
                "y": -58.14882278442383,
                "z": 17.364730834960938
            },
            "unlocked": true,
            "alias": "",
            "ADNDKHDKAEC": "",
            "BEDBEJAACAH": "",
            "size": {
                "x": 5.0,
                "y": 5.0,
                "z": 5.0
            }
        },
        "2": {
            "$type": "DungeonWayPoint",
            "gadgetId": 70010006,
            "pos": {
                "x": -7.041192930046236e-06,
                "y": 18.795520782470703,
                "z": -42.38444900512695
            },
            "rot": {
                "y": 180.0
            },
            "tranPos": {
                "x": -7.041192930046236e-06,
                "y": 18.795520782470703,
                "z": -42.38444900512695
            },
            "alias": "",
            "ADNDKHDKAEC": "",
            "BEDBEJAACAH": ""
        }
    }
}