{
    "NAFEKMENODO": {
        "1": {
            "$type": "EEALIHOHGHO",
            "gadgetId": 70120004,
            "pos": {
                "x": 240.0883026123047,
                "y": 96.65129089355469,
                "z": 695.44140625
            },
            "rot": {
                "y": 96.48809814453125
            },
            "tranPos": {
                "x": 240.33851623535156,
                "y": 89.32501220703125,
                "z": 697.024658203125
            },
            "alias": "",
            "FOGDFAPNFKB": "",
            "FMDFPCLHCKJ": "",
            "size": {
                "x": 5.0,
                "y": 5.0,
                "z": 5.0
            }
        },
        "2": {
            "$type": "HGLFPLHHAEO",
            "gadgetId": 70010006,
            "pos": {
                "x": 266.7029113769531,
                "y": 96.2777328491211,
                "z": 690.9166259765625
            },
            "rot": {
                "y": 282.6134033203125
            },
            "tranPos": {
                "x": 268.9283447265625,
                "y": 96.31503295898438,
                "z": 690.07080078125
            },
            "alias": "",
            "FOGDFAPNFKB": "",
            "FMDFPCLHCKJ": "",
            "size": {
                "x": 20.0,
                "y": 5.0,
                "z": 50.0
            }
        }
    }
}