{
    "NEKGGALFGNE": {
        "1": {
            "$type": "DBLPHPBFHCE",
            "gadgetId": 70010006,
            "pos": {
                "x": 20.755859375,
                "y": 37.63711929321289,
                "z": 67.12989807128906
            },
            "tranPos": {
                "x": 22.150480270385742,
                "y": 36.601741790771484,
                "z": 67.1119155883789
            },
            "unlocked": true,
            "alias": "",
            "OJICGFEJFHF": "",
            "NIIGCOHDBPF": "",
            "size": {
                "x": 4.0,
                "y": 3.0,
                "z": 6.0
            }
        },
        "10": {
            "$type": "DBLPHPBFHCE",
            "gadgetId": 70010006,
            "pos": {
                "x": 93.24073028564453,
                "y": 80.79163360595703,
                "z": -35.016990661621094
            },
            "rot": {
                "y": 270.0
            },
            "tranPos": {
                "x": 93.73858642578125,
                "y": 80.7916259765625,
                "z": -34.693748474121094
            },
            "tranRot": {
                "y": 270.0
            },
            "unlocked": true,
            "alias": "",
            "OJICGFEJFHF": "",
            "NIIGCOHDBPF": "",
            "size": {
                "x": 12.0,
                "y": 3.0,
                "z": 12.0
            }
        },
        "11": {
            "$type": "DBLPHPBFHCE",
            "gadgetId": 70010006,
            "pos": {
                "x": 57.933929443359375,
                "y": 80.95958709716797,
                "z": 2.824160099029541
            },
            "rot": {
                "y": 270.0
            },
            "tranPos": {
                "x": 59.08735275268555,
                "y": 80.95958709716797,
                "z": 3.024813652038574
            },
            "unlocked": true,
            "alias": "",
            "OJICGFEJFHF": "",
            "NIIGCOHDBPF": "",
            "size": {
                "x": 6.0,
                "y": 3.0,
                "z": 12.0
            }
        },
        "12": {
            "$type": "GHAENHOMJDL",
            "gadgetId": 70010006,
            "pos": {
                "x": -47.19070053100586,
                "y": 85.1859130859375,
                "z": -41.010108947753906
            },
            "rot": {
                "y": 90.0
            },
            "tranPos": {
                "x": -47.00503158569336,
                "y": 84.15206146240234,
                "z": -39.6359977722168
            },
            "tranRot": {
                "y": 90.0
            },
            "unlocked": true,
            "alias": "",
            "OJICGFEJFHF": "",
            "NIIGCOHDBPF": "",
            "size": {
                "x": 4.0,
                "y": 3.0,
                "z": 10.0
            }
        },
        "13": {
            "$type": "GHAENHOMJDL",
            "gadgetId": 70010006,
            "pos": {
                "x": 58.177608489990234,
                "y": 80.90247344970703,
                "z": 3.05887508392334
            },
            "rot": {
                "y": 270.0
            },
            "tranPos": {
                "x": 58.1776123046875,
                "y": 80.90247344970703,
                "z": 3.05887508392334
            },
            "tranRot": {
                "y": 270.0
            },
            "unlocked": true,
            "alias": "",
            "OJICGFEJFHF": "",
            "NIIGCOHDBPF": "",
            "size": {
                "x": 4.0,
                "y": 3.0,
                "z": 15.0
            }
        },
        "14": {
            "$type": "DBLPHPBFHCE",
            "gadgetId": 70010006,
            "pos": {
                "x": -20.94346046447754,
                "y": 36.684608459472656,
                "z": 68.98771667480469
            },
            "rot": {
                "y": 90.0
            },
            "tranPos": {
                "x": -27.5112361907959,
                "y": 36.68461227416992,
                "z": 66.31661224365234
            },
            "tranRot": {
                "y": 90.0
            },
            "unlocked": true,
            "alias": "",
            "OJICGFEJFHF": "",
            "NIIGCOHDBPF": "",
            "size": {
                "x": 25.0,
                "y": 10.0,
                "z": 25.0
            }
        },
        "16": {
            "$type": "GHAENHOMJDL",
            "gadgetId": 70010006,
            "pos": {
                "x": 39.08858871459961,
                "y": 74.10527801513672,
                "z": -64.91069030761719
            },
            "rot": {
                "y": 90.0
            },
            "tranPos": {
                "x": 39.08858871459961,
                "y": 74.10527801513672,
                "z": -64.91069030761719
            },
            "tranRot": {
                "y": 90.0
            },
            "unlocked": true,
            "alias": "",
            "OJICGFEJFHF": "",
            "NIIGCOHDBPF": "",
            "size": {
                "x": 15.0,
                "y": 5.0,
                "z": 15.0
            }
        },
        "2": {
            "$type": "DBLPHPBFHCE",
            "gadgetId": 70010006,
            "pos": {
                "x": 2.769351005554199,
                "y": 49.0536003112793,
                "z": 87.18916320800781
            },
            "tranPos": {
                "x": 2.694694757461548,
                "y": 49.05360412597656,
                "z": 87.30699157714844
            },
            "unlocked": true,
            "alias": "",
            "OJICGFEJFHF": "",
            "NIIGCOHDBPF": "",
            "size": {
                "x": 10.0,
                "y": 3.0,
                "z": 4.0
            }
        },
        "3": {
            "$type": "DBLPHPBFHCE",
            "gadgetId": 70010006,
            "pos": {
                "x": 2.567518949508667,
                "y": 59.300350189208984,
                "z": 55.42169189453125
            },
            "rot": {
                "y": 180.0
            },
            "tranPos": {
                "x": 2.567518949508667,
                "y": 59.30034637451172,
                "z": 55.42169189453125
            },
            "tranRot": {
                "y": 180.0
            },
            "unlocked": true,
            "alias": "",
            "OJICGFEJFHF": "",
            "NIIGCOHDBPF": "",
            "size": {
                "x": 8.0,
                "y": 3.0,
                "z": 4.0
            }
        },
        "4": {
            "$type": "DBLPHPBFHCE",
            "gadgetId": 70010006,
            "pos": {
                "x": 2.725430965423584,
                "y": 56.509830474853516,
                "z": 15.449549674987793
            },
            "tranPos": {
                "x": 2.725430965423584,
                "y": 56.50983428955078,
                "z": 10.161252975463867
            },
            "tranRot": {
                "y": 180.0
            },
            "unlocked": true,
            "alias": "",
            "OJICGFEJFHF": "",
            "NIIGCOHDBPF": "",
            "size": {
                "x": 12.0,
                "y": 3.0,
                "z": 4.0
            }
        },
        "5": {
            "$type": "DBLPHPBFHCE",
            "pos": {
                "x": -35.30080032348633,
                "y": 57.18333053588867,
                "z": -10.753219604492188
            },
            "rot": {
                "y": 270.0
            },
            "tranPos": {
                "x": -35.30079650878906,
                "y": 57.18333435058594,
                "z": -10.753223419189453
            },
            "tranRot": {
                "y": 270.0
            },
            "unlocked": true,
            "alias": "",
            "OJICGFEJFHF": "",
            "NIIGCOHDBPF": "",