{
    "OKJIDAEFIOD": {
        "1": {
            "$type": "IHPOJHMBEPF",
            "ILIFEDBAGLB": 70010002,
            "ECLBMPMBMLE": {
                "_x": 0.15391559898853302,
                "_y": 0.009000354446470737,
                "_z": -8.170223236083984
            },
            "GKOBOKNGMNE": {
                "_x": -539.5250244140625,
                "_y": 227.9600067138672,
                "_z": 360.6000061035156
            },
            "CPDMGEEENAG": {
                "_y": 320.0
            },
            "NBLDNHLJLIN": true,
            "OGLCIHHLECO": "",
            "EIHBECKFELM": "",
            "NBPLDPOGDAA": "",
            "FHLEHKCJMID": 3,
            "NGPHJOMILAN": "UI_SCENE_ENTRY_EXIT_Liuliting",
            "DPIPPIKIPMA": {
                "_x": 2.0,
                "_y": 2.0,
                "_z": 2.0
            },
            "NDFGICFJMAE": 24.0
        }
    },
    "HNNNIMLDONJ": {}
}