{
    "OKJIDAEFIOD": {
        "1": {
            "$type": "NIPJPDIBHHL",
            "ILIFEDBAGLB": 70120004,
            "ECLBMPMBMLE": {
                "_x": 462.7965087890625,
                "_y": 68.55368041992188,
                "_z": 514.5673828125
            },
            "FANCKABFCPH": {
                "_y": 180.70230102539062
            },
            "GKOBOKNGMNE": {
                "_x": 462.8721618652344,
                "_y": 68.55368041992188,
                "_z": 505.7415771484375
            },
            "OGLCIHHLECO": "",
            "EIHBECKFELM": "",
            "NBPLDPOGDAA": "",
            "KDKNEEKBHOC": {
                "_x": 5.0,
                "_y": 5.0,
                "_z": 5.0
            }
        }
    },
    "HNNNIMLDONJ": {}
}