{
    "OKJIDAEFIOD": {
        "1": {
            "$type": "NIPJPDIBHHL",
            "ILIFEDBAGLB": 70120004,
            "ECLBMPMBMLE": {
                "_x": 499.985595703125,
                "_y": 612.2706909179688,
                "_z": -1569.239013671875
            },
            "GKOBOKNGMNE": {
                "_x": -1.3307570219039917,
                "_y": -7.232944965362549,
                "_z": 93.71742248535156
            },
            "OGLCIHHLECO": "",
            "EIHBECKFELM": "",
            "NBPLDPOGDAA": "",
            "KDKNEEKBHOC": {
                "_x": 3.0,
                "_y": 3.0,
                "_z": 3.0
            }
        },
        "3": {
            "$type": "JMLCJLEOKLI",
            "ILIFEDBAGLB": 70310387,
            "ECLBMPMBMLE": {
                "_x": 315.61358642578125,
                "_y": 625.3599853515625,
                "_z": -1656.7889404296875
            },
            "FANCKABFCPH": {
                "_y": 329.1712951660156
            },
            "GKOBOKNGMNE": {
                "_x": 319.0,
                "_y": 625.3599853515625,
                "_z": -1664.0
            },
            "OGLCIHHLECO": "",
            "EIHBECKFELM": "",
            "NBPLDPOGDAA": ""
        },
        "4": {
            "$type": "JMLCJLEOKLI",
            "ILIFEDBAGLB": 70310387,
            "ECLBMPMBMLE": {
                "_x": 613.6616821289062,
                "_y": 621.2880859375,
                "_z": -1685.9339599609375
            },
            "FANCKABFCPH": {
                "_y": 29.26420021057129
            },
            "GKOBOKNGMNE": {
                "_x": 616.0,
                "_y": 621.1875,
                "_z": -1680.0
            },
            "OGLCIHHLECO": "",
            "EIHBECKFELM": "",
            "NBPLDPOGDAA": ""
        },
        "5": {
            "$type": "JMLCJLEOKLI",
            "ILIFEDBAGLB": 70310387,
            "ECLBMPMBMLE": {
                "_x": 646.8242797851562,
                "_y": 605.850830078125,
                "_z": -1488.7239990234375
            },
            "FANCKABFCPH": {
                "_x": 359.93780517578125,
                "_y": 6.84689998626709,
                "_z": 359.73419189453125
            },
            "GKOBOKNGMNE": {
                "_x": 650.0,
                "_y": 606.0,
                "_z": -1483.0
            },
            "OGLCIHHLECO": "",
            "EIHBECKFELM": "",
            "NBPLDPOGDAA": ""
        },
        "6": {
            "$type": "JMLCJLEOKLI",
            "ILIFEDBAGLB": 70310387,
            "ECLBMPMBMLE": {
                "_x": 369.74639892578125,
                "_y": 632.1558837890625,
                "_z": -1506.4429931640625
            },
            "FANCKABFCPH": {
                "_y": 206.0386962890625
            },
            "GKOBOKNGMNE": {
                "_x": 367.0,
                "_y": 632.1558837890625,
                "_z": -1511.0
            },
            "OGLCIHHLECO": "",
            "EIHBECKFELM": "",
            "NBPLDPOGDAA": "",
            "KDKNEEKBHOC": {
                "_x": 10.0,
                "_y": 10.0,
                "_z": 10.0
            }
        },
        "7": {
            "$type": "JMLCJLEOKLI",
            "ILIFEDBAGLB": 70310387,
            "ECLBMPMBMLE": {
                "_x": 499.2561950683594,
                "_y": 609.3032836914062,
                "_z": -1654.741943359375
            },
            "GKOBOKNGMNE": {
                "_x": 499.0,
                "_y": 609.3033447265625,
                "_z": -1646.0
            },
            "OGLCIHHLECO": "",
            "EIHBECKFELM": "",
            "NBPLDPOGDAA": "",
            "KDKNEEKBHOC": {
                "_x": 10.0,
                "_y": 10.0,
                "_z": 10.0
            }
        }
    },
    "LHHAHFPKBCM": {
        "2": {
            "$type": "AMEIDNAJKIJ",
            "ILIFEDBAGLB": 70010006,
            "ECLBMPMBMLE": {
                "_x": 498.705810546875,
                "_y": 587.8455200195312,
                "_z": -1681.1669921875
            },
            "GKOBOKNGMNE": {
                "_x": 499.0,
                "_y": 609.0,
                "_z": -1644.0
            },
            "NBLDNHLJLIN": true,
            "OGLCIHHLECO": "",
            "EIHBECKFELM": "",
            "NBPLDPOGDAA": "",
            "NPLFHDBONNK": "DeadRegion",
            "MCNOGNBMIDN": {
                "$type": "LLNPBLICDHC",
                "GKIBEHOFNBF": true,
                "BJFNPGBKPHH": 10.0,
                "PGAJCDACFCA": "Center",
                "IJDCDHPEIEK": 100.0,
                "KMCIHHPLFHL": 100.0
            },
            "LEPALCGBCKG": ""
        }
    },
    "HNNNIMLDONJ": {}
}