{
    "OKJIDAEFIOD": {
        "1": {
            "$type": "MFHOPOBHMHB",
            "ILIFEDBAGLB": 70010006,
            "ECLBMPMBMLE": {
                "_x": 489.4519958496094,
                "_y": 153.377197265625,
                "_z": 555.6544189453125
            },
            "FANCKABFCPH": {
                "_x": 0.03175259009003639,
                "_y": 247.3780975341797,
                "_z": 359.894287109375
            },
            "GKOBOKNGMNE": {
                "_x": 499.99578857421875,
                "_y": 146.8968963623047,
                "_z": 560.5333251953125
            },
            "CPDMGEEENAG": {
                "_x": 0.03175259009003639,
                "_y": 247.3780975341797,
                "_z": 359.894287109375
            },
            "OGLCIHHLECO": "",
            "EIHBECKFELM": "",
            "NBPLDPOGDAA": "",
            "KDKNEEKBHOC": {
                "_x": 30.0,
                "_y": 15.0,
                "_z": 30.0
            },
            "LEKNHBNJAPL": true
        },
        "2": {
            "$type": "MFHOPOBHMHB",
            "ILIFEDBAGLB": 70010006,
            "ECLBMPMBMLE": {
                "_x": 457.45709228515625,
                "_y": 171.62100219726562,
                "_z": 522.3021850585938
            },
            "FANCKABFCPH": {
                "_x": 0.03175261989235878,
                "_y": 247.3780975341797,
                "_z": 359.894287109375
            },
            "GKOBOKNGMNE": {
                "_x": 457.4646911621094,
                "_y": 167.5511932373047,
                "_z": 522.2943115234375
            },
            "CPDMGEEENAG": {
                "_x": 0.03175261989235878,
                "_y": 247.3780975341797,
                "_z": 359.894287109375
            },
            "OGLCIHHLECO": "",
            "EIHBECKFELM": "",
            "NBPLDPOGDAA": "",
            "KDKNEEKBHOC": {
                "_x": 15.0,
                "_y": 15.0,
                "_z": 15.0
            },
            "LEKNHBNJAPL": true
        },
        "3": {
            "$type": "MFHOPOBHMHB",
            "ILIFEDBAGLB": 70010006,
            "ECLBMPMBMLE": {
                "_x": 391.25628662109375,
                "_y": 183.03289794921875,
                "_z": 506.9938049316406
            },
            "FANCKABFCPH": {
                "_x": 0.03175261989235878,
                "_y": 247.3780975341797,
                "_z": 359.894287109375
            },
            "GKOBOKNGMNE": {
                "_x": 392.9664001464844,
                "_y": 180.29879760742188,
                "_z": 507.7008972167969
            },
            "CPDMGEEENAG": {
                "_x": 0.03175261989235878,
                "_y": 247.3780975341797,
                "_z": 359.894287109375
            },
            "OGLCIHHLECO": "",
            "EIHBECKFELM": "",
            "NBPLDPOGDAA": "",
            "KDKNEEKBHOC": {
                "_x": 15.0,
                "_y": 15.0,
                "_z": 15.0
            },
            "LEKNHBNJAPL": true
        },
        "4": {
            "$type": "JMLCJLEOKLI",
            "ILIFEDBAGLB": 70010006,
            "ECLBMPMBMLE": {
                "_x": 489.5733947753906,
                "_y": 152.47869873046875,
                "_z": 554.890380859375
            },
            "FANCKABFCPH": {
                "_y": 240.47579956054688
            },
            "GKOBOKNGMNE": {
                "_x": 500.9598083496094,
                "_y": 146.5557861328125,
                "_z": 561.3389282226562
            },
            "CPDMGEEENAG": {
                "_y": 240.47579956054688
            },
            "OGLCIHHLECO": "",
            "EIHBECKFELM": "",
            "NBPLDPOGDAA": "",
            "KDKNEEKBHOC": {
                "_x": 30.0,
                "_y": 15.0,
                "_z": 30.0
            },
            "LEKNHBNJAPL": true
        }
    },
    "LHHAHFPKBCM": {
        "1": {
            "$type": "AMEIDNAJKIJ",
            "ILIFEDBAGLB": 70010006,
            "ECLBMPMBMLE": {
                "_x": 401.2427978515625,
                "_y": 69.06796264648438,
                "_z": 497.8575134277344
            },
            "GKOBOKNGMNE": {
                "_x": 521.7012329101562,
                "_y": 116.59072875976562,
                "_z": 583.8665161132812
            },
            "OGLCIHHLECO": "",
            "EIHBECKFELM": "",
            "NBPLDPOGDAA": "",
            "PPHNNDLJOEG": 500.0,
            "CDADJDJPHGO": true,
            "NPLFHDBONNK": "DeadRegion",
            "MCNOGNBMIDN": {
                "$type": "LLNPBLICDHC",
                "GKIBEHOFNBF": true,
                "BJFNPGBKPHH": 10.0,
                "PGAJCDACFCA": "Center",
                "IJDCDHPEIEK": 500.0,
                "KMCIHHPLFHL": 400.0
            },
            "LEPALCGBCKG": ""
        },
        "2": {
            "$type": "AMEIDNAJKIJ",
            "ILIFEDBAGLB": 70010006,
            "ECLBMPMBMLE": {
                "_x": 392.75048828125,
                "_y": 255.34230041503906,
                "_z": 293.19000244140625
            },
            "GKOBOKNGMNE": {
                "_x": 492.7926330566406,
                "_y": 148.818115234375,
                "_z": 557.8067626953125
            },
            "OGLCIHHLECO": "",
            "EIHBECKFELM": "",
            "NBPLDPOGDAA": "",
            "PPHNNDLJOEG": 500.0,
            "CDADJDJPHGO": true,
            "NPLFHDBONNK": "DeadRegion",
            "MCNOGNBMIDN": {
                "$type": "LLNPBLICDHC",
                "GKIBEHOFNBF": true,
                "BJFNPGBKPHH": 400.0,
                "PGAJCDACFCA": "Center",
                "IJDCDHPEIEK": 500.0,
                "KMCIHHPLFHL": 15.0
            },
            "LEPALCGBCKG": ""
        },
        "3": {
            "$type": "AMEIDNAJKIJ",
            "ILIFEDBAGLB": 70010006,
            "ECLBMPMBMLE": {
                "_x": 641.9871826171875,
                "_y": 308.0444030761719,
                "_z": 499.4538879394531
            },
            "GKOBOKNGMNE": {
                "_x": 443.6589660644531,
                "_y": 116.37200927734375,
                "_z": 732.3673706054688
            },
            "OGLCIHHLECO": "",
            "EIHBECKFELM": "",
            "NBPLDPOGDAA": "",
            "PPHNNDLJOEG": 500.0,
            "CDADJDJPHGO": true,
            "NPLFHDBONNK": "DeadRegion",
            "MCNOGNBMIDN": {
                "$type": "LLNPBLICDHC",
                "GKIBEHOFNBF": true,
                "BJFNPGBKPHH": 500.0,
                "PGAJCDACFCA": "Center",
                "IJDCDHPEIEK": 15.0,
                "KMCIHHPLFHL": 400.0
            },
            "LEPALCGBCKG": ""
        },
        "4": {
            "$type": "AMEIDNAJKIJ",
            "ILIFEDBAGLB": 70010006,
            "ECLBMPMBMLE": {
                "_x": 400.2121887207031,
                "_y": 251.27549743652344,
                "_z": 702.9542846679688
            },
            "GKOBOKNGMNE": {
                "_x": 488.9578552246094,
                "_y": 200.68409729003906,
                "_z": 493.51715087890625
            },
            "OGLCIHHLECO": "",
            "EIHBECKFELM": "",
            "NBPLDPOGDAA": "",
            "PPHNNDLJOEG": 500.0,
            "CDADJDJPHGO": true,
            "NPLFHDBONNK": "DeadRegion",
            "MCNOGNBMIDN": {
                "$type": "LLNPBLICDHC",
                "GKIBEHOFNBF": true,
                "BJFNPGBKPHH": 400.0,
                "PGAJCDACFCA": "Center",
                "IJDCDHPEIEK": 500.0,
                "KMCIHHPLFHL": 15.0
            },
            "LEPALCGBCKG": ""
        },
        "5": {
            "$type": "AMEIDNAJKIJ",
            "ILIFEDBAGLB": 70010006,
            "ECLBMPMBMLE": {
                "_x": 144.13450622558594,
                "_y": 290.07550048828125,
                "_z": 501.59271240234375
            },