{
    "NEKGGALFGNE": {
        "1": {
            "$type": "HLNNHPGMKBL",
            "gadgetId": 70120004,
            "pos": {
                "x": -112.44249725341797,
                "y": 81.12174987792969,
                "z": 30.245969772338867
            },
            "tranPos": {
                "x": 1524.96337890625,
                "y": 377.5333557128906,
                "z": 322.8018798828125
            },
            "alias": "",
            "OJICGFEJFHF": "",
            "NIIGCOHDBPF": "",
            "size": {
                "x": 3.0,
                "y": 3.0,
                "z": 3.0
            }
        },
        "10": {
            "$type": "DBLPHPBFHCE",
            "gadgetId": 70010006,
            "pos": {
                "x": 50.15729904174805,
                "y": 97.95944213867188,
                "z": -67.7841796875
            },
            "tranPos": {
                "x": 50.15730285644531,
                "y": 97.95944213867188,
                "z": -67.7841796875
            },
            "alias": "",
            "OJICGFEJFHF": "",
            "NIIGCOHDBPF": "",
            "size": {
                "x": 30.0,
                "y": 20.0,
                "z": 30.0
            }
        },
        "11": {
            "$type": "DBLPHPBFHCE",
            "gadgetId": 70010006,
            "pos": {
                "x": 49.87247085571289,
                "y": 35.092960357666016,
                "z": -45.62078857421875
            },
            "tranPos": {
                "x": 49.872474670410156,
                "y": 35.09295654296875,
                "z": -45.620792388916016
            },
            "alias": "",
            "OJICGFEJFHF": "",
            "NIIGCOHDBPF": "",
            "size": {
                "x": 30.0,
                "y": 20.0,
                "z": 30.0
            }
        },
        "12": {
            "$type": "DBLPHPBFHCE",
            "gadgetId": 70010006,
            "pos": {
                "x": -10.458499908447266,
                "y": 32.033790588378906,
                "z": -0.7922207713127136
            },
            "rot": {
                "y": 269.5816955566406
            },
            "tranPos": {
                "x": -10.458499908447266,
                "y": 32.03378677368164,
                "z": -0.7922207713127136
            },
            "tranRot": {
                "y": 269.5816955566406
            },
            "alias": "",
            "OJICGFEJFHF": "",
            "NIIGCOHDBPF": "",
            "size": {
                "x": 30.0,
                "y": 20.0,
                "z": 30.0
            }
        },
        "13": {
            "$type": "DBLPHPBFHCE",
            "gadgetId": 70010006,
            "pos": {
                "x": 103.5886001586914,
                "y": 109.84950256347656,
                "z": 22.787019729614258
            },
            "rot": {
                "y": 90.49120330810547
            },
            "tranPos": {
                "x": 103.58863830566406,
                "y": 109.8494873046875,
                "z": 22.787015914916992
            },
            "tranRot": {
                "y": 90.49122619628906
            },
            "alias": "",
            "OJICGFEJFHF": "",
            "NIIGCOHDBPF": "",
            "size": {
                "x": 30.0,
                "y": 20.0,
                "z": 30.0
            }
        },
        "14": {
            "$type": "GHAENHOMJDL",
            "gadgetId": 70010006,
            "pos": {
                "x": -29.879009246826172,
                "y": 84.82935333251953,
                "z": 22.534130096435547
            },
            "rot": {
                "y": 95.36319732666016
            },
            "tranPos": {
                "x": -29.879005432128906,
                "y": 84.82935333251953,
                "z": 22.534128189086914
            },
            "tranRot": {
                "y": 95.36315155029297
            },
            "alias": "",
            "OJICGFEJFHF": "",
            "NIIGCOHDBPF": "",
            "size": {
                "x": 30.0,
                "y": 20.0,
                "z": 30.0
            }
        },
        "16": {
            "$type": "GHAENHOMJDL",
            "gadgetId": 70010006,
            "pos": {
                "x": 56.82973098754883,
                "y": 100.4717025756836,
                "z": 69.9185562133789
            },
            "rot": {
                "y": 311.3127136230469
            },
            "tranPos": {
                "x": 56.82972717285156,
                "y": 100.47174835205078,
                "z": 69.9185562133789
            },
            "tranRot": {
                "y": 311.3127136230469
            },
            "alias": "",
            "OJICGFEJFHF": "",
            "NIIGCOHDBPF": "",
            "size": {
                "x": 30.0,
                "y": 20.0,
                "z": 30.0
            }
        },
        "17": {
            "$type": "GHAENHOMJDL",
            "gadgetId": 70010006,
            "pos": {
                "x": -35.12628173828125,
                "y": 87.27491760253906,
                "z": -86.04061126708984
            },
            "rot": {
                "y": 272.87701416015625
            },
            "tranPos": {
                "x": -35.12628173828125,
                "y": 87.27491760253906,
                "z": -86.04061126708984
            },
            "tranRot": {
                "y": 272.87701416015625
            },
            "alias": "",
            "OJICGFEJFHF": "",
            "NIIGCOHDBPF": "",
            "size": {
                "x": 30.0,
                "y": 20.0,
                "z": 30.0
            }
        },
        "18": {
            "$type": "GHAENHOMJDL",
            "gadgetId": 70010006,
            "pos": {
                "x": 5.692368984222412,
                "y": 97.70626831054688,
                "z": -128.87249755859375
            },
            "rot": {
                "y": 87.97720336914062
            },
            "tranPos": {
                "x": 5.69236946105957,
                "y": 97.70626831054688,
                "z": -128.87252807617188
            },
            "tranRot": {
                "y": 87.97721862792969
            },
            "alias": "",
            "OJICGFEJFHF": "",
            "NIIGCOHDBPF": "",
            "size": {
                "x": 30.0,
                "y": 20.0,
                "z": 30.0
            }
        },
        "19": {
            "$type": "GHAENHOMJDL",
            "gadgetId": 70010006,
            "pos": {
                "x": 49.97037887573242,
                "y": 35.09284973144531,
                "z": -46.13051986694336
            },
            "tranPos": {
                "x": 49.97038269042969,
                "y": 35.09285354614258,
                "z": -46.130523681640625
            },
            "alias": "",
            "OJICGFEJFHF": "",
            "NIIGCOHDBPF": "",
            "size": {
                "x": 30.0,
                "y": 20.0,
                "z": 30.0
            }
        },
        "20": {
            "$type": "GHAENHOMJDL",
            "gadgetId": 70010006,
            "pos": {
                "x": -11.191200256347656,
                "y": 32.033790588378906,
                "z": -0.6949813961982727
            },
            "rot": {
                "y": 268.9643859863281
            },
            "tranPos": {
                "x": -11.191197395324707,
                "y": 32.03378677368164,
                "z": -0.6949813961982727
            },
            "tranRot": {
                "y": 268.9643859863281
            },
            "alias": "",
            "OJICGFEJFHF": "",
            "NIIGCOHDBPF": "",
            "size": {
                "x": 30.0,
                "y": 20.0,
                "z": 30.0
            }
        },
        "21": {
            "$type": "GHAENHOMJDL",
            "gadgetId": 70010006,