{
    "FEFNCDLEHGL": {
        "1": {
            "$type": "DungeonQuitPoint",
            "gadgetId": 70120004,
            "pos": {
                "x": -112.44249725341797,
                "y": 81.12174987792969,
                "z": 30.245969772338867
            },
            "tranPos": {
                "x": 1524.96337890625,
                "y": 377.5333557128906,
                "z": 322.8018798828125
            },
            "alias": "",
            "ADNDKHDKAEC": "",
            "BEDBEJAACAH": "",
            "size": {
                "x": 3.0,
                "y": 3.0,
                "z": 3.0
            }
        }
    }
}