{
    "NAFEKMENODO": {
        "1": {
            "$type": "EEALIHOHGHO",
            "gadgetId": 70120004,
            "pos": {
                "x": 499.985595703125,
                "y": 612.2706909179688,
                "z": -1569.239013671875
            },
            "tranPos": {
                "x": -1.3307570219039917,
                "y": -7.232944965362549,
                "z": 93.71742248535156
            },
            "alias": "",
            "FOGDFAPNFKB": "",
            "FMDFPCLHCKJ": "",
            "size": {
                "x": 3.0,
                "y": 3.0,
                "z": 3.0
            }
        },
        "2": {
            "$type": "HGLFPLHHAEO",
            "gadgetId": 70310387,
            "pos": {
                "x": 229.46290588378906,
                "y": 637.7000122070312,
                "z": -1709.155029296875
            },
            "rot": {
                "y": 148.77149963378906
            },
            "tranPos": {
                "x": 232.0,
                "y": 637.0,
                "z": -1714.0
            },
            "unlocked": true,
            "alias": "",
            "FOGDFAPNFKB": "",
            "FMDFPCLHCKJ": "",
            "size": {
                "x": 10.0,
                "y": 10.0,
                "z": 10.0
            }
        },
        "3": {
            "$type": "HGLFPLHHAEO",
            "gadgetId": 70310387,
            "pos": {
                "x": 463.85211181640625,
                "y": 612.77001953125,
                "z": -1609.843017578125
            },
            "rot": {
                "y": 242.74620056152344
            },
            "tranPos": {
                "x": 454.0,
                "y": 612.0,
                "z": -1612.0
            },
            "unlocked": true,
            "alias": "",
            "FOGDFAPNFKB": "",
            "FMDFPCLHCKJ": "",
            "size": {
                "x": 10.0,
                "y": 10.0,
                "z": 10.0
            }
        },
        "4": {
            "$type": "HGLFPLHHAEO",
            "gadgetId": 70310387,
            "pos": {
                "x": 315.67401123046875,
                "y": 625.3599853515625,
                "z": -1656.927978515625
            },
            "rot": {
                "y": 151.11419677734375
            },
            "tranPos": {
                "x": 318.0,
                "y": 625.0,
                "z": -1662.0
            },
            "alias": "",
            "FOGDFAPNFKB": "",
            "FMDFPCLHCKJ": "",
            "size": {
                "x": 15.0,
                "y": 15.0,
                "z": 35.0
            }
        }
    },
    "entities": {
        "1": {
            "$type": "CIJDAELJICH",
            "gadgetId": 70010006,
            "pos": {
                "x": 233.82369995117188,
                "y": 607.9987182617188,
                "z": -1718.9949951171875
            },
            "rot": {
                "y": 327.2862854003906
            },
            "tranPos": {
                "x": 452.0,
                "y": 613.0,
                "z": -1615.0
            },
            "unlocked": true,
            "alias": "",
            "FOGDFAPNFKB": "",
            "FMDFPCLHCKJ": "",
            "LHPMFDKAFLB": 200.0,
            "triggerFlag": "DeadRegion",
            "shape": {
                "$type": "KLMBGIDHBDA",
                "MNJJPFENMPD": true,
                "height": 10.0,
                "JELJIJGLKLO": "Center",
                "width": 200.0,
                "length": 200.0
            },
            "KFMDCCEEGGJ": ""
        },
        "2": {
            "$type": "CIJDAELJICH",
            "gadgetId": 70010006,
            "pos": {
                "x": 363.47979736328125,
                "y": 580.8363037109375,
                "z": -1635.7130126953125
            },
            "rot": {
                "y": 327.2862854003906
            },
            "tranPos": {
                "x": 452.0,
                "y": 613.0,
                "z": -1615.0
            },
            "unlocked": true,
            "alias": "",
            "FOGDFAPNFKB": "",
            "FMDFPCLHCKJ": "",
            "LHPMFDKAFLB": 200.0,
            "triggerFlag": "DeadRegion",
            "shape": {
                "$type": "KLMBGIDHBDA",
                "MNJJPFENMPD": true,
                "height": 10.0,
                "JELJIJGLKLO": "Center",
                "width": 200.0,
                "length": 200.0
            },
            "KFMDCCEEGGJ": ""
        },
        "3": {
            "$type": "CIJDAELJICH",
            "gadgetId": 70010006,
            "pos": {
                "x": 271.3297119140625,
                "y": 642.9987182617188,
                "z": -1814.7120361328125
            },
            "rot": {
                "y": 327.2862854003906
            },
            "tranPos": {
                "x": 452.0,
                "y": 613.0,
                "z": -1615.0
            },
            "unlocked": true,
            "alias": "",
            "FOGDFAPNFKB": "",
            "FMDFPCLHCKJ": "",
            "LHPMFDKAFLB": 1000.0,
            "triggerFlag": "DeadRegion",
            "shape": {
                "$type": "KLMBGIDHBDA",
                "MNJJPFENMPD": true,
                "height": 100.0,
                "JELJIJGLKLO": "Center",
                "width": 1000.0,
                "length": 1.0
            },
            "KFMDCCEEGGJ": ""
        },
        "4": {
            "$type": "CIJDAELJICH",
            "gadgetId": 70010006,
            "pos": {
                "x": 69.88838958740234,
                "y": 603.4838256835938,
                "z": -1824.2950439453125
            },
            "rot": {
                "y": 327.2862854003906
            },
            "tranPos": {
                "x": 452.0,
                "y": 613.0,
                "z": -1615.0
            },
            "unlocked": true,
            "alias": "",
            "FOGDFAPNFKB": "",
            "FMDFPCLHCKJ": "",
            "LHPMFDKAFLB": 300.0,
            "triggerFlag": "DeadRegion",
            "shape": {
                "$type": "KLMBGIDHBDA",
                "MNJJPFENMPD": true,
                "height": 10.0,
                "JELJIJGLKLO": "Center",
                "width": 200.0,
                "length": 200.0
            },
            "KFMDCCEEGGJ": ""
        },
        "5": {
            "$type": "CIJDAELJICH",
            "gadgetId": 70010006,
            "pos": {
                "x": 174.46490478515625,
                "y": 642.9987182617188,
                "z": -1663.9090576171875
            },
            "rot": {
                "y": 327.2862854003906
            },
            "tranPos": {
                "x": 452.0,
                "y": 613.0,
                "z": -1615.0
            },
            "unlocked": true,
            "alias": "",
            "FOGDFAPNFKB": "",
            "FMDFPCLHCKJ": "",
            "LHPMFDKAFLB": 1000.0,
            "triggerFlag": "DeadRegion",
            "shape": {
                "$type": "KLMBGIDHBDA",
                "MNJJPFENMPD": true,
                "height": 100.0,
                "JELJIJGLKLO": "Center",
                "width": 1000.0,
                "length": 1.0
            },
            "KFMDCCEEGGJ": ""
        }
    }
}