{
    "OKJIDAEFIOD": {
        "1": {
            "$type": "NIPJPDIBHHL",
            "ILIFEDBAGLB": 70120004,
            "ECLBMPMBMLE": {
                "_x": 515.663330078125,
                "_y": 103.8230972290039,
                "_z": 361.4021911621094
            },
            "FANCKABFCPH": {
                "_y": 15.625020027160645
            },
            "GKOBOKNGMNE": {
                "_x": 311.1571960449219,
                "_y": 154.8105010986328,
                "_z": 363.9762878417969
            },
            "OGLCIHHLECO": "",
            "EIHBECKFELM": "",
            "NBPLDPOGDAA": "",
            "KDKNEEKBHOC": {
                "_x": 5.0,
                "_y": 5.0,
                "_z": 5.0
            }
        }
    },
    "HNNNIMLDONJ": {}
}