{
    "OKJIDAEFIOD": {
        "1": {
            "$type": "NIPJPDIBHHL",
            "ILIFEDBAGLB": 70120004,
            "ECLBMPMBMLE": {
                "_x": -112.44249725341797,
                "_y": 81.12174987792969,
                "_z": 30.245969772338867
            },
            "GKOBOKNGMNE": {
                "_x": 1524.96337890625,
                "_y": 377.5333557128906,
                "_z": 322.8018798828125
            },
            "OGLCIHHLECO": "",
            "EIHBECKFELM": "",
            "NBPLDPOGDAA": "",
            "KDKNEEKBHOC": {
                "_x": 3.0,
                "_y": 3.0,
                "_z": 3.0
            }
        }
    },
    "HNNNIMLDONJ": {}
}