{
    "OKJIDAEFIOD": {
        "1": {
            "$type": "NIPJPDIBHHL",
            "OMNDEBJIOCP": "TOWER",
            "ILIFEDBAGLB": 70120004,
            "ECLBMPMBMLE": {
                "_x": -17.390670776367188,
                "_y": 119.03810119628906,
                "_z": 98.47406005859375
            },
            "GKOBOKNGMNE": {
                "_x": -17.390674591064453,
                "_y": 119.0380859375,
                "_z": 98.47406005859375
            },
            "OGLCIHHLECO": "",
            "EIHBECKFELM": "",
            "NBPLDPOGDAA": "",
            "KDKNEEKBHOC": {
                "_x": 3.0,
                "_y": 3.0,
                "_z": 3.0
            }
        }
    },
    "HNNNIMLDONJ": {}
}