{
    "NAFEKMENODO": {
        "2": {
            "$type": "EEALIHOHGHO",
            "gadgetId": 70120004,
            "pos": {
                "x": -76.44441223144531,
                "y": 279.61151123046875,
                "z": -193.1085968017578
            },
            "rot": {
                "y": 40.48540115356445
            },
            "unlocked": true,
            "alias": "",
            "FOGDFAPNFKB": "",
            "FMDFPCLHCKJ": "",
            "size": {
                "x": 3.0,
                "y": 3.0,
                "z": 3.0
            }
        },
        "3": {
            "$type": "HGLFPLHHAEO",
            "gadgetId": 70010006,
            "pos": {
                "x": 12.184880256652832,
                "y": 246.10000610351562,
                "z": -36.660789489746094
            },
            "rot": {
                "y": 111.46869659423828
            },
            "unlocked": true,
            "alias": "",
            "FOGDFAPNFKB": "",
            "FMDFPCLHCKJ": "",
            "size": {
                "x": 50.0,
                "y": 50.0,
                "z": 50.0
            }
        },
        "4": {
            "$type": "HGLFPLHHAEO",
            "gadgetId": 70010006,
            "pos": {
                "x": -23.00493049621582,
                "y": 246.13560485839844,
                "z": -56.567710876464844
            },
            "rot": {
                "y": 212.98300170898438
            },
            "unlocked": true,
            "alias": "",
            "FOGDFAPNFKB": "",
            "FMDFPCLHCKJ": "",
            "size": {
                "x": 50.0,
                "y": 50.0,
                "z": 50.0
            }
        },
        "5": {
            "$type": "HGLFPLHHAEO",
            "gadgetId": 70010006,
            "pos": {
                "x": -43.37117004394531,
                "y": 276.6767883300781,
                "z": -151.4506072998047
            },
            "rot": {
                "y": 214.8175048828125
            },
            "unlocked": true,
            "alias": "",
            "FOGDFAPNFKB": "",
            "FMDFPCLHCKJ": "",
            "size": {
                "x": 30.0,
                "y": 30.0,
                "z": 30.0
            }
        }
    }
}