{
    "NEKGGALFGNE": {
        "1": {
            "$type": "HLNNHPGMKBL",
            "gadgetId": 70010001,
            "pos": {
                "x": 400.0,
                "y": 24.921329498291016,
                "z": 570.543212890625
            },
            "tranPos": {
                "x": 305.36627197265625,
                "y": -3.1389966011047363,
                "z": 79.37376403808594
            },
            "alias": "",
            "OJICGFEJFHF": "",
            "NIIGCOHDBPF": "",
            "size": {
                "x": 5.0,
                "y": 5.0,
                "z": 5.0
            }
        }
    },
    "GIFOHNONNCM": {}
}