{
    "EIAKLLDIBOG": {
        "1": {
            "$type": "DungeonQuitPoint",
            "gadgetId": 70010001,
            "pos": {
                "x": 80.0,
                "y": 44.57062911987305,
                "z": 509.9999084472656
            },
            "tranPos": {
                "x": 400.0,
                "y": 0.05000004172325134,
                "z": 620.0
            },
            "alias": "",
            "OKBHIJJFEKD": "",
            "BKAILKIEBDH": "",
            "size": {
                "x": 5.0,
                "y": 5.0,
                "z": 5.0
            }
        }
    }
}