{
    "OKJIDAEFIOD": {
        "1": {
            "$type": "NIPJPDIBHHL",
            "ILIFEDBAGLB": 70120004,
            "ECLBMPMBMLE": {
                "_x": 54.5260009765625,
                "_y": 25.610000610351562,
                "_z": 94.31713104248047
            },
            "GKOBOKNGMNE": {
                "_x": 491.4590148925781,
                "_y": 100.54150390625,
                "_z": 487.8755187988281
            },
            "OGLCIHHLECO": "",
            "EIHBECKFELM": "",
            "NBPLDPOGDAA": "",
            "KDKNEEKBHOC": {
                "_x": 2.0,
                "_y": 2.0,
                "_z": 2.0
            }
        }
    },
    "HNNNIMLDONJ": {}
}