{
    "OKJIDAEFIOD": {
        "1": {
            "$type": "NIPJPDIBHHL",
            "ILIFEDBAGLB": 70120004,
            "ECLBMPMBMLE": {
                "_x": 646.1666259765625,
                "_y": 57.79877853393555,
                "_z": 469.1991882324219
            },
            "FANCKABFCPH": {
                "_y": 270.0
            },
            "GKOBOKNGMNE": {
                "_x": 11.312528610229492,
                "_y": -46.0,
                "_z": -3.717000722885132
            },
            "NBLDNHLJLIN": true,
            "OGLCIHHLECO": "",
            "EIHBECKFELM": "",
            "NBPLDPOGDAA": "",
            "KDKNEEKBHOC": {
                "_x": 3.0,
                "_y": 3.0,
                "_z": 3.0
            }
        },
        "2": {
            "$type": "JMLCJLEOKLI",
            "ILIFEDBAGLB": 70010006,
            "ECLBMPMBMLE": {
                "_x": -30.01333999633789,
                "_y": -20.10032081604004,
                "_z": 72.55071258544922
            },
            "NBLDNHLJLIN": true,
            "OGLCIHHLECO": "",
            "EIHBECKFELM": "",
            "NBPLDPOGDAA": "",
            "KDKNEEKBHOC": {
                "_x": 20.0,
                "_y": 30.0,
                "_z": 30.0
            }
        },
        "3": {
            "$type": "JMLCJLEOKLI",
            "ILIFEDBAGLB": 70010006,
            "ECLBMPMBMLE": {
                "_x": -150.3000946044922,
                "_y": -45.209999084472656,
                "_z": 62.88777160644531
            },
            "NBLDNHLJLIN": true,
            "OGLCIHHLECO": "",
            "EIHBECKFELM": "",
            "NBPLDPOGDAA": "",
            "KDKNEEKBHOC": {
                "_x": 8.0,
                "_y": 15.0,
                "_z": 5.0
            }
        },
        "4": {
            "$type": "JMLCJLEOKLI",
            "ILIFEDBAGLB": 70010006,
            "ECLBMPMBMLE": {
                "_x": -138.4691925048828,
                "_y": -9.771191596984863,
                "_z": 81.580078125
            },
            "NBLDNHLJLIN": true,
            "OGLCIHHLECO": "",
            "EIHBECKFELM": "",
            "NBPLDPOGDAA": "",
            "KDKNEEKBHOC": {
                "_x": 15.0,
                "_y": 15.0,
                "_z": 5.0
            }
        },
        "5": {
            "$type": "JMLCJLEOKLI",
            "ILIFEDBAGLB": 70010006,
            "ECLBMPMBMLE": {
                "_x": -138.38710021972656,
                "_y": 2.97999906539917,
                "_z": 60.396270751953125
            },
            "NBLDNHLJLIN": true,
            "OGLCIHHLECO": "",
            "EIHBECKFELM": "",
            "NBPLDPOGDAA": "",
            "KDKNEEKBHOC": {
                "_x": 35.0,
                "_y": 5.0,
                "_z": 50.0
            }
        },
        "6": {
            "$type": "JMLCJLEOKLI",
            "ILIFEDBAGLB": 70010006,
            "ECLBMPMBMLE": {
                "_x": 679.5640258789062,
                "_y": 56.61954116821289,
                "_z": 424.79168701171875
            },
            "NBLDNHLJLIN": true,
            "OGLCIHHLECO": "",
            "EIHBECKFELM": "",
            "NBPLDPOGDAA": "",
            "KDKNEEKBHOC": {
                "_x": 35.0,
                "_y": 15.0,
                "_z": 35.0
            }
        }
    },
    "HNNNIMLDONJ": {}
}