{
    "NEKGGALFGNE": {
        "1": {
            "$type": "DBLPHPBFHCE",
            "gadgetId": 70010006,
            "pos": {
                "x": 489.4519958496094,
                "y": 153.377197265625,
                "z": 555.6544189453125
            },
            "rot": {
                "x": 0.03175259009003639,
                "y": 247.3780975341797,
                "z": 359.894287109375
            },
            "tranPos": {
                "x": 499.99578857421875,
                "y": 146.8968963623047,
                "z": 560.5333251953125
            },
            "tranRot": {
                "x": 0.03175259009003639,
                "y": 247.3780975341797,
                "z": 359.894287109375
            },
            "alias": "",
            "OJICGFEJFHF": "",
            "NIIGCOHDBPF": "",
            "size": {
                "x": 30.0,
                "y": 15.0,
                "z": 30.0
            },
            "JNIEEBLDJLH": true
        },
        "2": {
            "$type": "DBLPHPBFHCE",
            "gadgetId": 70010006,
            "pos": {
                "x": 457.45709228515625,
                "y": 171.62100219726562,
                "z": 522.3021850585938
            },
            "rot": {
                "x": 0.03175261989235878,
                "y": 247.3780975341797,
                "z": 359.894287109375
            },
            "tranPos": {
                "x": 457.4646911621094,
                "y": 167.5511932373047,
                "z": 522.2943115234375
            },
            "tranRot": {
                "x": 0.03175261989235878,
                "y": 247.3780975341797,
                "z": 359.894287109375
            },
            "alias": "",
            "OJICGFEJFHF": "",
            "NIIGCOHDBPF": "",
            "size": {
                "x": 15.0,
                "y": 15.0,
                "z": 15.0
            },
            "JNIEEBLDJLH": true
        },
        "3": {
            "$type": "DBLPHPBFHCE",
            "gadgetId": 70010006,
            "pos": {
                "x": 391.25628662109375,
                "y": 183.03289794921875,
                "z": 506.9938049316406
            },
            "rot": {
                "x": 0.03175261989235878,
                "y": 247.3780975341797,
                "z": 359.894287109375
            },
            "tranPos": {
                "x": 392.9664001464844,
                "y": 180.29879760742188,
                "z": 507.7008972167969
            },
            "tranRot": {
                "x": 0.03175261989235878,
                "y": 247.3780975341797,
                "z": 359.894287109375
            },
            "alias": "",
            "OJICGFEJFHF": "",
            "NIIGCOHDBPF": "",
            "size": {
                "x": 15.0,
                "y": 15.0,
                "z": 15.0
            },
            "JNIEEBLDJLH": true
        },
        "4": {
            "$type": "GHAENHOMJDL",
            "gadgetId": 70010006,
            "pos": {
                "x": 489.5733947753906,
                "y": 152.47869873046875,
                "z": 554.890380859375
            },
            "rot": {
                "y": 240.47579956054688
            },
            "tranPos": {
                "x": 500.9598083496094,
                "y": 146.5557861328125,
                "z": 561.3389282226562
            },
            "tranRot": {
                "y": 240.47579956054688
            },
            "alias": "",
            "OJICGFEJFHF": "",
            "NIIGCOHDBPF": "",
            "size": {
                "x": 30.0,
                "y": 15.0,
                "z": 30.0
            },
            "JNIEEBLDJLH": true
        }
    },
    "entities": {
        "1": {
            "$type": "EMBAKBDCMLP",
            "gadgetId": 70010006,
            "pos": {
                "x": 401.2427978515625,
                "y": 69.06796264648438,
                "z": 497.8575134277344
            },
            "tranPos": {
                "x": 521.7012329101562,
                "y": 116.59072875976562,
                "z": 583.8665161132812
            },
            "alias": "",
            "OJICGFEJFHF": "",
            "NIIGCOHDBPF": "",
            "KBOGLJLDGMC": 500.0,
            "NGBJGPGAHFP": true,
            "triggerFlag": "DeadRegion",
            "shape": {
                "$type": "NDFENLCJONG",
                "KMPIJPHJAEN": true,
                "height": 10.0,
                "GHAGDAIJFHJ": "Center",
                "width": 500.0,
                "length": 400.0
            },
            "CGADHNOAGIB": ""
        },
        "2": {
            "$type": "EMBAKBDCMLP",
            "gadgetId": 70010006,
            "pos": {
                "x": 392.75048828125,
                "y": 255.34230041503906,
                "z": 293.19000244140625
            },
            "tranPos": {
                "x": 492.7926330566406,
                "y": 148.818115234375,
                "z": 557.8067626953125
            },
            "alias": "",
            "OJICGFEJFHF": "",
            "NIIGCOHDBPF": "",
            "KBOGLJLDGMC": 500.0,
            "NGBJGPGAHFP": true,
            "triggerFlag": "DeadRegion",
            "shape": {
                "$type": "NDFENLCJONG",
                "KMPIJPHJAEN": true,
                "height": 400.0,
                "GHAGDAIJFHJ": "Center",
                "width": 500.0,
                "length": 15.0
            },
            "CGADHNOAGIB": ""
        },
        "3": {
            "$type": "EMBAKBDCMLP",
            "gadgetId": 70010006,
            "pos": {
                "x": 641.9871826171875,
                "y": 308.0444030761719,
                "z": 499.4538879394531
            },
            "tranPos": {
                "x": 443.6589660644531,
                "y": 116.37200927734375,
                "z": 732.3673706054688
            },
            "alias": "",
            "OJICGFEJFHF": "",
            "NIIGCOHDBPF": "",
            "KBOGLJLDGMC": 500.0,
            "NGBJGPGAHFP": true,
            "triggerFlag": "DeadRegion",
            "shape": {
                "$type": "NDFENLCJONG",
                "KMPIJPHJAEN": true,
                "height": 500.0,
                "GHAGDAIJFHJ": "Center",
                "width": 15.0,
                "length": 400.0
            },
            "CGADHNOAGIB": ""
        },
        "4": {
            "$type": "EMBAKBDCMLP",
            "gadgetId": 70010006,
            "pos": {
                "x": 400.2121887207031,
                "y": 251.27549743652344,
                "z": 702.9542846679688
            },
            "tranPos": {
                "x": 488.9578552246094,
                "y": 200.68409729003906,
                "z": 493.51715087890625
            },
            "alias": "",
            "OJICGFEJFHF": "",
            "NIIGCOHDBPF": "",
            "KBOGLJLDGMC": 500.0,
            "NGBJGPGAHFP": true,
            "triggerFlag": "DeadRegion",
            "shape": {
                "$type": "NDFENLCJONG",
                "KMPIJPHJAEN": true,
                "height": 400.0,
                "GHAGDAIJFHJ": "Center",
                "width": 500.0,
                "length": 15.0
            },
            "CGADHNOAGIB": ""
        },
        "5": {
            "$type": "EMBAKBDCMLP",
            "gadgetId": 70010006,
            "pos": {
                "x": 144.13450622558594,
                "y": 290.07550048828125,
                "z": 501.59271240234375
            },
            "tranPos": {
                "x": 856.7762451171875,
                "y": 143.32705688476562,
                "z": 550.619873046875
            },
            "alias": "",
            "OJICGFEJFHF": "",
            "NIIGCOHDBPF": "",
            "KBOGLJLDGMC": 500.0,
            "NGBJGPGAHFP": true,
            "triggerFlag": "DeadRegion",
            "shape": {
                "$type": "NDFENLCJONG",
                "KMPIJPHJAEN": true,