{
    "FEFNCDLEHGL": {
        "1": {
            "$type": "DungeonQuitPoint",
            "gadgetId": 70120004,
            "pos": {
                "x": -67.47567749023438,
                "y": 279.6485900878906,
                "z": -181.54649353027344
            },
            "tranPos": {
                "x": -67.47567749023438,
                "y": 279.6485900878906,
                "z": -182.5861053466797
            },
            "alias": "",
            "ADNDKHDKAEC": "",
            "BEDBEJAACAH": "",
            "size": {
                "x": 5.0,
                "y": 5.0,
                "z": 5.0
            }
        }
    }
}