{
    "NEKGGALFGNE": {
        "1": {
            "$type": "HLNNHPGMKBL",
            "gadgetId": 70120004,
            "pos": {
                "x": -90.5533676147461,
                "y": -46.434478759765625,
                "z": 28.035980224609375
            },
            "tranPos": {
                "x": 1079.4376220703125,
                "y": 261.7490234375,
                "z": 123.30799865722656
            },
            "alias": "",
            "OJICGFEJFHF": "",
            "NIIGCOHDBPF": "",
            "size": {
                "x": 3.0,
                "y": 3.0,
                "z": 3.0
            }
        }
    },
    "GIFOHNONNCM": {}
}