{
    "NAFEKMENODO": {
        "1": {
            "$type": "EEALIHOHGHO",
            "gadgetId": 70120004,
            "pos": {
                "x": -81.30722045898438,
                "y": 12.641639709472656,
                "z": 83.73338317871094
            },
            "tranPos": {
                "x": -81.30722045898438,
                "y": 12.641644477844238,
                "z": 83.7333755493164
            },
            "alias": "",
            "FOGDFAPNFKB": "",
            "FMDFPCLHCKJ": "",
            "size": {
                "x": 3.0,
                "y": 3.0,
                "z": 3.0
            }
        }
    }
}