{
    "FEFNCDLEHGL": {
        "1": {
            "$type": "DungeonQuitPoint",
            "gadgetId": 70120004,
            "pos": {
                "x": 59.65470886230469,
                "y": 0.7850000858306885,
                "z": 99.9548568725586
            },
            "tranPos": {
                "x": 51.759307861328125,
                "y": 0.7850000858306885,
                "z": 99.9548568725586
            },
            "alias": "",
            "ADNDKHDKAEC": "",
            "BEDBEJAACAH": ""
        },
        "2": {
            "$type": "DungeonWayPoint",
            "gadgetId": 70010006,
            "pos": {
                "x": 150.63800048828125,
                "y": 4.77873420715332,
                "z": 49.61717987060547
            },
            "rot": {
                "y": 98.37000274658203
            },
            "tranPos": {
                "x": 150.63800048828125,
                "y": 4.77873420715332,
                "z": 49.61717987060547
            },
            "tranRot": {
                "y": 98.36995697021484
            },
            "alias": "",
            "ADNDKHDKAEC": "",
            "BEDBEJAACAH": "",
            "size": {
                "x": 10.0,
                "y": 10.0,
                "z": 15.0
            }
        },
        "3": {
            "$type": "DungeonSlipRevivePoint",
            "gadgetId": 70010006,
            "pos": {
                "x": 150.63800048828125,
                "y": 4.77873420715332,
                "z": 49.61717987060547
            },
            "rot": {
                "y": 98.37000274658203
            },
            "tranPos": {
                "x": 59.91386032104492,
                "y": 0.718980610370636,
                "z": 100.70539855957031
            },
            "tranRot": {
                "y": 98.36995697021484
            },
            "alias": "",
            "ADNDKHDKAEC": "",
            "BEDBEJAACAH": "",
            "size": {
                "x": 10.0,
                "y": 10.0,
                "z": 15.0
            }
        },
        "4": {
            "$type": "DungeonWayPoint",
            "gadgetId": 70010006,
            "pos": {
                "x": 82.79601287841797,
                "y": 4.789000034332275,
                "z": 48.249610900878906
            },
            "rot": {
                "y": 98.37000274658203
            },
            "tranPos": {
                "x": 82.79600524902344,
                "y": 4.789000034332275,
                "z": 48.249610900878906
            },
            "tranRot": {
                "y": 98.36995697021484
            },
            "alias": "",
            "ADNDKHDKAEC": "",
            "BEDBEJAACAH": "",
            "size": {
                "x": 20.0,
                "y": 10.0,
                "z": 25.0
            }
        },
        "5": {
            "$type": "DungeonSlipRevivePoint",
            "gadgetId": 70010006,
            "pos": {
                "x": 82.79601287841797,
                "y": 4.789000034332275,
                "z": 48.249610900878906
            },
            "rot": {
                "y": 98.37000274658203
            },
            "tranPos": {
                "x": 59.91386032104492,
                "y": 0.718980610370636,
                "z": 100.70539855957031
            },
            "tranRot": {
                "y": 98.36995697021484
            },
            "alias": "",
            "ADNDKHDKAEC": "",
            "BEDBEJAACAH": "",
            "size": {
                "x": 20.0,
                "y": 10.0,
                "z": 25.0
            }
        },
        "6": {
            "$type": "DungeonWayPoint",
            "gadgetId": 70010006,
            "pos": {
                "x": 59.91386032104492,
                "y": 0.718980610370636,
                "z": 100.70539855957031
            },
            "rot": {
                "y": 98.37000274658203
            },
            "tranPos": {
                "x": 59.91386032104492,
                "y": 0.718980610370636,
                "z": 100.70539855957031
            },
            "tranRot": {
                "y": 98.37000274658203
            },
            "alias": "",
            "ADNDKHDKAEC": "",
            "BEDBEJAACAH": "",
            "size": {
                "x": 20.0,
                "y": 10.0,
                "z": 25.0
            }
        }
    },
    "entities": {
        "2": {
            "$type": "ConfigLocalTrigger",
            "gadgetId": 70010006,
            "pos": {
                "x": 135.41929626464844,
                "y": -62.34701156616211,
                "z": 13.433670043945312
            },
            "tranPos": {
                "x": 96.98751831054688,
                "y": 13.75490951538086,
                "z": -8.271173477172852
            },
            "unlocked": true,
            "alias": "",
            "ADNDKHDKAEC": "",
            "BEDBEJAACAH": "",
            "checkDist": 400.0,
            "triggerFlag": "DeadRegion",
            "shape": {
                "$type": "ConfigShapeRect",
                "useHeight": true,
                "height": 20.0,
                "centerType": "Center",
                "width": 500.0,
                "length": 500.0
            },
            "stringParam": ""
        },
        "3": {
            "$type": "ConfigLocalTrigger",
            "gadgetId": 70010006,
            "pos": {
                "x": 135.41929626464844,
                "y": -11.801719665527344,
                "z": -28.666080474853516
            },
            "tranPos": {
                "x": 96.98751831054688,
                "y": 13.75490951538086,
                "z": -8.271173477172852
            },
            "unlocked": true,
            "alias": "",
            "ADNDKHDKAEC": "",
            "BEDBEJAACAH": "",
            "checkDist": 300.0,
            "triggerFlag": "DeadRegion",
            "shape": {
                "$type": "ConfigShapeRect",
                "useHeight": true,
                "height": 100.0,
                "centerType": "Center",
                "width": 500.0,
                "length": 20.0
            },
            "stringParam": ""
        },
        "4": {
            "$type": "ConfigLocalTrigger",
            "gadgetId": 70010006,
            "pos": {
                "x": 223.26519775390625,
                "y": -11.801719665527344,
                "z": 60.41078186035156
            },
            "tranPos": {
                "x": 96.98751831054688,
                "y": 13.75490951538086,
                "z": -8.271173477172852
            },
            "unlocked": true,
            "alias": "",
            "ADNDKHDKAEC": "",
            "BEDBEJAACAH": "",
            "checkDist": 300.0,
            "triggerFlag": "DeadRegion",
            "shape": {
                "$type": "ConfigShapeRect",
                "useHeight": true,
                "height": 100.0,
                "centerType": "Center",
                "width": 20.0,
                "length": 200.0
            },
            "stringParam": ""
        },
        "5": {
            "$type": "ConfigLocalTrigger",
            "gadgetId": 70010006,
            "pos": {
                "x": 135.41929626464844,
                "y": -11.801719665527344,
                "z": 135.09109497070312
            },
            "tranPos": {
                "x": 96.98751831054688,
                "y": 13.75490951538086,
                "z": -8.271173477172852
            },
            "unlocked": true,
            "alias": "",
            "ADNDKHDKAEC": "",
            "BEDBEJAACAH": "",
            "checkDist": 300.0,
            "triggerFlag": "DeadRegion",
            "shape": {
                "$type": "ConfigShapeRect",
                "useHeight": true,
                "height": 100.0,
                "centerType": "Center",
                "width": 500.0,
                "length": 20.0
            },