{
    "OKJIDAEFIOD": {
        "1": {
            "$type": "NIPJPDIBHHL",
            "ILIFEDBAGLB": 70120004,
            "ECLBMPMBMLE": {
                "_x": 866.4069213867188,
                "_y": 76.34398651123047,
                "_z": 442.1481018066406
            },
            "FANCKABFCPH": {
                "_y": 249.1584930419922
            },
            "GKOBOKNGMNE": {
                "_x": 873.8597412109375,
                "_y": 76.24080657958984,
                "_z": 436.8100891113281
            },
            "OGLCIHHLECO": "",
            "EIHBECKFELM": "",
            "NBPLDPOGDAA": "",
            "KDKNEEKBHOC": {
                "_x": 5.0,
                "_y": 5.0,
                "_z": 5.0
            }
        }
    },
    "HNNNIMLDONJ": {}
}