{
    "OKJIDAEFIOD": {
        "1": {
            "$type": "IHPOJHMBEPF",
            "ILIFEDBAGLB": 70010002,
            "ECLBMPMBMLE": {
                "_x": -0.034114111214876175,
                "_y": 0.03608002886176109,
                "_z": 5.226257801055908
            },
            "GKOBOKNGMNE": {
                "_x": 2228.0,
                "_y": 216.0,
                "_z": -899.8703002929688
            },
            "CPDMGEEENAG": {
                "_y": 180.0
            },
            "NBLDNHLJLIN": true,
            "OGLCIHHLECO": "",
            "EIHBECKFELM": "",
            "NBPLDPOGDAA": "",
            "FHLEHKCJMID": 3,
            "NGPHJOMILAN": "UI_SCENE_ENTRY_EXIT_CattailTavern",
            "DPIPPIKIPMA": {
                "_x": 2.5,
                "_y": 5.0,
                "_z": 2.5
            },
            "NDFGICFJMAE": 24.0
        },
        "2": {
            "$type": "BPDFMEHKDPN",
            "ILIFEDBAGLB": 70350085,
            "ECLBMPMBMLE": {
                "_x": -2.694261074066162,
                "_y": -1.5819620102774934e-06,
                "_z": 8.364660263061523
            },
            "FANCKABFCPH": {
                "_y": 270.0
            },
            "GKOBOKNGMNE": {
                "_x": -2.694260597229004,
                "_y": -1.5819624650248443e-06,
                "_z": 8.364660263061523
            },
            "CPDMGEEENAG": {
                "_x": 2.5613719571992988e-06,
                "_y": 270.0,
                "_z": 1.70755947692669e-06
            },
            "OGLCIHHLECO": "",
            "EIHBECKFELM": "",
            "NBPLDPOGDAA": "",
            "CEGLHBMNPIM": true,
            "FLBINLKKIAL": "",
            "BODOMIDLEIP": {},
            "NGPHJOMILAN": "UI_STC_Intee_DungeonEntry",
            "LOMOLKGDFFL": "UI_Icon_Intee_Talk",
            "GKHLDOHOAAE": true
        },
        "3": {
            "$type": "LCCHBOCLBLM",
            "ILIFEDBAGLB": 70350085,
            "ECLBMPMBMLE": {
                "_x": -2.7121388912200928,
                "_y": -1.5479670310014626e-06,
                "_z": 7.890048980712891
            },
            "FANCKABFCPH": {
                "_y": 270.0
            },
            "GKOBOKNGMNE": {
                "_x": 1.6958868503570557,
                "_y": -1.5479669173146249e-06,
                "_z": 9.167730331420898
            },
            "OGLCIHHLECO": "",
            "EIHBECKFELM": "",
            "NBPLDPOGDAA": "",
            "PBAAJGJEMNE": 2
        },
        "4": {
            "$type": "BPDFMEHKDPN",
            "ILIFEDBAGLB": 70350085,
            "ECLBMPMBMLE": {
                "_x": -2.65693998336792,
                "_y": 0.03607992082834244,
                "_z": 7.096609115600586
            },
            "GKOBOKNGMNE": {
                "_x": -2.6569390296936035,
                "_y": 0.036079924553632736,
                "_z": 7.096609115600586
            },
            "CPDMGEEENAG": {
                "_y": 270.0
            },
            "OGLCIHHLECO": "",
            "EIHBECKFELM": "",
            "NBPLDPOGDAA": "",
            "CEGLHBMNPIM": true,
            "FLBINLKKIAL": "",
            "BODOMIDLEIP": {},
            "NGPHJOMILAN": "UI_STC_Intee_DungeonEntry",
            "LOMOLKGDFFL": "UI_Icon_Intee_Talk",
            "GKHLDOHOAAE": true
        },
        "5": {
            "$type": "LCCHBOCLBLM",
            "ILIFEDBAGLB": 70350085,
            "ECLBMPMBMLE": {
                "_x": -2.7791268825531006,
                "_y": 0.03607993945479393,
                "_z": 6.8386712074279785
            },
            "FANCKABFCPH": {
                "_y": 270.0
            },
            "GKOBOKNGMNE": {
                "_x": 1.6288985013961792,
                "_y": 0.03607993572950363,
                "_z": 8.116352081298828
            },
            "OGLCIHHLECO": "",
            "EIHBECKFELM": "",
            "NBPLDPOGDAA": "",
            "PBAAJGJEMNE": 4
        },
        "6": {
            "$type": "IIMCDMPHHGK",
            "ILIFEDBAGLB": 70010001,
            "ECLBMPMBMLE": {
                "_x": 0.13397009670734406,
                "_y": 1.3592449426651,
                "_z": 11.500189781188965
            },
            "GKOBOKNGMNE": {
                "_x": -0.9095463156700134,
                "_y": 1.3592449426651,
                "_z": 11.500189781188965
            },
            "OGLCIHHLECO": "",
            "EIHBECKFELM": "",
            "NBPLDPOGDAA": "",
            "PEJLNCPIJHP": "GcgCat",
            "JKNGHLDPDCA": true
        },
        "7": {
            "$type": "IIMCDMPHHGK",
            "ILIFEDBAGLB": 70010001,
            "ECLBMPMBMLE": {
                "_x": -3.5741069316864014,
                "_y": 2.0182979106903076,
                "_z": 7.744472026824951
            },
            "GKOBOKNGMNE": {
                "_x": 3.774502754211426,
                "_y": 2.0182981491088867,
                "_z": 7.376804351806641
            },
            "OGLCIHHLECO": "",
            "EIHBECKFELM": "",
            "NBPLDPOGDAA": "",
            "PEJLNCPIJHP": "GcgBoard",
            "JKNGHLDPDCA": true
        },
        "8": {
            "$type": "IHPOJHMBEPF",
            "ECLBMPMBMLE": {
                "_x": -1007.5640258789062,
                "_y": 4.914992809295654,
                "_z": -3.2019999027252197
            },
            "GKOBOKNGMNE": {
                "_x": 2228.033203125,
                "_y": 215.974365234375,
                "_z": -900.3956298828125
            },
            "CPDMGEEENAG": {
                "_y": 180.0
            },
            "NBLDNHLJLIN": true,
            "OGLCIHHLECO": "",
            "EIHBECKFELM": "",
            "NBPLDPOGDAA": "",
            "FHLEHKCJMID": 3,
            "NGPHJOMILAN": "",
            "NDFGICFJMAE": 24.0
        }
    },
    "HNNNIMLDONJ": {}
}