{
    "OKJIDAEFIOD": {
        "1": {
            "$type": "IHPOJHMBEPF",
            "ILIFEDBAGLB": 70010002,
            "ECLBMPMBMLE": {
                "_x": 1.2077029943466187,
                "_y": 0.1395227015018463,
                "_z": -18.212589263916016
            },
            "GKOBOKNGMNE": {
                "_x": -4.25,
                "_y": -0.30000001192092896,
                "_z": 46.13999938964844
            },
            "CPDMGEEENAG": {
                "_y": 180.0
            },
            "OGLCIHHLECO": "",
            "EIHBECKFELM": "",
            "NBPLDPOGDAA": "",
            "FHLEHKCJMID": 1005,
            "NGPHJOMILAN": "UI_SCENE_ENTRY_ENTER_BASEMENT",
            "DPIPPIKIPMA": {
                "_x": 3.0,
                "_y": 3.0,
                "_z": 3.0
            },
            "JCCDLJJJEFG": 18.0,
            "NDFGICFJMAE": 6.0
        },
        "2": {
            "$type": "IHPOJHMBEPF",
            "ILIFEDBAGLB": 70010002,
            "ECLBMPMBMLE": {
                "_x": -0.09163284301757812,
                "_y": 0.02500000037252903,
                "_z": 46.42559814453125
            },
            "GKOBOKNGMNE": {
                "_x": 2354.251953125,
                "_y": 260.4276123046875,
                "_z": -687.0654296875
            },
            "CPDMGEEENAG": {
                "_y": 206.0
            },
            "NBLDNHLJLIN": true,
            "OGLCIHHLECO": "",
            "EIHBECKFELM": "",
            "NBPLDPOGDAA": "",
            "FHLEHKCJMID": 3,
            "NGPHJOMILAN": "UI_SCENE_ENTRY_EXIT_CHURCH",
            "DPIPPIKIPMA": {
                "_x": 2.0,
                "_y": 2.0,
                "_z": 2.0
            },
            "NDFGICFJMAE": 24.0
        }
    },
    "HNNNIMLDONJ": {}
}