{
    "OKJIDAEFIOD": {
        "1": {
            "$type": "NIPJPDIBHHL",
            "ILIFEDBAGLB": 70120004,
            "ECLBMPMBMLE": {
                "_x": 293.9525146484375,
                "_y": 42.21049118041992,
                "_z": 19.441829681396484
            },
            "NBLDNHLJLIN": true,
            "OGLCIHHLECO": "",
            "EIHBECKFELM": "",
            "NBPLDPOGDAA": "",
            "KDKNEEKBHOC": {
                "_x": 5.0,
                "_y": 5.0,
                "_z": 5.0
            }
        },
        "2": {
            "$type": "JMLCJLEOKLI",
            "ILIFEDBAGLB": 70120003,
            "ECLBMPMBMLE": {
                "_x": 52.47904968261719,
                "_y": -1.146723985671997,
                "_z": 42.596290588378906
            },
            "FANCKABFCPH": {
                "_y": 90.0
            },
            "NBLDNHLJLIN": true,
            "OGLCIHHLECO": "",
            "EIHBECKFELM": "",
            "NBPLDPOGDAA": "",
            "KDKNEEKBHOC": {
                "_x": 6.800000190734863,
                "_y": 9.760000228881836,
                "_z": 31.809999465942383
            }
        },
        "3": {
            "$type": "JMLCJLEOKLI",
            "ILIFEDBAGLB": 70120003,
            "ECLBMPMBMLE": {
                "_x": 180.73330688476562,
                "_y": 19.25016975402832,
                "_z": 19.233800888061523
            },
            "FANCKABFCPH": {
                "_y": 90.0
            },
            "NBLDNHLJLIN": true,
            "OGLCIHHLECO": "",
            "EIHBECKFELM": "",
            "NBPLDPOGDAA": "",
            "KDKNEEKBHOC": {
                "_x": 5.0,
                "_y": 10.0,
                "_z": 40.0
            }
        },
        "4": {
            "$type": "JMLCJLEOKLI",
            "ILIFEDBAGLB": 70120003,
            "ECLBMPMBMLE": {
                "_x": 269.6184997558594,
                "_y": 41.91143035888672,
                "_z": 18.659339904785156
            },
            "FANCKABFCPH": {
                "_y": 180.81820678710938
            },
            "NBLDNHLJLIN": true,
            "OGLCIHHLECO": "",
            "EIHBECKFELM": "",
            "NBPLDPOGDAA": "",
            "KDKNEEKBHOC": {
                "_x": 5.0,
                "_y": 18.399999618530273,
                "_z": 100.0
            },
            "LFEABNJIFBO": [
                220023014
            ]
        },
        "5": {
            "$type": "JMLCJLEOKLI",
            "ILIFEDBAGLB": 70010006,
            "ECLBMPMBMLE": {
                "_x": 181.6038055419922,
                "_y": 18.766300201416016,
                "_z": -17.410499572753906
            },
            "FANCKABFCPH": {
                "_y": 138.539794921875
            },
            "NBLDNHLJLIN": true,
            "OGLCIHHLECO": "",
            "EIHBECKFELM": "",
            "NBPLDPOGDAA": "",
            "KDKNEEKBHOC": {
                "_x": 26.200000762939453,
                "_y": 10.0,
                "_z": 5.0
            }
        },
        "6": {
            "$type": "JMLCJLEOKLI",
            "ILIFEDBAGLB": 70010006,
            "ECLBMPMBMLE": {
                "_x": 214.6020050048828,
                "_y": 15.946419715881348,
                "_z": -21.37388038635254
            },
            "FANCKABFCPH": {
                "_y": 221.3865966796875
            },
            "NBLDNHLJLIN": true,
            "OGLCIHHLECO": "",
            "EIHBECKFELM": "",
            "NBPLDPOGDAA": "",
            "KDKNEEKBHOC": {
                "_x": 23.56999969482422,
                "_y": 10.0,
                "_z": 5.0
            }
        },
        "7": {
            "$type": "JMLCJLEOKLI",
            "ILIFEDBAGLB": 70010006,
            "ECLBMPMBMLE": {
                "_x": 234.40269470214844,
                "_y": 18.750389099121094,
                "_z": 24.590700149536133
            },
            "FANCKABFCPH": {
                "_y": 329.5857849121094
            },
            "NBLDNHLJLIN": true,
            "OGLCIHHLECO": "",
            "EIHBECKFELM": "",
            "NBPLDPOGDAA": "",
            "KDKNEEKBHOC": {
                "_x": 26.200000762939453,
                "_y": 10.0,
                "_z": 5.0
            }
        },
        "8": {
            "$type": "JMLCJLEOKLI",
            "ILIFEDBAGLB": 70010006,
            "ECLBMPMBMLE": {
                "_x": 217.88450622558594,
                "_y": 27.016460418701172,
                "_z": 35.57651138305664
            },
            "FANCKABFCPH": {
                "_y": 32.02880096435547
            },
            "NBLDNHLJLIN": true,
            "OGLCIHHLECO": "",
            "EIHBECKFELM": "",
            "NBPLDPOGDAA": "",
            "KDKNEEKBHOC": {
                "_x": 9.0600004196167,
                "_y": 10.0,
                "_z": 5.0
            }
        }
    },
    "LHHAHFPKBCM": {
        "1": {
            "$type": "AMEIDNAJKIJ",
            "ILIFEDBAGLB": 70010006,
            "ECLBMPMBMLE": {
                "_x": 105.66280364990234,
                "_y": -21.43998908996582,
                "_z": 20.646320343017578
            },
            "NBLDNHLJLIN": true,
            "OGLCIHHLECO": "",
            "EIHBECKFELM": "",
            "NBPLDPOGDAA": "",
            "PPHNNDLJOEG": 500.0,
            "CDADJDJPHGO": true,
            "NPLFHDBONNK": "DeadRegion",
            "MCNOGNBMIDN": {
                "$type": "LLNPBLICDHC",
                "GKIBEHOFNBF": true,
                "BJFNPGBKPHH": 20.3799991607666,
                "PGAJCDACFCA": "Center",
                "IJDCDHPEIEK": 109.4000015258789,
                "KMCIHHPLFHL": 106.5999984741211
            },
            "LEPALCGBCKG": ""
        },
        "10": {
            "$type": "AMEIDNAJKIJ",
            "ILIFEDBAGLB": 40000007,
            "ECLBMPMBMLE": {
                "_x": 282.0704040527344,
                "_y": 40.62255096435547,
                "_z": -17.745729446411133
            },
            "NBLDNHLJLIN": true,
            "OGLCIHHLECO": "",
            "EIHBECKFELM": "",
            "NBPLDPOGDAA": "",
            "PPHNNDLJOEG": 500.0,
            "CDADJDJPHGO": true,
            "NPLFHDBONNK": "ReturnRegion",
            "MCNOGNBMIDN": {
                "$type": "LLNPBLICDHC",
                "GKIBEHOFNBF": true,
                "BJFNPGBKPHH": 18.5,
                "PGAJCDACFCA": "Center",
                "IJDCDHPEIEK": 7.579999923706055,
                "KMCIHHPLFHL": 7.610000133514404
            },
            "IBEENDNAMEB": 5.0,
            "LEPALCGBCKG": ""
        },
        "11": {
            "$type": "AMEIDNAJKIJ",
            "ILIFEDBAGLB": 70010006,
            "ECLBMPMBMLE": {
                "_x": 247.5377960205078,
                "_y": 49.845611572265625,
                "_z": 6.579288005828857
            },
            "NBLDNHLJLIN": true,
            "OGLCIHHLECO": "",
            "EIHBECKFELM": "",
            "NBPLDPOGDAA": "",
            "PPHNNDLJOEG": 500.0,
            "CDADJDJPHGO": true,
            "NPLFHDBONNK": "DeadRegion",
            "MCNOGNBMIDN": {
                "$type": "LLNPBLICDHC",
                "GKIBEHOFNBF": true,
                "BJFNPGBKPHH": 15.050000190734863,
                "PGAJCDACFCA": "Center",
                "IJDCDHPEIEK": 20.0,
                "KMCIHHPLFHL": 40.0
            },
            "IBEENDNAMEB": 5.0,
            "LEPALCGBCKG": ""
        },
        "12": {
            "$type": "AMEIDNAJKIJ",
            "ILIFEDBAGLB": 40000007,
            "ECLBMPMBMLE": {
                "_x": 254.64120483398438,
                "_y": 40.7965202331543,
                "_z": -16.069250106811523
            },