{
    "OKJIDAEFIOD": {
        "1": {
            "$type": "NIPJPDIBHHL",
            "ILIFEDBAGLB": 70120004,
            "ECLBMPMBMLE": {
                "_x": -67.54791259765625,
                "_y": 279.6484069824219,
                "_z": -181.9019012451172
            },
            "GKOBOKNGMNE": {
                "_x": -67.54791259765625,
                "_y": 279.6484069824219,
                "_z": -181.9019012451172
            },
            "OGLCIHHLECO": "",
            "EIHBECKFELM": "",
            "NBPLDPOGDAA": "",
            "KDKNEEKBHOC": {
                "_x": 5.0,
                "_y": 5.0,
                "_z": 5.0
            }
        }
    },
    "HNNNIMLDONJ": {}
}