{
    "OKJIDAEFIOD": {
        "2": {
            "$type": "BPDFMEHKDPN",
            "ILIFEDBAGLB": 70950059,
            "EKOBOBONPEI": 6,
            "ECLBMPMBMLE": {
                "_x": 2253.01708984375,
                "_y": 253.64720153808594,
                "_z": -1463.6409912109375
            },
            "GKOBOKNGMNE": {
                "_x": 2253.016845703125,
                "_y": 253.647216796875,
                "_z": -1463.6412353515625
            },
            "OGLCIHHLECO": "",
            "EIHBECKFELM": "",
            "NBPLDPOGDAA": "",
            "GEFJEKBEALG": [
                531002
            ],
            "FDLKICBBLBD": "OnUnlocked",
            "FLBINLKKIAL": "",
            "LELDPEMDMKE": [
                7201
            ],
            "BODOMIDLEIP": {},
            "KDKNEEKBHOC": {
                "_x": 5.0,
                "_y": 5.0,
                "_z": 5.0
            },
            "NGPHJOMILAN": "UI_STC_Intee_DungeonEntry",
            "LOMOLKGDFFL": "UI_Icon_Intee_Talk",
            "MMABCGFHJBI": true,
            "GFDDHNLMAFP": true
        },
        "3": {
            "$type": "HMMOEBBHPIL",
            "ILIFEDBAGLB": 70370273,
            "ECLBMPMBMLE": {
                "_x": 1685.1590576171875,
                "_y": 194.60000610351562,
                "_z": -1696.616943359375
            },
            "GKOBOKNGMNE": {
                "_x": 1685.1590576171875,
                "_y": 194.60000610351562,
                "_z": -1696.616943359375
            },
            "NBLDNHLJLIN": true,
            "OGLCIHHLECO": "",
            "EIHBECKFELM": "",
            "NBPLDPOGDAA": "",
            "OKFKOMEADBB": 45001001,
            "LIOHNBPJCGN": [
                {
                    "_x": 1685.1590576171875,
                    "_y": 194.60000610351562,
                    "_z": -1696.616943359375
                },
                {
                    "_x": 1685.1590576171875,
                    "_y": 194.60000610351562,
                    "_z": -1696.616943359375
                },
                {
                    "_x": 1685.1590576171875,
                    "_y": 194.60000610351562,
                    "_z": -1696.616943359375
                },
                {
                    "_x": 1685.1590576171875,
                    "_y": 194.60000610351562,
                    "_z": -1696.616943359375
                }
            ],
            "AMFOEKHAPCH": [
                {},
                {},
                {},
                {}
            ],
            "NGPHJOMILAN": "UI_STC_INTEE_VEHICLESUMMON"
        }
    },
    "HNNNIMLDONJ": {}
}