{
    "OKJIDAEFIOD": {
        "1": {
            "$type": "NIPJPDIBHHL",
            "ILIFEDBAGLB": 70120004,
            "ECLBMPMBMLE": {
                "_x": -112.44249725341797,
                "_y": 81.12174987792969,
                "_z": 30.245969772338867
            },
            "GKOBOKNGMNE": {
                "_x": 1524.96337890625,
                "_y": 377.5333557128906,
                "_z": 322.8018798828125
            },
            "OGLCIHHLECO": "",
            "EIHBECKFELM": "",
            "NBPLDPOGDAA": "",
            "KDKNEEKBHOC": {
                "_x": 3.0,
                "_y": 3.0,
                "_z": 3.0
            }
        },
        "10": {
            "$type": "MFHOPOBHMHB",
            "ILIFEDBAGLB": 70010006,
            "ECLBMPMBMLE": {
                "_x": 50.15729904174805,
                "_y": 97.95944213867188,
                "_z": -67.7841796875
            },
            "GKOBOKNGMNE": {
                "_x": 50.15730285644531,
                "_y": 97.95944213867188,
                "_z": -67.7841796875
            },
            "OGLCIHHLECO": "",
            "EIHBECKFELM": "",
            "NBPLDPOGDAA": "",
            "KDKNEEKBHOC": {
                "_x": 30.0,
                "_y": 20.0,
                "_z": 30.0
            }
        },
        "11": {
            "$type": "MFHOPOBHMHB",
            "ILIFEDBAGLB": 70010006,
            "ECLBMPMBMLE": {
                "_x": 49.87247085571289,
                "_y": 35.092960357666016,
                "_z": -45.62078857421875
            },
            "GKOBOKNGMNE": {
                "_x": 49.872474670410156,
                "_y": 35.09295654296875,
                "_z": -45.620792388916016
            },
            "OGLCIHHLECO": "",
            "EIHBECKFELM": "",
            "NBPLDPOGDAA": "",
            "KDKNEEKBHOC": {
                "_x": 30.0,
                "_y": 20.0,
                "_z": 30.0
            }
        },
        "12": {
            "$type": "MFHOPOBHMHB",
            "ILIFEDBAGLB": 70010006,
            "ECLBMPMBMLE": {
                "_x": -10.458499908447266,
                "_y": 32.033790588378906,
                "_z": -0.7922207713127136
            },
            "FANCKABFCPH": {
                "_y": 269.5816955566406
            },
            "GKOBOKNGMNE": {
                "_x": -10.458499908447266,
                "_y": 32.03378677368164,
                "_z": -0.7922207713127136
            },
            "CPDMGEEENAG": {
                "_y": 269.5816955566406
            },
            "OGLCIHHLECO": "",
            "EIHBECKFELM": "",
            "NBPLDPOGDAA": "",
            "KDKNEEKBHOC": {
                "_x": 30.0,
                "_y": 20.0,
                "_z": 30.0
            }
        },
        "13": {
            "$type": "MFHOPOBHMHB",
            "ILIFEDBAGLB": 70010006,
            "ECLBMPMBMLE": {
                "_x": 103.5886001586914,
                "_y": 109.84950256347656,
                "_z": 22.787019729614258
            },
            "FANCKABFCPH": {
                "_y": 90.49120330810547
            },
            "GKOBOKNGMNE": {
                "_x": 103.58863830566406,
                "_y": 109.8494873046875,
                "_z": 22.787015914916992
            },
            "CPDMGEEENAG": {
                "_y": 90.49122619628906
            },
            "OGLCIHHLECO": "",
            "EIHBECKFELM": "",
            "NBPLDPOGDAA": "",
            "KDKNEEKBHOC": {
                "_x": 30.0,
                "_y": 20.0,
                "_z": 30.0
            }
        },
        "14": {
            "$type": "JMLCJLEOKLI",
            "ILIFEDBAGLB": 70010006,
            "ECLBMPMBMLE": {
                "_x": -29.879009246826172,
                "_y": 84.82935333251953,
                "_z": 22.534130096435547
            },
            "FANCKABFCPH": {
                "_y": 95.36319732666016
            },
            "GKOBOKNGMNE": {
                "_x": -29.879005432128906,
                "_y": 84.82935333251953,
                "_z": 22.534128189086914
            },
            "CPDMGEEENAG": {
                "_y": 95.36315155029297
            },
            "OGLCIHHLECO": "",
            "EIHBECKFELM": "",
            "NBPLDPOGDAA": "",
            "KDKNEEKBHOC": {
                "_x": 30.0,
                "_y": 20.0,
                "_z": 30.0
            }
        },
        "16": {
            "$type": "JMLCJLEOKLI",
            "ILIFEDBAGLB": 70010006,
            "ECLBMPMBMLE": {
                "_x": 56.82973098754883,
                "_y": 100.4717025756836,
                "_z": 69.9185562133789
            },
            "FANCKABFCPH": {
                "_y": 311.3127136230469
            },
            "GKOBOKNGMNE": {
                "_x": 56.82972717285156,
                "_y": 100.47174835205078,
                "_z": 69.9185562133789
            },
            "CPDMGEEENAG": {
                "_y": 311.3127136230469
            },
            "OGLCIHHLECO": "",
            "EIHBECKFELM": "",
            "NBPLDPOGDAA": "",
            "KDKNEEKBHOC": {
                "_x": 30.0,
                "_y": 20.0,
                "_z": 30.0
            }
        },
        "17": {
            "$type": "JMLCJLEOKLI",
            "ILIFEDBAGLB": 70010006,
            "ECLBMPMBMLE": {
                "_x": -35.12628173828125,
                "_y": 87.27491760253906,
                "_z": -86.04061126708984
            },
            "FANCKABFCPH": {
                "_y": 272.87701416015625
            },
            "GKOBOKNGMNE": {
                "_x": -35.12628173828125,
                "_y": 87.27491760253906,
                "_z": -86.04061126708984
            },
            "CPDMGEEENAG": {
                "_y": 272.87701416015625
            },
            "OGLCIHHLECO": "",
            "EIHBECKFELM": "",
            "NBPLDPOGDAA": "",
            "KDKNEEKBHOC": {
                "_x": 30.0,
                "_y": 20.0,
                "_z": 30.0
            }
        },
        "18": {
            "$type": "JMLCJLEOKLI",
            "ILIFEDBAGLB": 70010006,
            "ECLBMPMBMLE": {
                "_x": 5.692368984222412,
                "_y": 97.70626831054688,
                "_z": -128.87249755859375
            },
            "FANCKABFCPH": {
                "_y": 87.97720336914062
            },
            "GKOBOKNGMNE": {
                "_x": 5.69236946105957,
                "_y": 97.70626831054688,
                "_z": -128.87252807617188
            },
            "CPDMGEEENAG": {
                "_y": 87.97721862792969
            },
            "OGLCIHHLECO": "",
            "EIHBECKFELM": "",
            "NBPLDPOGDAA": "",
            "KDKNEEKBHOC": {
                "_x": 30.0,
                "_y": 20.0,
                "_z": 30.0
            }
        },
        "19": {
            "$type": "JMLCJLEOKLI",
            "ILIFEDBAGLB": 70010006,
            "ECLBMPMBMLE": {
                "_x": 49.97037887573242,
                "_y": 35.09284973144531,
                "_z": -46.13051986694336
            },
            "GKOBOKNGMNE": {
                "_x": 49.97038269042969,
                "_y": 35.09285354614258,
                "_z": -46.130523681640625
            },
            "OGLCIHHLECO": "",
            "EIHBECKFELM": "",
            "NBPLDPOGDAA": "",
            "KDKNEEKBHOC": {
                "_x": 30.0,
                "_y": 20.0,
                "_z": 30.0
            }
        },
        "20": {
            "$type": "JMLCJLEOKLI",
            "ILIFEDBAGLB": 70010006,
            "ECLBMPMBMLE": {
                "_x": -11.191200256347656,
                "_y": 32.033790588378906,
                "_z": -0.6949813961982727
            },
            "FANCKABFCPH": {
                "_y": 268.9643859863281
            },
            "GKOBOKNGMNE": {
                "_x": -11.191197395324707,