{
    "NAFEKMENODO": {
        "1": {
            "$type": "EEALIHOHGHO",
            "gadgetId": 70010001,
            "pos": {
                "x": 350.8247985839844,
                "y": 37.12934112548828,
                "z": 355.4822998046875
            },
            "tranPos": {
                "x": 350.8247985839844,
                "y": 37.12934112548828,
                "z": 355.4822998046875
            },
            "alias": "",
            "FOGDFAPNFKB": "",
            "FMDFPCLHCKJ": "",
            "size": {
                "x": 5.0,
                "y": 5.0,
                "z": 5.0
            }
        }
    }
}