{
    "OKJIDAEFIOD": {
        "1": {
            "$type": "IHPOJHMBEPF",
            "ILIFEDBAGLB": 70010002,
            "ECLBMPMBMLE": {
                "_x": 0.03945564851164818,
                "_y": 1.4141529902644834e-07,
                "_z": 0.3230639100074768
            },
            "GKOBOKNGMNE": {
                "_x": -372.756103515625,
                "_y": 254.1428985595703,
                "_z": 2740.721923828125
            },
            "CPDMGEEENAG": {
                "_y": 147.17739868164062
            },
            "NBLDNHLJLIN": true,
            "OGLCIHHLECO": "",
            "EIHBECKFELM": "",
            "NBPLDPOGDAA": "",
            "FHLEHKCJMID": 3,
            "NGPHJOMILAN": "UI_SCENE_ENTRY_EXIT_SumeruHome",
            "DPIPPIKIPMA": {
                "_x": 3.0,
                "_y": 3.0,
                "_z": 3.0
            },
            "NDFGICFJMAE": 24.0
        }
    },
    "HNNNIMLDONJ": {}
}