{
    "OKJIDAEFIOD": {
        "1": {
            "$type": "NIPJPDIBHHL",
            "ILIFEDBAGLB": 70120004,
            "ECLBMPMBMLE": {
                "_x": 489.18438720703125,
                "_y": 144.62269592285156,
                "_z": 409.6637878417969
            },
            "FANCKABFCPH": {
                "_y": 335.3835144042969
            },
            "GKOBOKNGMNE": {
                "_x": 499.1557922363281,
                "_y": 128.1465606689453,
                "_z": 453.9710693359375
            },
            "OGLCIHHLECO": "",
            "EIHBECKFELM": "",
            "NBPLDPOGDAA": "",
            "KDKNEEKBHOC": {
                "_x": 5.0,
                "_y": 5.0,
                "_z": 5.0
            }
        },
        "2": {
            "$type": "JMLCJLEOKLI",
            "ILIFEDBAGLB": 70010006,
            "ECLBMPMBMLE": {
                "_x": 467.2511901855469,
                "_y": 142.38490295410156,
                "_z": 479.5869140625
            },
            "FANCKABFCPH": {
                "_y": 163.67860412597656
            },
            "GKOBOKNGMNE": {
                "_x": 467.0406799316406,
                "_y": 142.38494873046875,
                "_z": 479.99188232421875
            },
            "NBLDNHLJLIN": true,
            "OGLCIHHLECO": "",
            "EIHBECKFELM": "",
            "NBPLDPOGDAA": "",
            "KDKNEEKBHOC": {
                "_x": 20.0,
                "_y": 20.0,
                "_z": 20.0
            }
        }
    },
    "HNNNIMLDONJ": {}
}