{
    "OKJIDAEFIOD": {
        "1": {
            "$type": "NIPJPDIBHHL",
            "ILIFEDBAGLB": 70010001,
            "ECLBMPMBMLE": {
                "_x": 320.12109375,
                "_y": 52.32286071777344,
                "_z": 529.8572998046875
            },
            "GKOBOKNGMNE": {
                "_x": 320.1210632324219,
                "_y": 52.32286071777344,
                "_z": 529.8572998046875
            },
            "OGLCIHHLECO": "",
            "EIHBECKFELM": "",
            "NBPLDPOGDAA": "",
            "KDKNEEKBHOC": {
                "_x": 5.0,
                "_y": 5.0,
                "_z": 5.0
            }
        }
    },
    "HNNNIMLDONJ": {}
}