{
    "FEFNCDLEHGL": {
        "1": {
            "$type": "DungeonWayPoint",
            "gadgetId": 70010006,
            "pos": {
                "x": 722.6641845703125,
                "y": 90.18372344970703,
                "z": 774.9194946289062
            },
            "rot": {
                "y": 334.1542053222656
            },
            "tranPos": {
                "x": 724.798583984375,
                "y": 90.18372344970703,
                "z": 774.927490234375
            },
            "tranRot": {
                "y": 334.1542053222656
            },
            "alias": "",
            "ADNDKHDKAEC": "",
            "BEDBEJAACAH": "",
            "size": {
                "x": 40.0,
                "y": 5.0,
                "z": 40.0
            }
        },
        "2": {
            "$type": "DungeonQuitPoint",
            "gadgetId": 70120004,
            "pos": {
                "x": 217.4821014404297,
                "y": 89.4456787109375,
                "z": 788.090087890625
            },
            "rot": {
                "y": 44.71493911743164
            },
            "tranPos": {
                "x": 217.4821014404297,
                "y": 89.4456787109375,
                "z": 788.090087890625
            },
            "unlocked": true,
            "alias": "",
            "ADNDKHDKAEC": "",
            "BEDBEJAACAH": "",
            "size": {
                "x": 3.0,
                "y": 3.0,
                "z": 3.0
            }
        },
        "3": {
            "$type": "DungeonQuitPoint",
            "gadgetId": 70120004,
            "pos": {
                "x": 219.6324005126953,
                "y": 90.18020629882812,
                "z": 213.05320739746094
            },
            "rot": {
                "y": 327.8918151855469
            },
            "tranPos": {
                "x": 217.07229614257812,
                "y": 90.18110656738281,
                "z": 212.3498992919922
            },
            "unlocked": true,
            "alias": "",
            "ADNDKHDKAEC": "",
            "BEDBEJAACAH": "",
            "size": {
                "x": 3.0,
                "y": 3.0,
                "z": 3.0
            }
        },
        "4": {
            "$type": "DungeonSlipRevivePoint",
            "gadgetId": 70010006,
            "pos": {
                "x": 249.48289489746094,
                "y": 101.21299743652344,
                "z": 169.48300170898438
            },
            "tranPos": {
                "x": 249.48294067382812,
                "y": 101.21302032470703,
                "z": 169.4830322265625
            },
            "unlocked": true,
            "alias": "",
            "ADNDKHDKAEC": "",
            "BEDBEJAACAH": "",
            "size": {
                "x": 15.0,
                "y": 10.0,
                "z": 15.0
            }
        },
        "5": {
            "$type": "DungeonWayPoint",
            "gadgetId": 70010006,
            "pos": {
                "x": 248.1750946044922,
                "y": 101.04889678955078,
                "z": 170.6051025390625
            },
            "tranPos": {
                "x": 248.17510986328125,
                "y": 101.04888916015625,
                "z": 170.6051025390625
            },
            "unlocked": true,
            "alias": "",
            "ADNDKHDKAEC": "",
            "BEDBEJAACAH": "",
            "size": {
                "x": 20.0,
                "y": 10.0,
                "z": 20.0
            }
        }
    },
    "entities": {
        "1": {
            "$type": "ConfigLocalTrigger",
            "gadgetId": 70010006,
            "pos": {
                "x": 221.11720275878906,
                "y": 80.80000305175781,
                "z": 207.47300720214844
            },
            "tranPos": {
                "x": 221.11721801757812,
                "y": 90.18370056152344,
                "z": 212.73086547851562
            },
            "unlocked": true,
            "alias": "",
            "ADNDKHDKAEC": "",
            "BEDBEJAACAH": "",
            "checkDist": 150.0,
            "triggerFlag": "DeadRegion",
            "shape": {
                "$type": "ConfigShapeRect",
                "useHeight": true,
                "height": 3.0,
                "centerType": "Center",
                "width": 150.0,
                "length": 150.0
            },
            "stringParam": ""
        },
        "2": {
            "$type": "ConfigLocalTrigger",
            "gadgetId": 70010006,
            "pos": {
                "x": 720.2860717773438,
                "y": 78.5,
                "z": 773.3397216796875
            },
            "tranPos": {
                "x": 720.2861328125,
                "y": 90.17926025390625,
                "z": 781.2699584960938
            },
            "unlocked": true,
            "alias": "",
            "ADNDKHDKAEC": "",
            "BEDBEJAACAH": "",
            "checkDist": 150.0,
            "triggerFlag": "DeadRegion",
            "shape": {
                "$type": "ConfigShapeRect",
                "useHeight": true,
                "height": 3.0,
                "centerType": "Center",
                "width": 150.0,
                "length": 150.0
            },
            "stringParam": ""
        },
        "3": {
            "$type": "ConfigLocalTrigger",
            "gadgetId": 70010006,
            "pos": {
                "x": 283.7669982910156,
                "y": 85.57882690429688,
                "z": 167.9875946044922
            },
            "tranPos": {
                "x": 221.11721801757812,
                "y": 90.18370056152344,
                "z": 212.73086547851562
            },
            "unlocked": true,
            "alias": "",
            "ADNDKHDKAEC": "",
            "BEDBEJAACAH": "",
            "triggerFlag": "DeadRegion",
            "shape": {
                "$type": "ConfigShapeRect",
                "useHeight": true,
                "height": 10.0,
                "centerType": "Center",
                "width": 15.0,
                "length": 15.0
            },
            "stringParam": ""
        }
    }
}