{
    "OKJIDAEFIOD": {
        "1": {
            "$type": "NIPJPDIBHHL",
            "ILIFEDBAGLB": 70120004,
            "ECLBMPMBMLE": {
                "_x": 547.9871215820312,
                "_y": 18.287660598754883,
                "_z": -257.9739074707031
            },
            "GKOBOKNGMNE": {
                "_x": 547.987060546875,
                "_y": 18.287662506103516,
                "_z": -257.973876953125
            },
            "OGLCIHHLECO": "",
            "EIHBECKFELM": "",
            "NBPLDPOGDAA": "",
            "KDKNEEKBHOC": {
                "_x": 3.0,
                "_y": 3.0,
                "_z": 3.0
            }
        },
        "10": {
            "$type": "JMLCJLEOKLI",
            "ILIFEDBAGLB": 70010006,
            "ECLBMPMBMLE": {
                "_x": 695.3516235351562,
                "_y": 78.55000305175781,
                "_z": -126.71880340576172
            },
            "GKOBOKNGMNE": {
                "_x": 695.3516235351562,
                "_y": 78.55000305175781,
                "_z": -126.71884155273438
            },
            "OGLCIHHLECO": "",
            "EIHBECKFELM": "",
            "NBPLDPOGDAA": "",
            "KDKNEEKBHOC": {
                "_x": 30.0,
                "_y": 20.0,
                "_z": 30.0
            }
        },
        "11": {
            "$type": "JMLCJLEOKLI",
            "ILIFEDBAGLB": 70010006,
            "ECLBMPMBMLE": {
                "_x": 739.4177856445312,
                "_y": 139.28640747070312,
                "_z": -33.05970001220703
            },
            "GKOBOKNGMNE": {
                "_x": 739.4177856445312,
                "_y": 139.286376953125,
                "_z": -33.0597038269043
            },
            "OGLCIHHLECO": "",
            "EIHBECKFELM": "",
            "NBPLDPOGDAA": "",
            "KDKNEEKBHOC": {
                "_x": 30.0,
                "_y": 20.0,
                "_z": 30.0
            }
        },
        "12": {
            "$type": "JMLCJLEOKLI",
            "ILIFEDBAGLB": 70310387,
            "ECLBMPMBMLE": {
                "_x": 697.680419921875,
                "_y": 73.80999755859375,
                "_z": -158.0756072998047
            },
            "GKOBOKNGMNE": {
                "_x": 697.2938232421875,
                "_y": 73.80999755859375,
                "_z": -152.10789489746094
            },
            "OGLCIHHLECO": "",
            "EIHBECKFELM": "",
            "NBPLDPOGDAA": "",
            "KDKNEEKBHOC": {
                "_x": 30.0,
                "_y": 20.0,
                "_z": 30.0
            }
        },
        "2": {
            "$type": "JMLCJLEOKLI",
            "ILIFEDBAGLB": 70310387,
            "ECLBMPMBMLE": {
                "_x": 551.5875244140625,
                "_y": 48.5943489074707,
                "_z": -258.8617858886719
            },
            "FANCKABFCPH": {
                "_y": 45.25410079956055
            },
            "GKOBOKNGMNE": {
                "_x": 553.7918701171875,
                "_y": 48.73868179321289,
                "_z": -256.36981201171875
            },
            "CPDMGEEENAG": {
                "_y": 39.7760009765625
            },
            "OGLCIHHLECO": "",
            "EIHBECKFELM": "",
            "NBPLDPOGDAA": "",
            "KDKNEEKBHOC": {
                "_x": 20.0,
                "_y": 20.0,
                "_z": 20.0
            }
        },
        "3": {
            "$type": "MFHOPOBHMHB",
            "ILIFEDBAGLB": 70010006,
            "ECLBMPMBMLE": {
                "_x": 590.1442260742188,
                "_y": 73.9593505859375,
                "_z": -141.2711944580078
            },
            "FANCKABFCPH": {
                "_y": 94.4312973022461
            },
            "GKOBOKNGMNE": {
                "_x": 590.1442260742188,
                "_y": 73.9593505859375,
                "_z": -141.2711944580078
            },
            "CPDMGEEENAG": {
                "_y": 94.43131256103516
            },
            "OGLCIHHLECO": "",
            "EIHBECKFELM": "",
            "NBPLDPOGDAA": "",
            "KDKNEEKBHOC": {
                "_x": 30.0,
                "_y": 20.0,
                "_z": 30.0
            }
        },
        "4": {
            "$type": "MFHOPOBHMHB",
            "ILIFEDBAGLB": 70010006,
            "ECLBMPMBMLE": {
                "_x": 551.646728515625,
                "_y": 62.408119201660156,
                "_z": -201.34620666503906
            },
            "FANCKABFCPH": {
                "_y": 325.94171142578125
            },
            "GKOBOKNGMNE": {
                "_x": 551.646728515625,
                "_y": 62.408119201660156,
                "_z": -201.78749084472656
            },
            "CPDMGEEENAG": {
                "_y": 325.94171142578125
            },
            "OGLCIHHLECO": "",
            "EIHBECKFELM": "",
            "NBPLDPOGDAA": "",
            "KDKNEEKBHOC": {
                "_x": 30.0,
                "_y": 20.0,
                "_z": 30.0
            }
        },
        "5": {
            "$type": "MFHOPOBHMHB",
            "ILIFEDBAGLB": 70010006,
            "ECLBMPMBMLE": {
                "_x": 679.5388793945312,
                "_y": 73.90811920166016,
                "_z": -141.82139587402344
            },
            "FANCKABFCPH": {
                "_y": 83.55380249023438
            },
            "GKOBOKNGMNE": {
                "_x": 679.5388793945312,
                "_y": 73.90811920166016,
                "_z": -141.82139587402344
            },
            "CPDMGEEENAG": {
                "_y": 83.55381774902344
            },
            "OGLCIHHLECO": "",
            "EIHBECKFELM": "",
            "NBPLDPOGDAA": "",
            "KDKNEEKBHOC": {
                "_x": 15.0,
                "_y": 10.0,
                "_z": 15.0
            }
        },
        "9": {
            "$type": "JMLCJLEOKLI",
            "ILIFEDBAGLB": 70010006,
            "ECLBMPMBMLE": {
                "_x": 589.8397216796875,
                "_y": 73.9593505859375,
                "_z": -141.82339477539062
            },
            "FANCKABFCPH": {
                "_y": 91.20339965820312
            },
            "GKOBOKNGMNE": {
                "_x": 589.8396606445312,
                "_y": 73.9593505859375,
                "_z": -141.8233642578125
            },
            "CPDMGEEENAG": {
                "_y": 91.203369140625
            },
            "OGLCIHHLECO": "",
            "EIHBECKFELM": "",
            "NBPLDPOGDAA": "",
            "KDKNEEKBHOC": {
                "_x": 30.0,
                "_y": 20.0,
                "_z": 30.0
            }
        }
    },
    "LHHAHFPKBCM": {
        "1": {
            "$type": "AMEIDNAJKIJ",
            "ILIFEDBAGLB": 70010006,
            "ECLBMPMBMLE": {
                "_x": 594.1798706054688,
                "_y": -60.0,
                "_z": -116.52120208740234
            },
            "GKOBOKNGMNE": {
                "_x": 538.8703002929688,
                "_y": 85.10317993164062,
                "_z": -213.64349365234375
            },
            "NBLDNHLJLIN": true,
            "OGLCIHHLECO": "",
            "EIHBECKFELM": "",
            "NBPLDPOGDAA": "",
            "PPHNNDLJOEG": 500.0,
            "NPLFHDBONNK": "DeadRegion",
            "MCNOGNBMIDN": {
                "$type": "LLNPBLICDHC",
                "GKIBEHOFNBF": true,
                "BJFNPGBKPHH": 20.0,
                "PGAJCDACFCA": "Center",
                "IJDCDHPEIEK": 500.0,
                "KMCIHHPLFHL": 500.0
            },
            "LEPALCGBCKG": ""
        }
    },
    "HNNNIMLDONJ": {}
}