{
    "OKJIDAEFIOD": {
        "1": {
            "$type": "NIPJPDIBHHL",
            "ILIFEDBAGLB": 70120004,
            "ECLBMPMBMLE": {
                "_x": -81.30722045898438,
                "_y": 12.641639709472656,
                "_z": 83.73338317871094
            },
            "GKOBOKNGMNE": {
                "_x": -81.30722045898438,
                "_y": 12.641644477844238,
                "_z": 83.7333755493164
            },
            "OGLCIHHLECO": "",
            "EIHBECKFELM": "",
            "NBPLDPOGDAA": "",
            "KDKNEEKBHOC": {
                "_x": 3.0,
                "_y": 3.0,
                "_z": 3.0
            }
        }
    },
    "HNNNIMLDONJ": {}
}