{
    "OKJIDAEFIOD": {
        "1": {
            "$type": "JMLCJLEOKLI",
            "ILIFEDBAGLB": 70010006,
            "ECLBMPMBMLE": {
                "_x": 722.6641845703125,
                "_y": 90.18372344970703,
                "_z": 774.9194946289062
            },
            "FANCKABFCPH": {
                "_y": 334.1542053222656
            },
            "GKOBOKNGMNE": {
                "_x": 724.798583984375,
                "_y": 90.18372344970703,
                "_z": 774.927490234375
            },
            "CPDMGEEENAG": {
                "_y": 334.1542053222656
            },
            "OGLCIHHLECO": "",
            "EIHBECKFELM": "",
            "NBPLDPOGDAA": "",
            "KDKNEEKBHOC": {
                "_x": 40.0,
                "_y": 5.0,
                "_z": 40.0
            }
        },
        "2": {
            "$type": "NIPJPDIBHHL",
            "ILIFEDBAGLB": 70120004,
            "ECLBMPMBMLE": {
                "_x": 217.4821014404297,
                "_y": 89.4456787109375,
                "_z": 788.090087890625
            },
            "FANCKABFCPH": {
                "_y": 44.71493911743164
            },
            "GKOBOKNGMNE": {
                "_x": 217.4821014404297,
                "_y": 89.4456787109375,
                "_z": 788.090087890625
            },
            "NBLDNHLJLIN": true,
            "OGLCIHHLECO": "",
            "EIHBECKFELM": "",
            "NBPLDPOGDAA": "",
            "KDKNEEKBHOC": {
                "_x": 3.0,
                "_y": 3.0,
                "_z": 3.0
            }
        },
        "3": {
            "$type": "NIPJPDIBHHL",
            "ILIFEDBAGLB": 70120004,
            "ECLBMPMBMLE": {
                "_x": 219.6324005126953,
                "_y": 90.18020629882812,
                "_z": 213.05320739746094
            },
            "FANCKABFCPH": {
                "_y": 327.8918151855469
            },
            "GKOBOKNGMNE": {
                "_x": 217.07229614257812,
                "_y": 90.18110656738281,
                "_z": 212.3498992919922
            },
            "NBLDNHLJLIN": true,
            "OGLCIHHLECO": "",
            "EIHBECKFELM": "",
            "NBPLDPOGDAA": "",
            "KDKNEEKBHOC": {
                "_x": 3.0,
                "_y": 3.0,
                "_z": 3.0
            }
        },
        "4": {
            "$type": "MFHOPOBHMHB",
            "ILIFEDBAGLB": 70010006,
            "ECLBMPMBMLE": {
                "_x": 249.48289489746094,
                "_y": 101.21299743652344,
                "_z": 169.48300170898438
            },
            "GKOBOKNGMNE": {
                "_x": 249.48294067382812,
                "_y": 101.21302032470703,
                "_z": 169.4830322265625
            },
            "NBLDNHLJLIN": true,
            "OGLCIHHLECO": "",
            "EIHBECKFELM": "",
            "NBPLDPOGDAA": "",
            "KDKNEEKBHOC": {
                "_x": 15.0,
                "_y": 10.0,
                "_z": 15.0
            }
        },
        "5": {
            "$type": "JMLCJLEOKLI",
            "ILIFEDBAGLB": 70010006,
            "ECLBMPMBMLE": {
                "_x": 248.1750946044922,
                "_y": 101.04889678955078,
                "_z": 170.6051025390625
            },
            "GKOBOKNGMNE": {
                "_x": 248.17510986328125,
                "_y": 101.04888916015625,
                "_z": 170.6051025390625
            },
            "NBLDNHLJLIN": true,
            "OGLCIHHLECO": "",
            "EIHBECKFELM": "",
            "NBPLDPOGDAA": "",
            "KDKNEEKBHOC": {
                "_x": 20.0,
                "_y": 10.0,
                "_z": 20.0
            }
        }
    },
    "LHHAHFPKBCM": {
        "1": {
            "$type": "AMEIDNAJKIJ",
            "ILIFEDBAGLB": 70010006,
            "ECLBMPMBMLE": {
                "_x": 221.11720275878906,
                "_y": 80.80000305175781,
                "_z": 207.47300720214844
            },
            "GKOBOKNGMNE": {
                "_x": 221.11721801757812,
                "_y": 90.18370056152344,
                "_z": 212.73086547851562
            },
            "NBLDNHLJLIN": true,
            "OGLCIHHLECO": "",
            "EIHBECKFELM": "",
            "NBPLDPOGDAA": "",
            "PPHNNDLJOEG": 150.0,
            "NPLFHDBONNK": "DeadRegion",
            "MCNOGNBMIDN": {
                "$type": "LLNPBLICDHC",
                "GKIBEHOFNBF": true,
                "BJFNPGBKPHH": 3.0,
                "PGAJCDACFCA": "Center",
                "IJDCDHPEIEK": 150.0,
                "KMCIHHPLFHL": 150.0
            },
            "LEPALCGBCKG": ""
        },
        "2": {
            "$type": "AMEIDNAJKIJ",
            "ILIFEDBAGLB": 70010006,
            "ECLBMPMBMLE": {
                "_x": 720.2860717773438,
                "_y": 78.5,
                "_z": 773.3397216796875
            },
            "GKOBOKNGMNE": {
                "_x": 720.2861328125,
                "_y": 90.17926025390625,
                "_z": 781.2699584960938
            },
            "NBLDNHLJLIN": true,
            "OGLCIHHLECO": "",
            "EIHBECKFELM": "",
            "NBPLDPOGDAA": "",
            "PPHNNDLJOEG": 150.0,
            "NPLFHDBONNK": "DeadRegion",
            "MCNOGNBMIDN": {
                "$type": "LLNPBLICDHC",
                "GKIBEHOFNBF": true,
                "BJFNPGBKPHH": 3.0,
                "PGAJCDACFCA": "Center",
                "IJDCDHPEIEK": 150.0,
                "KMCIHHPLFHL": 150.0
            },
            "LEPALCGBCKG": ""
        },
        "3": {
            "$type": "AMEIDNAJKIJ",
            "ILIFEDBAGLB": 70010006,
            "ECLBMPMBMLE": {
                "_x": 283.7669982910156,
                "_y": 85.57882690429688,
                "_z": 167.9875946044922
            },
            "GKOBOKNGMNE": {
                "_x": 221.11721801757812,
                "_y": 90.18370056152344,
                "_z": 212.73086547851562
            },
            "NBLDNHLJLIN": true,
            "OGLCIHHLECO": "",
            "EIHBECKFELM": "",
            "NBPLDPOGDAA": "",
            "NPLFHDBONNK": "DeadRegion",
            "MCNOGNBMIDN": {
                "$type": "LLNPBLICDHC",
                "GKIBEHOFNBF": true,
                "BJFNPGBKPHH": 10.0,
                "PGAJCDACFCA": "Center",
                "IJDCDHPEIEK": 15.0,
                "KMCIHHPLFHL": 15.0
            },
            "LEPALCGBCKG": ""
        }
    },
    "HNNNIMLDONJ": {}
}