{
    "NEKGGALFGNE": {
        "1": {
            "$type": "HLNNHPGMKBL",
            "gadgetId": 70120004,
            "pos": {
                "x": -115.1134033203125,
                "y": 127.49700164794922,
                "z": -151.19309997558594
            },
            "tranPos": {
                "x": -115.11344146728516,
                "y": 127.49703979492188,
                "z": -151.19314575195312
            },
            "alias": "",
            "OJICGFEJFHF": "",
            "NIIGCOHDBPF": "",
            "size": {
                "x": 5.0,
                "y": 5.0,
                "z": 5.0
            }
        }
    },
    "GIFOHNONNCM": {}
}