{
    "OKJIDAEFIOD": {
        "1": {
            "$type": "NIPJPDIBHHL",
            "ILIFEDBAGLB": 70120004,
            "ECLBMPMBMLE": {
                "_x": 217.24940490722656,
                "_y": -0.1475609987974167,
                "_z": -0.13429279625415802
            },
            "GKOBOKNGMNE": {
                "_x": 218.80751037597656,
                "_y": -0.1475609987974167,
                "_z": 0.099995456635952
            },
            "CPDMGEEENAG": {
                "_y": 90.0
            },
            "OGLCIHHLECO": "",
            "EIHBECKFELM": "",
            "NBPLDPOGDAA": "",
            "KDKNEEKBHOC": {
                "_x": 5.0,
                "_y": 5.0,
                "_z": 5.0
            }
        }
    },
    "HNNNIMLDONJ": {}
}