{
    "OKJIDAEFIOD": {
        "1": {
            "$type": "MFHOPOBHMHB",
            "ILIFEDBAGLB": 70010006,
            "ECLBMPMBMLE": {
                "_x": 20.755859375,
                "_y": 37.63711929321289,
                "_z": 67.12989807128906
            },
            "GKOBOKNGMNE": {
                "_x": 22.150480270385742,
                "_y": 36.601741790771484,
                "_z": 67.1119155883789
            },
            "NBLDNHLJLIN": true,
            "OGLCIHHLECO": "",
            "EIHBECKFELM": "",
            "NBPLDPOGDAA": "",
            "KDKNEEKBHOC": {
                "_x": 4.0,
                "_y": 3.0,
                "_z": 6.0
            }
        },
        "10": {
            "$type": "MFHOPOBHMHB",
            "ILIFEDBAGLB": 70010006,
            "ECLBMPMBMLE": {
                "_x": 93.24073028564453,
                "_y": 80.79163360595703,
                "_z": -35.016990661621094
            },
            "FANCKABFCPH": {
                "_y": 270.0
            },
            "GKOBOKNGMNE": {
                "_x": 93.73858642578125,
                "_y": 80.7916259765625,
                "_z": -34.693748474121094
            },
            "CPDMGEEENAG": {
                "_y": 270.0
            },
            "NBLDNHLJLIN": true,
            "OGLCIHHLECO": "",
            "EIHBECKFELM": "",
            "NBPLDPOGDAA": "",
            "KDKNEEKBHOC": {
                "_x": 12.0,
                "_y": 3.0,
                "_z": 12.0
            }
        },
        "11": {
            "$type": "MFHOPOBHMHB",
            "ILIFEDBAGLB": 70010006,
            "ECLBMPMBMLE": {
                "_x": 57.933929443359375,
                "_y": 80.95958709716797,
                "_z": 2.824160099029541
            },
            "FANCKABFCPH": {
                "_y": 270.0
            },
            "GKOBOKNGMNE": {
                "_x": 59.08735275268555,
                "_y": 80.95958709716797,
                "_z": 3.024813652038574
            },
            "NBLDNHLJLIN": true,
            "OGLCIHHLECO": "",
            "EIHBECKFELM": "",
            "NBPLDPOGDAA": "",
            "KDKNEEKBHOC": {
                "_x": 6.0,
                "_y": 3.0,
                "_z": 12.0
            }
        },
        "12": {
            "$type": "JMLCJLEOKLI",
            "ILIFEDBAGLB": 70010006,
            "ECLBMPMBMLE": {
                "_x": -47.19070053100586,
                "_y": 85.1859130859375,
                "_z": -41.010108947753906
            },
            "FANCKABFCPH": {
                "_y": 90.0
            },
            "GKOBOKNGMNE": {
                "_x": -47.00503158569336,
                "_y": 84.15206146240234,
                "_z": -39.6359977722168
            },
            "CPDMGEEENAG": {
                "_y": 90.0
            },
            "NBLDNHLJLIN": true,
            "OGLCIHHLECO": "",
            "EIHBECKFELM": "",
            "NBPLDPOGDAA": "",
            "KDKNEEKBHOC": {
                "_x": 4.0,
                "_y": 3.0,
                "_z": 10.0
            }
        },
        "13": {
            "$type": "JMLCJLEOKLI",
            "ILIFEDBAGLB": 70010006,
            "ECLBMPMBMLE": {
                "_x": 58.177608489990234,
                "_y": 80.90247344970703,
                "_z": 3.05887508392334
            },
            "FANCKABFCPH": {
                "_y": 270.0
            },
            "GKOBOKNGMNE": {
                "_x": 58.1776123046875,
                "_y": 80.90247344970703,
                "_z": 3.05887508392334
            },
            "CPDMGEEENAG": {
                "_y": 270.0
            },
            "NBLDNHLJLIN": true,
            "OGLCIHHLECO": "",
            "EIHBECKFELM": "",
            "NBPLDPOGDAA": "",
            "KDKNEEKBHOC": {
                "_x": 4.0,
                "_y": 3.0,
                "_z": 15.0
            }
        },
        "14": {
            "$type": "MFHOPOBHMHB",
            "ILIFEDBAGLB": 70010006,
            "ECLBMPMBMLE": {
                "_x": -20.94346046447754,
                "_y": 36.684608459472656,
                "_z": 68.98771667480469
            },
            "FANCKABFCPH": {
                "_y": 90.0
            },
            "GKOBOKNGMNE": {
                "_x": -27.5112361907959,
                "_y": 36.68461227416992,
                "_z": 66.31661224365234
            },
            "CPDMGEEENAG": {
                "_y": 90.0
            },
            "NBLDNHLJLIN": true,
            "OGLCIHHLECO": "",
            "EIHBECKFELM": "",
            "NBPLDPOGDAA": "",
            "KDKNEEKBHOC": {
                "_x": 25.0,
                "_y": 10.0,
                "_z": 25.0
            }
        },
        "16": {
            "$type": "JMLCJLEOKLI",
            "ILIFEDBAGLB": 70010006,
            "ECLBMPMBMLE": {
                "_x": 39.08858871459961,
                "_y": 74.10527801513672,
                "_z": -64.91069030761719
            },
            "FANCKABFCPH": {
                "_y": 90.0
            },
            "GKOBOKNGMNE": {
                "_x": 39.08858871459961,
                "_y": 74.10527801513672,
                "_z": -64.91069030761719
            },
            "CPDMGEEENAG": {
                "_y": 90.0
            },
            "NBLDNHLJLIN": true,
            "OGLCIHHLECO": "",
            "EIHBECKFELM": "",
            "NBPLDPOGDAA": "",
            "KDKNEEKBHOC": {
                "_x": 15.0,
                "_y": 5.0,
                "_z": 15.0
            }
        },
        "2": {
            "$type": "MFHOPOBHMHB",
            "ILIFEDBAGLB": 70010006,
            "ECLBMPMBMLE": {
                "_x": 2.769351005554199,
                "_y": 49.0536003112793,
                "_z": 87.18916320800781
            },
            "GKOBOKNGMNE": {
                "_x": 2.694694757461548,
                "_y": 49.05360412597656,
                "_z": 87.30699157714844
            },
            "NBLDNHLJLIN": true,
            "OGLCIHHLECO": "",
            "EIHBECKFELM": "",
            "NBPLDPOGDAA": "",
            "KDKNEEKBHOC": {
                "_x": 10.0,
                "_y": 3.0,
                "_z": 4.0
            }
        },
        "3": {
            "$type": "MFHOPOBHMHB",
            "ILIFEDBAGLB": 70010006,
            "ECLBMPMBMLE": {
                "_x": 2.567518949508667,
                "_y": 59.300350189208984,
                "_z": 55.42169189453125
            },
            "FANCKABFCPH": {
                "_y": 180.0
            },
            "GKOBOKNGMNE": {
                "_x": 2.567518949508667,
                "_y": 59.30034637451172,
                "_z": 55.42169189453125
            },
            "CPDMGEEENAG": {
                "_y": 180.0
            },
            "NBLDNHLJLIN": true,
            "OGLCIHHLECO": "",
            "EIHBECKFELM": "",
            "NBPLDPOGDAA": "",
            "KDKNEEKBHOC": {
                "_x": 8.0,
                "_y": 3.0,
                "_z": 4.0
            }
        },
        "4": {
            "$type": "MFHOPOBHMHB",
            "ILIFEDBAGLB": 70010006,
            "ECLBMPMBMLE": {
                "_x": 2.725430965423584,
                "_y": 56.509830474853516,
                "_z": 15.449549674987793
            },
            "GKOBOKNGMNE": {
                "_x": 2.725430965423584,
                "_y": 56.50983428955078,
                "_z": 10.161252975463867
            },
            "CPDMGEEENAG": {
                "_y": 180.0
            },
            "NBLDNHLJLIN": true,
            "OGLCIHHLECO": "",
            "EIHBECKFELM": "",
            "NBPLDPOGDAA": "",
            "KDKNEEKBHOC": {
                "_x": 12.0,
                "_y": 3.0,
                "_z": 4.0
            }
        },
        "5": {
            "$type": "MFHOPOBHMHB",
            "ECLBMPMBMLE": {
                "_x": -35.30080032348633,