{
    "OKJIDAEFIOD": {
        "1": {
            "$type": "NIPJPDIBHHL",
            "ILIFEDBAGLB": 70120004,
            "ECLBMPMBMLE": {
                "_x": -66.58360290527344,
                "_y": 126.46520233154297,
                "_z": 74.64559173583984
            },
            "FANCKABFCPH": {
                "_y": 104.37909698486328
            },
            "NBLDNHLJLIN": true,
            "OGLCIHHLECO": "",
            "EIHBECKFELM": "",
            "NBPLDPOGDAA": "",
            "KDKNEEKBHOC": {
                "_x": 5.0,
                "_y": 5.0,
                "_z": 5.0
            }
        },
        "2": {
            "$type": "MFHOPOBHMHB",
            "ILIFEDBAGLB": 70010006,
            "ECLBMPMBMLE": {
                "_x": -129.60069274902344,
                "_y": 34.28752899169922,
                "_z": 49.2883186340332
            },
            "FANCKABFCPH": {
                "_y": 351.9455871582031
            },
            "NBLDNHLJLIN": true,
            "OGLCIHHLECO": "",
            "EIHBECKFELM": "",
            "NBPLDPOGDAA": "",
            "KDKNEEKBHOC": {
                "_x": 15.0,
                "_y": 15.0,
                "_z": 15.0
            }
        },
        "3": {
            "$type": "MFHOPOBHMHB",
            "ILIFEDBAGLB": 70010006,
            "ECLBMPMBMLE": {
                "_x": -221.38059997558594,
                "_y": 35.92903137207031,
                "_z": 114.05249786376953
            },
            "FANCKABFCPH": {
                "_y": 41.95389938354492
            },
            "NBLDNHLJLIN": true,
            "OGLCIHHLECO": "",
            "EIHBECKFELM": "",
            "NBPLDPOGDAA": "",
            "KDKNEEKBHOC": {
                "_x": 15.0,
                "_y": 15.0,
                "_z": 15.0
            }
        },
        "4": {
            "$type": "MFHOPOBHMHB",
            "ILIFEDBAGLB": 70010006,
            "ECLBMPMBMLE": {
                "_x": -221.38059997558594,
                "_y": 35.92903137207031,
                "_z": 114.05249786376953
            },
            "FANCKABFCPH": {
                "_y": 73.63179779052734
            },
            "NBLDNHLJLIN": true,
            "OGLCIHHLECO": "",
            "EIHBECKFELM": "",
            "NBPLDPOGDAA": "",
            "KDKNEEKBHOC": {
                "_x": 20.0,
                "_y": 20.0,
                "_z": 20.0
            }
        },
        "5": {
            "$type": "MFHOPOBHMHB",
            "ILIFEDBAGLB": 70010006,
            "ECLBMPMBMLE": {
                "_x": -221.38059997558594,
                "_y": 35.92903137207031,
                "_z": 114.05249786376953
            },
            "FANCKABFCPH": {
                "_y": 141.2115020751953
            },
            "NBLDNHLJLIN": true,
            "OGLCIHHLECO": "",
            "EIHBECKFELM": "",
            "NBPLDPOGDAA": "",
            "KDKNEEKBHOC": {
                "_x": 15.0,
                "_y": 15.0,
                "_z": 15.0
            }
        },
        "6": {
            "$type": "MFHOPOBHMHB",
            "ILIFEDBAGLB": 70010006,
            "ECLBMPMBMLE": {
                "_x": -221.38059997558594,
                "_y": 35.92903137207031,
                "_z": 114.05249786376953
            },
            "FANCKABFCPH": {
                "_y": 263.7818908691406
            },
            "NBLDNHLJLIN": true,
            "OGLCIHHLECO": "",
            "EIHBECKFELM": "",
            "NBPLDPOGDAA": "",
            "KDKNEEKBHOC": {
                "_x": 15.0,
                "_y": 15.0,
                "_z": 15.0
            }
        }
    },
    "LHHAHFPKBCM": {
        "1": {
            "$type": "AMEIDNAJKIJ",
            "ILIFEDBAGLB": 70010006,
            "ECLBMPMBMLE": {
                "_x": -98.82579040527344,
                "_y": -6.6196770668029785,
                "_z": 21.492889404296875
            },
            "NBLDNHLJLIN": true,
            "OGLCIHHLECO": "",
            "EIHBECKFELM": "",
            "NBPLDPOGDAA": "",
            "PPHNNDLJOEG": 500.0,
            "CDADJDJPHGO": true,
            "NPLFHDBONNK": "DeadRegion",
            "MCNOGNBMIDN": {
                "$type": "LLNPBLICDHC",
                "GKIBEHOFNBF": true,
                "BJFNPGBKPHH": 50.0,
                "PGAJCDACFCA": "Center",
                "IJDCDHPEIEK": 600.0,
                "KMCIHHPLFHL": 600.0
            },
            "LEPALCGBCKG": ""
        }
    },
    "HNNNIMLDONJ": {}
}