{
    "OKJIDAEFIOD": {
        "1": {
            "$type": "NIPJPDIBHHL",
            "ILIFEDBAGLB": 70120004,
            "ECLBMPMBMLE": {
                "_x": 713.2462768554688,
                "_y": 90.18800354003906,
                "_z": 794.5971069335938
            },
            "FANCKABFCPH": {
                "_y": 148.29100036621094
            },
            "GKOBOKNGMNE": {
                "_x": 311.1571960449219,
                "_y": 154.8105010986328,
                "_z": 363.9762878417969
            },
            "OGLCIHHLECO": "",
            "EIHBECKFELM": "",
            "NBPLDPOGDAA": "",
            "KDKNEEKBHOC": {
                "_x": 5.0,
                "_y": 5.0,
                "_z": 5.0
            }
        }
    },
    "HNNNIMLDONJ": {}
}