{
    "EIAKLLDIBOG": {
        "1": {
            "$type": "PersonalSceneJumpPoint",
            "gadgetId": 70010002,
            "areaId": 1077,
            "pos": {
                "x": 2.521256923675537,
                "y": -0.15460549294948578,
                "z": -1.474410057067871
            },
            "rot": {
                "y": 180.0
            },
            "tranPos": {
                "x": -2014.0518798828125,
                "y": 300.3475036621094,
                "z": 4106.9140625
            },
            "tranRot": {
                "y": 140.0
            },
            "unlocked": true,
            "alias": "",
            "OKBHIJJFEKD": "",
            "BKAILKIEBDH": "",
            "tranSceneId": 3,
            "titleTextID": "UI_SCENE_ENTRY_EXIT_Chunzhangjia",
            "triggerSize": {
                "x": 3.0,
                "y": 3.0,
                "z": 3.0
            },
            "closeTime": 24.0
        }
    }
}