{
    "OKJIDAEFIOD": {
        "1": {
            "$type": "NIPJPDIBHHL",
            "ILIFEDBAGLB": 70120004,
            "ECLBMPMBMLE": {
                "_x": 20.979049682617188,
                "_y": 1.8599989414215088,
                "_z": 52.269901275634766
            },
            "GKOBOKNGMNE": {
                "_x": 20.979045867919922,
                "_y": 1.859999418258667,
                "_z": 52.269901275634766
            },
            "OGLCIHHLECO": "",
            "EIHBECKFELM": "",
            "NBPLDPOGDAA": "",
            "KDKNEEKBHOC": {
                "_x": 5.0,
                "_y": 5.0,
                "_z": 5.0
            }
        }
    },
    "HNNNIMLDONJ": {}
}