{
    "OKJIDAEFIOD": {
        "1": {
            "$type": "IHPOJHMBEPF",
            "ILIFEDBAGLB": 70010002,
            "ECLBMPMBMLE": {
                "_x": 2.5244460105895996,
                "_y": 0.05717423930764198,
                "_z": -3.2459371089935303
            },
            "GKOBOKNGMNE": {
                "_x": -466.3696594238281,
                "_y": 237.60044860839844,
                "_z": 2744.373291015625
            },
            "CPDMGEEENAG": {
                "_y": 80.0
            },
            "NBLDNHLJLIN": true,
            "OGLCIHHLECO": "",
            "EIHBECKFELM": "",
            "NBPLDPOGDAA": "",
            "FHLEHKCJMID": 3,
            "NGPHJOMILAN": "UI_SCENE_ENTRY_EXIT_Coffeehouse",
            "DPIPPIKIPMA": {
                "_x": 3.0,
                "_y": 3.0,
                "_z": 3.0
            },
            "NDFGICFJMAE": 24.0
        }
    },
    "HNNNIMLDONJ": {}
}