{
    "EIAKLLDIBOG": {
        "1": {
            "$type": "DungeonWayPoint",
            "gadgetId": 70120003,
            "pos": {
                "x": 330.57489013671875,
                "y": -28.983539581298828,
                "z": 440.01348876953125
            },
            "rot": {
                "y": 90.0
            },
            "unlocked": true,
            "alias": "",
            "OKBHIJJFEKD": "",
            "BKAILKIEBDH": "",
            "size": {
                "x": 40.0,
                "y": 10.0,
                "z": 20.0
            }
        },
        "2": {
            "$type": "DungeonQuitPoint",
            "gadgetId": 70120004,
            "pos": {
                "x": 342.6368103027344,
                "y": -19.276750564575195,
                "z": 331.2587890625
            },
            "unlocked": true,
            "alias": "",
            "OKBHIJJFEKD": "",
            "BKAILKIEBDH": "",
            "size": {
                "x": 4.0,
                "y": 4.0,
                "z": 4.0
            }
        },
        "3": {
            "$type": "DungeonWayPoint",
            "gadgetId": 70120003,
            "pos": {
                "x": 354.29168701171875,
                "y": -18.85338020324707,
                "z": 364.0289001464844
            },
            "rot": {
                "y": 270.0
            },
            "unlocked": true,
            "alias": "",
            "OKBHIJJFEKD": "",
            "BKAILKIEBDH": "",
            "size": {
                "x": 20.0,
                "y": 10.0,
                "z": 40.0
            }
        },
        "4": {
            "$type": "DungeonSlipRevivePoint",
            "gadgetId": 70010006,
            "pos": {
                "x": 343.02069091796875,
                "y": -28.983810424804688,
                "z": 437.4424133300781
            },
            "rot": {
                "y": 356.0685119628906
            },
            "unlocked": true,
            "alias": "",
            "OKBHIJJFEKD": "",
            "BKAILKIEBDH": "",
            "size": {
                "x": 20.0,
                "y": 20.0,
                "z": 20.0
            }
        },
        "5": {
            "$type": "DungeonSlipRevivePoint",
            "gadgetId": 70010006,
            "pos": {
                "x": 341.59381103515625,
                "y": -18.87342071533203,
                "z": 363.58599853515625
            },
            "rot": {
                "y": 357.5635986328125
            },
            "unlocked": true,
            "alias": "",
            "OKBHIJJFEKD": "",
            "BKAILKIEBDH": "",
            "size": {
                "x": 20.0,
                "y": 20.0,
                "z": 20.0
            }
        }
    },
    "entities": {
        "1": {
            "$type": "ConfigLocalTrigger",
            "gadgetId": 70010006,
            "pos": {
                "x": 338.5546875,
                "y": 15.208829879760742,
                "z": 359.4696044921875
            },
            "tranPos": {
                "x": 338.5546569824219,
                "y": -6.142026424407959,
                "z": 373.42779541015625
            },
            "unlocked": true,
            "alias": "",
            "OKBHIJJFEKD": "",
            "BKAILKIEBDH": "",
            "triggerFlag": "DeadRegion",
            "shape": {
                "$type": "ConfigShapeRect",
                "useHeight": true,
                "height": 50.0,
                "width": 80.0,
                "length": 50.0
            },
            "stringParam": ""
        },
        "2": {
            "$type": "ConfigLocalTrigger",
            "gadgetId": 70010006,
            "pos": {
                "x": 312.3174133300781,
                "y": 0.5117164850234985,
                "z": 312.15399169921875
            },
            "tranPos": {
                "x": 320.0381164550781,
                "y": 0.5117164850234985,
                "z": 336.674072265625
            },
            "unlocked": true,
            "alias": "",
            "OKBHIJJFEKD": "",
            "BKAILKIEBDH": "",
            "triggerFlag": "DeadRegion",
            "shape": {
                "$type": "ConfigShapeRect",
                "useHeight": true,
                "height": 30.0,
                "width": 30.0,
                "length": 60.0
            },
            "stringParam": ""
        },
        "3": {
            "$type": "ConfigLocalTrigger",
            "gadgetId": 70010006,
            "pos": {
                "x": 375.17510986328125,
                "y": 16.097890853881836,
                "z": 311.2192077636719
            },
            "tranPos": {
                "x": 372.6641845703125,
                "y": 10.292348861694336,
                "z": 335.177490234375
            },
            "unlocked": true,
            "alias": "",
            "OKBHIJJFEKD": "",
            "BKAILKIEBDH": "",
            "triggerFlag": "DeadRegion",
            "shape": {
                "$type": "ConfigShapeRect",
                "useHeight": true,
                "height": 30.0,
                "width": 30.0,
                "length": 60.0
            },
            "stringParam": ""
        },
        "4": {
            "$type": "ConfigLocalTrigger",
            "gadgetId": 70010006,
            "pos": {
                "x": 343.6169128417969,
                "y": 38.67686080932617,
                "z": 274.47198486328125
            },
            "tranPos": {
                "x": 343.6168518066406,
                "y": 26.51561737060547,
                "z": 312.3054504394531
            },
            "unlocked": true,
            "alias": "",
            "OKBHIJJFEKD": "",
            "BKAILKIEBDH": "",
            "triggerFlag": "DeadRegion",
            "shape": {
                "$type": "ConfigShapeRect",
                "useHeight": true,
                "height": 50.0,
                "width": 80.0,
                "length": 50.0
            },
            "stringParam": ""
        }
    }
}