{
    "NAFEKMENODO": {
        "1": {
            "$type": "EEALIHOHGHO",
            "gadgetId": 70120004,
            "pos": {
                "x": 515.663330078125,
                "y": 103.8230972290039,
                "z": 361.4021911621094
            },
            "rot": {
                "y": 15.625020027160645
            },
            "tranPos": {
                "x": 311.1571960449219,
                "y": 154.8105010986328,
                "z": 363.9762878417969
            },
            "alias": "",
            "FOGDFAPNFKB": "",
            "FMDFPCLHCKJ": "",
            "size": {
                "x": 5.0,
                "y": 5.0,
                "z": 5.0
            }
        }
    }
}