{
    "EIAKLLDIBOG": {
        "2": {
            "$type": "DungeonQuitPoint",
            "gadgetId": 70120004,
            "pos": {
                "x": -43.4039306640625,
                "y": 0.5993924140930176,
                "z": 72.86506652832031
            },
            "rot": {
                "y": 270.0
            },
            "tranPos": {
                "x": -46.055503845214844,
                "y": 0.592083215713501,
                "z": 72.4129409790039
            },
            "alias": "",
            "OKBHIJJFEKD": "",
            "BKAILKIEBDH": "",
            "size": {
                "x": 5.0,
                "y": 5.0,
                "z": 5.0
            }
        }
    }
}