{
    "EIAKLLDIBOG": {
        "1": {
            "$type": "DungeonQuitPoint",
            "gadgetId": 70010001,
            "pos": {
                "x": 452.7712097167969,
                "y": 31.247249603271484,
                "z": 526.9625854492188
            },
            "tranPos": {
                "x": 319.9519348144531,
                "y": 0.029999196529388428,
                "z": 477.7627868652344
            },
            "alias": "",
            "OKBHIJJFEKD": "",
            "BKAILKIEBDH": "",
            "size": {
                "x": 5.0,
                "y": 5.0,
                "z": 5.0
            }
        }
    }
}