{
    "OKJIDAEFIOD": {
        "1": {
            "$type": "NIPJPDIBHHL",
            "ILIFEDBAGLB": 70120004,
            "ECLBMPMBMLE": {
                "_x": -90.5533676147461,
                "_y": -46.434478759765625,
                "_z": 28.035980224609375
            },
            "GKOBOKNGMNE": {
                "_x": 1079.4376220703125,
                "_y": 261.7490234375,
                "_z": 123.30799865722656
            },
            "OGLCIHHLECO": "",
            "EIHBECKFELM": "",
            "NBPLDPOGDAA": "",
            "KDKNEEKBHOC": {
                "_x": 3.0,
                "_y": 3.0,
                "_z": 3.0
            }
        }
    },
    "HNNNIMLDONJ": {}
}