{
    "NEKGGALFGNE": {
        "1": {
            "$type": "HLNNHPGMKBL",
            "gadgetId": 70120004,
            "pos": {
                "x": 499.985595703125,
                "y": 612.2706909179688,
                "z": -1569.239013671875
            },
            "tranPos": {
                "x": -1.3307570219039917,
                "y": -7.232944965362549,
                "z": 93.71742248535156
            },
            "alias": "",
            "OJICGFEJFHF": "",
            "NIIGCOHDBPF": "",
            "size": {
                "x": 3.0,
                "y": 3.0,
                "z": 3.0
            }
        },
        "2": {
            "$type": "GHAENHOMJDL",
            "gadgetId": 70120003,
            "pos": {
                "x": 501.389892578125,
                "y": 608.5012817382812,
                "z": -1669.85498046875
            },
            "rot": {
                "y": 0.16019999980926514
            },
            "tranPos": {
                "x": 501.389892578125,
                "y": 608.5012817382812,
                "z": -1669.85498046875
            },
            "unlocked": true,
            "alias": "",
            "OJICGFEJFHF": "",
            "NIIGCOHDBPF": "",
            "size": {
                "x": 10.0,
                "y": 10.0,
                "z": 10.0
            }
        }
    },
    "GIFOHNONNCM": {}
}