{
    "NAFEKMENODO": {
        "1": {
            "$type": "EEALIHOHGHO",
            "gadgetId": 70360297,
            "pos": {
                "x": 119.75769805908203,
                "y": -8.762720108032227,
                "z": -1.8254369497299194
            },
            "rot": {
                "y": 270.0
            },
            "tranPos": {
                "x": 305.36627197265625,
                "y": -3.1389966011047363,
                "z": 79.37376403808594
            },
            "alias": "",
            "FOGDFAPNFKB": "",
            "FMDFPCLHCKJ": "",
            "size": {
                "x": 5.0,
                "y": 5.0,
                "z": 5.0
            }
        },
        "2": {
            "$type": "KKIIGADKBKE",
            "gadgetId": 70010006,
            "pos": {
                "x": -112.23680114746094,
                "y": 30.719989776611328,
                "z": 456.7137145996094
            },
            "rot": {
                "y": 90.0
            },
            "tranPos": {
                "x": -113.9507064819336,
                "y": 30.719985961914062,
                "z": 406.1401672363281
            },
            "unlocked": true,
            "alias": "",
            "FOGDFAPNFKB": "",
            "FMDFPCLHCKJ": "",
            "size": {
                "x": 8.0,
                "y": 8.0,
                "z": 8.0
            }
        },
        "3": {
            "$type": "KKIIGADKBKE",
            "gadgetId": 70010006,
            "pos": {
                "x": -18.542560577392578,
                "y": 30.719959259033203,
                "z": 461.8575134277344
            },
            "tranPos": {
                "x": -71.9081802368164,
                "y": 30.719985961914062,
                "z": 410.7159118652344
            },
            "unlocked": true,
            "alias": "",
            "FOGDFAPNFKB": "",
            "FMDFPCLHCKJ": "",
            "size": {
                "x": 110.0,
                "y": 10.0,
                "z": 8.0
            }
        },
        "4": {
            "$type": "KKIIGADKBKE",
            "gadgetId": 70010006,
            "pos": {
                "x": -18.187000274658203,
                "y": 30.719959259033203,
                "z": 427.3363952636719
            },
            "tranPos": {
                "x": -18.186996459960938,
                "y": 30.719955444335938,
                "z": 380.73236083984375
            },
            "unlocked": true,
            "alias": "",
            "FOGDFAPNFKB": "",
            "FMDFPCLHCKJ": "",
            "size": {
                "x": 110.0,
                "y": 10.0,
                "z": 10.0
            }
        },
        "5": {
            "$type": "KKIIGADKBKE",
            "gadgetId": 70010006,
            "pos": {
                "x": 4.905930995941162,
                "y": 20.719989776611328,
                "z": 357.9088134765625
            },
            "tranPos": {
                "x": 4.534221649169922,
                "y": 20.719985961914062,
                "z": 306.0668029785156
            },
            "unlocked": true,
            "alias": "",
            "FOGDFAPNFKB": "",
            "FMDFPCLHCKJ": "",
            "size": {
                "x": 20.0,
                "y": 15.0,
                "z": 110.0
            }
        },
        "6": {
            "$type": "KKIIGADKBKE",
            "gadgetId": 70010006,
            "pos": {
                "x": -63.07883071899414,
                "y": 25.719999313354492,
                "z": 338.1424865722656
            },
            "tranPos": {
                "x": -63.078834533691406,
                "y": 25.720001220703125,
                "z": 286.30047607421875
            },
            "unlocked": true,
            "alias": "",
            "FOGDFAPNFKB": "",
            "FMDFPCLHCKJ": "",
            "size": {
                "x": 120.0,
                "y": 20.0,
                "z": 30.0
            }
        }
    },
    "entities": {
        "1": {
            "$type": "CIJDAELJICH",
            "gadgetId": 70010006,
            "pos": {
                "x": 30.97031021118164,
                "y": -1.68914794921875,
                "z": 215.7071075439453
            },
            "tranPos": {
                "x": 6.0857086181640625,
                "y": -3.5182533264160156,
                "z": 6.182591915130615
            },
            "unlocked": true,
            "alias": "",
            "FOGDFAPNFKB": "",
            "FMDFPCLHCKJ": "",
            "triggerFlag": "DeadRegion",
            "shape": {
                "$type": "KLMBGIDHBDA",
                "MNJJPFENMPD": true,
                "height": 20.0,
                "JELJIJGLKLO": "Center",
                "width": 196.0,
                "length": 196.0
            },
            "KFMDCCEEGGJ": ""
        },
        "2": {
            "$type": "CIJDAELJICH",
            "gadgetId": 70010006,
            "pos": {
                "x": 127.6592025756836,
                "y": -7.394313812255859,
                "z": 33.85332107543945
            },
            "tranPos": {
                "x": 127.65916442871094,
                "y": -13.811983108520508,
                "z": 10.441397666931152
            },
            "unlocked": true,
            "alias": "",
            "FOGDFAPNFKB": "",
            "FMDFPCLHCKJ": "",
            "shape": {
                "$type": "KLMBGIDHBDA",
                "MNJJPFENMPD": true,
                "height": 10.0,
                "JELJIJGLKLO": "Center",
                "width": 50.0,
                "length": 50.0
            },
            "KFMDCCEEGGJ": ""
        }
    }
}