{
    "OKJIDAEFIOD": {
        "1": {
            "$type": "NIPJPDIBHHL",
            "ILIFEDBAGLB": 70120004,
            "ECLBMPMBMLE": {
                "_x": 0.24956780672073364,
                "_y": 2.312607989551907e-07,
                "_z": -0.9242370128631592
            },
            "GKOBOKNGMNE": {
                "_x": -0.9024307727813721,
                "_y": -1.57628178953928e-07,
                "_z": 0.6299632787704468
            },
            "NBLDNHLJLIN": true,
            "OGLCIHHLECO": "",
            "EIHBECKFELM": "",
            "NBPLDPOGDAA": "",
            "KDKNEEKBHOC": {
                "_x": 5.0,
                "_y": 5.0,
                "_z": 5.0
            }
        }
    },
    "HNNNIMLDONJ": {}
}