{
    "OKJIDAEFIOD": {
        "1": {
            "$type": "JMLCJLEOKLI",
            "ILIFEDBAGLB": 70120003,
            "ECLBMPMBMLE": {
                "_x": -109.54460144042969,
                "_y": -37.482688903808594,
                "_z": 61.715309143066406
            },
            "NBLDNHLJLIN": true,
            "OGLCIHHLECO": "",
            "EIHBECKFELM": "",
            "NBPLDPOGDAA": "",
            "KDKNEEKBHOC": {
                "_x": 20.0,
                "_y": 10.0,
                "_z": 30.0
            }
        },
        "2": {
            "$type": "NIPJPDIBHHL",
            "ILIFEDBAGLB": 70120004,
            "ECLBMPMBMLE": {
                "_x": 139.28919982910156,
                "_y": -92.4142837524414,
                "_z": -201.13180541992188
            },
            "FANCKABFCPH": {
                "_y": 268.9619140625
            },
            "NBLDNHLJLIN": true,
            "OGLCIHHLECO": "",
            "EIHBECKFELM": "",
            "NBPLDPOGDAA": "",
            "KDKNEEKBHOC": {
                "_x": 5.0,
                "_y": 5.0,
                "_z": 5.0
            }
        },
        "3": {
            "$type": "JMLCJLEOKLI",
            "ILIFEDBAGLB": 70120003,
            "ECLBMPMBMLE": {
                "_x": -64.81147766113281,
                "_y": -67.74526977539062,
                "_z": -95.06867980957031
            },
            "FANCKABFCPH": {
                "_y": 90.0
            },
            "NBLDNHLJLIN": true,
            "OGLCIHHLECO": "",
            "EIHBECKFELM": "",
            "NBPLDPOGDAA": "",
            "KDKNEEKBHOC": {
                "_x": 40.0,
                "_y": 10.0,
                "_z": 20.0
            },
            "LFEABNJIFBO": [
                201024003,
                201024017
            ]
        },
        "4": {
            "$type": "JMLCJLEOKLI",
            "ILIFEDBAGLB": 70120003,
            "ECLBMPMBMLE": {
                "_x": -97.37194061279297,
                "_y": -80.56694793701172,
                "_z": -190.7346954345703
            },
            "FANCKABFCPH": {
                "_y": 90.0
            },
            "NBLDNHLJLIN": true,
            "OGLCIHHLECO": "",
            "EIHBECKFELM": "",
            "NBPLDPOGDAA": "",
            "KDKNEEKBHOC": {
                "_x": 20.0,
                "_y": 10.0,
                "_z": 20.0
            }
        },
        "5": {
            "$type": "MFHOPOBHMHB",
            "ILIFEDBAGLB": 70010006,
            "ECLBMPMBMLE": {
                "_x": 106.34030151367188,
                "_y": -92.30342864990234,
                "_z": -210.61410522460938
            },
            "FANCKABFCPH": {
                "_y": 54.63330078125
            },
            "NBLDNHLJLIN": true,
            "OGLCIHHLECO": "",
            "EIHBECKFELM": "",
            "NBPLDPOGDAA": "",
            "KDKNEEKBHOC": {
                "_x": 30.0,
                "_y": 10.0,
                "_z": 30.0
            }
        },
        "6": {
            "$type": "MFHOPOBHMHB",
            "ILIFEDBAGLB": 70010006,
            "ECLBMPMBMLE": {
                "_x": -45.8973388671875,
                "_y": -32.41558074951172,
                "_z": 26.46742057800293
            },
            "FANCKABFCPH": {
                "_y": 359.1877136230469
            },
            "NBLDNHLJLIN": true,
            "OGLCIHHLECO": "",
            "EIHBECKFELM": "",
            "NBPLDPOGDAA": "",
            "KDKNEEKBHOC": {
                "_x": 10.0,
                "_y": 10.0,
                "_z": 10.0
            }
        },
        "7": {
            "$type": "MFHOPOBHMHB",
            "ILIFEDBAGLB": 70010006,
            "ECLBMPMBMLE": {
                "_x": -110.69490051269531,
                "_y": -37.345680236816406,
                "_z": 69.72505950927734
            },
            "FANCKABFCPH": {
                "_y": 88.13069915771484
            },
            "NBLDNHLJLIN": true,
            "OGLCIHHLECO": "",
            "EIHBECKFELM": "",
            "NBPLDPOGDAA": "",
            "KDKNEEKBHOC": {
                "_x": 20.0,
                "_y": 20.0,
                "_z": 20.0
            }
        },
        "8": {
            "$type": "MFHOPOBHMHB",
            "ILIFEDBAGLB": 70010006,
            "ECLBMPMBMLE": {
                "_x": -62.582698822021484,
                "_y": -67.65986633300781,
                "_z": -192.09860229492188
            },
            "FANCKABFCPH": {
                "_y": 177.43519592285156
            },
            "NBLDNHLJLIN": true,
            "OGLCIHHLECO": "",
            "EIHBECKFELM": "",
            "NBPLDPOGDAA": "",
            "KDKNEEKBHOC": {
                "_x": 10.0,
                "_y": 10.0,
                "_z": 10.0
            }
        }
    },
    "GNAKHIKCKMA": {
        "1": {
            "$type": "JHGMLGNDNBO",
            "ILIFEDBAGLB": 70610102,
            "ECLBMPMBMLE": {
                "_x": -57.01129913330078,
                "_y": -78.40540313720703,
                "_z": -32.89897918701172
            },
            "NBLDNHLJLIN": true,
            "OGLCIHHLECO": "",
            "EIHBECKFELM": "",
            "NBPLDPOGDAA": "",
            "BFIAKHOGCGL": 8.0,
            "HEPPCPBFHNK": "Eff_Windfield_Stay",
            "PMJLBAOJDHG": "Eff_Windfield_Enter"
        }
    },
    "LHHAHFPKBCM": {
        "1": {
            "$type": "AMEIDNAJKIJ",
            "ILIFEDBAGLB": 70010006,
            "ECLBMPMBMLE": {
                "_x": -56.860469818115234,
                "_y": -116.37229919433594,
                "_z": 132.1154022216797
            },
            "NBLDNHLJLIN": true,
            "OGLCIHHLECO": "",
            "EIHBECKFELM": "",
            "NBPLDPOGDAA": "",
            "PPHNNDLJOEG": 500.0,
            "CDADJDJPHGO": true,
            "NPLFHDBONNK": "NoReviveRegion",
            "MCNOGNBMIDN": {
                "$type": "LLNPBLICDHC",
                "GKIBEHOFNBF": true,
                "BJFNPGBKPHH": 2002.0,
                "PGAJCDACFCA": "Center",
                "IJDCDHPEIEK": 100.0,
                "KMCIHHPLFHL": 50.0
            },
            "LEPALCGBCKG": ""
        },
        "10": {
            "$type": "AMEIDNAJKIJ",
            "ILIFEDBAGLB": 70010006,
            "ECLBMPMBMLE": {
                "_x": 105.339599609375,
                "_y": -89.89691162109375,
                "_z": -36.40346908569336
            },
            "NBLDNHLJLIN": true,
            "OGLCIHHLECO": "",
            "EIHBECKFELM": "",
            "NBPLDPOGDAA": "",
            "PPHNNDLJOEG": 500.0,
            "CDADJDJPHGO": true,
            "NPLFHDBONNK": "DeadRegion",
            "MCNOGNBMIDN": {
                "$type": "LLNPBLICDHC",
                "GKIBEHOFNBF": true,
                "BJFNPGBKPHH": 200.0,
                "PGAJCDACFCA": "Center",
                "IJDCDHPEIEK": 200.0,
                "KMCIHHPLFHL": 250.0
            },
            "LEPALCGBCKG": ""
        },
        "11": {
            "$type": "AMEIDNAJKIJ",
            "ILIFEDBAGLB": 70010006,
            "ECLBMPMBMLE": {
                "_x": 82.73174285888672,
                "_y": 45.54658889770508,
                "_z": -214.2631072998047
            },
            "NBLDNHLJLIN": true,
            "OGLCIHHLECO": "",
            "EIHBECKFELM": "",
            "NBPLDPOGDAA": "",
            "PPHNNDLJOEG": 500.0,
            "CDADJDJPHGO": true,
            "NPLFHDBONNK": "DeadRegion",
            "MCNOGNBMIDN": {
                "$type": "LLNPBLICDHC",
                "GKIBEHOFNBF": true,
                "BJFNPGBKPHH": 200.0,
                "PGAJCDACFCA": "Center",