{
    "EIAKLLDIBOG": {
        "1": {
            "$type": "DungeonQuitPoint",
            "type": "TOWER",
            "gadgetId": 70120004,
            "pos": {
                "x": -38.90269088745117,
                "y": -563.1326293945312,
                "z": -347.3212890625
            },
            "tranPos": {
                "x": -39.917057037353516,
                "y": -563.132568359375,
                "z": -349.1394958496094
            },
            "unlocked": true,
            "alias": "",
            "OKBHIJJFEKD": "",
            "BKAILKIEBDH": "",
            "size": {
                "x": 3.0,
                "y": 3.0,
                "z": 3.0
            }
        },
        "2": {
            "$type": "DungeonWayPoint",
            "gadgetId": 70010006,
            "pos": {
                "x": -41.040000915527344,
                "y": -395.6000061035156,
                "z": -29.8700008392334
            },
            "rot": {
                "y": 175.73980712890625
            },
            "unlocked": true,
            "alias": "",
            "OKBHIJJFEKD": "",
            "BKAILKIEBDH": "",
            "size": {
                "x": 45.0,
                "y": 30.0,
                "z": 45.0
            }
        },
        "3": {
            "$type": "DungeonSlipRevivePoint",
            "gadgetId": 70010006,
            "pos": {
                "x": -35.57112121582031,
                "y": -396.1199951171875,
                "z": -36.270301818847656
            },
            "rot": {
                "y": 175.09779357910156
            },
            "unlocked": true,
            "alias": "",
            "OKBHIJJFEKD": "",
            "BKAILKIEBDH": "",
            "size": {
                "x": 40.0,
                "y": 40.0,
                "z": 40.0
            }
        },
        "4": {
            "$type": "DungeonWayPoint",
            "gadgetId": 70010006,
            "pos": {
                "x": -36.391780853271484,
                "y": -255.6970977783203,
                "z": 45.56312942504883
            },
            "rot": {
                "y": 175.73980712890625
            },
            "unlocked": true,
            "alias": "",
            "OKBHIJJFEKD": "",
            "BKAILKIEBDH": "",
            "size": {
                "x": 45.0,
                "y": 20.760000228881836,
                "z": 45.0
            }
        },
        "5": {
            "$type": "DungeonSlipRevivePoint",
            "gadgetId": 70010006,
            "pos": {
                "x": -36.67422103881836,
                "y": -255.69650268554688,
                "z": 45.24660873413086
            },
            "rot": {
                "y": 175.09779357910156
            },
            "unlocked": true,
            "alias": "",
            "OKBHIJJFEKD": "",
            "BKAILKIEBDH": "",
            "size": {
                "x": 25.0,
                "y": 25.0,
                "z": 25.0
            }
        },
        "6": {
            "$type": "DungeonWayPoint",
            "gadgetId": 70010006,
            "pos": {
                "x": -45.26544952392578,
                "y": -580.9456176757812,
                "z": -135.8896026611328
            },
            "rot": {
                "y": 175.73980712890625
            },
            "unlocked": true,
            "alias": "",
            "OKBHIJJFEKD": "",
            "BKAILKIEBDH": "",
            "size": {
                "x": 20.0,
                "y": 20.0,
                "z": 20.0
            }
        },
        "7": {
            "$type": "DungeonSlipRevivePoint",
            "gadgetId": 70010006,
            "pos": {
                "x": -40.84986877441406,
                "y": -575.989990234375,
                "z": -40.15087890625
            },
            "rot": {
                "y": 176.6177978515625
            },
            "unlocked": true,
            "alias": "",
            "OKBHIJJFEKD": "",
            "BKAILKIEBDH": "",
            "size": {
                "x": 45.0,
                "y": 40.0,
                "z": 45.0
            }
        },
        "8": {
            "$type": "DungeonWayPoint",
            "gadgetId": 70010006,
            "pos": {
                "x": -40.929229736328125,
                "y": -575.7886962890625,
                "z": -26.227209091186523
            },
            "rot": {
                "y": 175.73980712890625
            },
            "unlocked": true,
            "alias": "",
            "OKBHIJJFEKD": "",
            "BKAILKIEBDH": "",
            "size": {
                "x": 45.0,
                "y": 45.0,
                "z": 45.0
            }
        }
    }
}