{
    "OKJIDAEFIOD": {
        "1": {
            "$type": "IHPOJHMBEPF",
            "ILIFEDBAGLB": 70010002,
            "ECLBMPMBMLE": {
                "_x": 4.514344215393066,
                "_y": -2.639436984658961e-16,
                "_z": 4.260006904602051
            },
            "FANCKABFCPH": {
                "_y": 268.9997863769531
            },
            "GKOBOKNGMNE": {
                "_x": 2302.1240234375,
                "_y": 214.09120178222656,
                "_z": -922.9132080078125
            },
            "CPDMGEEENAG": {
                "_y": 320.0
            },
            "NBLDNHLJLIN": true,
            "OGLCIHHLECO": "",
            "EIHBECKFELM": "",
            "NBPLDPOGDAA": "",
            "FHLEHKCJMID": 3,
            "NGPHJOMILAN": "UI_SCENE_ENTRY_EXIT_ANGELSHARE",
            "DPIPPIKIPMA": {
                "_x": 1.5,
                "_y": 1.5,
                "_z": 1.5
            },
            "NDFGICFJMAE": 24.0
        },
        "2": {
            "$type": "IHPOJHMBEPF",
            "ILIFEDBAGLB": 70010002,
            "ECLBMPMBMLE": {
                "_x": -4.758655071258545,
                "_y": 0.4097931981086731,
                "_z": 1.4846550226211548
            },
            "FANCKABFCPH": {
                "_y": 91.58380126953125
            },
            "GKOBOKNGMNE": {
                "_x": 2313.199951171875,
                "_y": 215.3000030517578,
                "_z": -929.7999877929688
            },
            "CPDMGEEENAG": {
                "_y": 146.0
            },
            "NBLDNHLJLIN": true,
            "OGLCIHHLECO": "",
            "EIHBECKFELM": "",
            "NBPLDPOGDAA": "",
            "FHLEHKCJMID": 3,
            "NGPHJOMILAN": "UI_SCENE_ENTRY_EXIT_ANGELSHARE",
            "DPIPPIKIPMA": {
                "_x": 1.5,
                "_y": 1.5,
                "_z": 1.5
            },
            "NDFGICFJMAE": 24.0
        },
        "3": {
            "$type": "IHPOJHMBEPF",
            "ILIFEDBAGLB": 70010002,
            "ECLBMPMBMLE": {
                "_x": 0.01841259002685547,
                "_y": 4.896609783172607,
                "_z": 8.859965324401855
            },
            "FANCKABFCPH": {
                "_y": 178.43719482421875
            },
            "GKOBOKNGMNE": {
                "_x": 2302.115966796875,
                "_y": 219.0,
                "_z": -929.3480224609375
            },
            "CPDMGEEENAG": {
                "_y": 227.0
            },
            "NBLDNHLJLIN": true,
            "OGLCIHHLECO": "",
            "EIHBECKFELM": "",
            "NBPLDPOGDAA": "",
            "FHLEHKCJMID": 3,
            "NGPHJOMILAN": "UI_SCENE_ENTRY_EXIT_ANGELSHARE",
            "DPIPPIKIPMA": {
                "_x": 1.5,
                "_y": 1.5,
                "_z": 1.5
            },
            "NDFGICFJMAE": 24.0
        }
    },
    "HNNNIMLDONJ": {}
}