{
    "OKJIDAEFIOD": {
        "1": {
            "$type": "NIPJPDIBHHL",
            "ILIFEDBAGLB": 70110002,
            "ECLBMPMBMLE": {
                "_x": 199.1300048828125,
                "_y": 59.016510009765625,
                "_z": 397.1000061035156
            },
            "FANCKABFCPH": {
                "_y": 180.3800048828125
            },
            "NBLDNHLJLIN": true,
            "OGLCIHHLECO": "",
            "EIHBECKFELM": "",
            "NBPLDPOGDAA": "",
            "KDKNEEKBHOC": {
                "_x": 5.0,
                "_y": 5.0,
                "_z": 5.0
            }
        },
        "3": {
            "$type": "JMLCJLEOKLI",
            "ILIFEDBAGLB": 70120003,
            "ECLBMPMBMLE": {
                "_x": -8.305451393127441,
                "_y": 47.016258239746094,
                "_z": 56.98897933959961
            },
            "FANCKABFCPH": {
                "_y": 90.0
            },
            "NBLDNHLJLIN": true,
            "OGLCIHHLECO": "",
            "EIHBECKFELM": "",
            "NBPLDPOGDAA": "",
            "KDKNEEKBHOC": {
                "_x": 30.0,
                "_y": 20.0,
                "_z": 30.0
            },
            "LFEABNJIFBO": [
                220006002
            ]
        },
        "4": {
            "$type": "JMLCJLEOKLI",
            "ILIFEDBAGLB": 70120003,
            "ECLBMPMBMLE": {
                "_x": 64.21170043945312,
                "_y": 39.516239166259766,
                "_z": 128.5634002685547
            },
            "FANCKABFCPH": {
                "_y": 180.0
            },
            "NBLDNHLJLIN": true,
            "OGLCIHHLECO": "",
            "EIHBECKFELM": "",
            "NBPLDPOGDAA": "",
            "KDKNEEKBHOC": {
                "_x": 10.0,
                "_y": 20.0,
                "_z": 50.0
            },
            "LFEABNJIFBO": [
                220006003,
                220006004
            ]
        },
        "5": {
            "$type": "JMLCJLEOKLI",
            "ILIFEDBAGLB": 70120003,
            "ECLBMPMBMLE": {
                "_x": 204.20689392089844,
                "_y": 46.01652145385742,
                "_z": 180.42840576171875
            },
            "FANCKABFCPH": {
                "_y": 270.0
            },
            "NBLDNHLJLIN": true,
            "OGLCIHHLECO": "",
            "EIHBECKFELM": "",
            "NBPLDPOGDAA": "",
            "KDKNEEKBHOC": {
                "_x": 40.0,
                "_y": 40.0,
                "_z": 40.0
            }
        },
        "6": {
            "$type": "JMLCJLEOKLI",
            "ILIFEDBAGLB": 70120003,
            "ECLBMPMBMLE": {
                "_x": 183.3135986328125,
                "_y": 50.5164794921875,
                "_z": 289.2301025390625
            },
            "FANCKABFCPH": {
                "_y": 90.0
            },
            "NBLDNHLJLIN": true,
            "OGLCIHHLECO": "",
            "EIHBECKFELM": "",
            "NBPLDPOGDAA": "",
            "KDKNEEKBHOC": {
                "_x": 50.0,
                "_y": 50.0,
                "_z": 50.0
            },
            "LFEABNJIFBO": [
                220006005
            ]
        }
    },
    "GNAKHIKCKMA": {
        "1": {
            "$type": "JHGMLGNDNBO",
            "ILIFEDBAGLB": 70610102,
            "ECLBMPMBMLE": {
                "_x": 236.843994140625,
                "_y": 37.285770416259766,
                "_z": 182.93910217285156
            },
            "OGLCIHHLECO": "",
            "EIHBECKFELM": "",
            "NBPLDPOGDAA": "",
            "BFIAKHOGCGL": 10.0,
            "HEPPCPBFHNK": "Eff_Windfield_Stay",
            "PMJLBAOJDHG": "Eff_Windfield_Enter"
        },
        "2": {
            "$type": "JHGMLGNDNBO",
            "ILIFEDBAGLB": 70610102,
            "ECLBMPMBMLE": {
                "_x": 247.36610412597656,
                "_y": 46.676170349121094,
                "_z": 230.27879333496094
            },
            "NBLDNHLJLIN": true,
            "OGLCIHHLECO": "",
            "EIHBECKFELM": "",
            "NBPLDPOGDAA": "",
            "BFIAKHOGCGL": 10.0,
            "HEPPCPBFHNK": "Eff_Windfield_Stay",
            "PMJLBAOJDHG": "Eff_Windfield_Enter"
        },
        "3": {
            "$type": "JHGMLGNDNBO",
            "ILIFEDBAGLB": 70610102,
            "ECLBMPMBMLE": {
                "_x": 234.7252960205078,
                "_y": 51.90692901611328,
                "_z": 257.3619079589844
            },
            "NBLDNHLJLIN": true,
            "OGLCIHHLECO": "",
            "EIHBECKFELM": "",
            "NBPLDPOGDAA": "",
            "BFIAKHOGCGL": 10.0,
            "HEPPCPBFHNK": "Eff_Windfield_Stay",
            "PMJLBAOJDHG": "Eff_Windfield_Enter"
        }
    },
    "LHHAHFPKBCM": {
        "1": {
            "$type": "AMEIDNAJKIJ",
            "ILIFEDBAGLB": 70010006,
            "ECLBMPMBMLE": {
                "_x": 53.222721099853516,
                "_y": 41.20000076293945,
                "_z": 20.56368064880371
            },
            "NBLDNHLJLIN": true,
            "OGLCIHHLECO": "",
            "EIHBECKFELM": "",
            "NBPLDPOGDAA": "",
            "NPLFHDBONNK": "DeadRegion",
            "MCNOGNBMIDN": {
                "$type": "LLNPBLICDHC",
                "GKIBEHOFNBF": true,
                "BJFNPGBKPHH": 7.360000133514404,
                "PGAJCDACFCA": "Center",
                "IJDCDHPEIEK": 64.0,
                "KMCIHHPLFHL": 111.83000183105469
            },
            "LEPALCGBCKG": ""
        },
        "10": {
            "$type": "AMEIDNAJKIJ",
            "ILIFEDBAGLB": 70010006,
            "ECLBMPMBMLE": {
                "_x": 16.8221492767334,
                "_y": 22.6299991607666,
                "_z": 176.85719299316406
            },
            "NBLDNHLJLIN": true,
            "OGLCIHHLECO": "",
            "EIHBECKFELM": "",
            "NBPLDPOGDAA": "",
            "NPLFHDBONNK": "DeadRegion",
            "MCNOGNBMIDN": {
                "$type": "LLNPBLICDHC",
                "GKIBEHOFNBF": true,
                "BJFNPGBKPHH": 16.299999237060547,
                "PGAJCDACFCA": "Center",
                "IJDCDHPEIEK": 120.4000015258789,
                "KMCIHHPLFHL": 92.80000305175781
            },
            "LEPALCGBCKG": ""
        },
        "12": {
            "$type": "AMEIDNAJKIJ",
            "ILIFEDBAGLB": 70010006,
            "ECLBMPMBMLE": {
                "_x": 154.10000610351562,
                "_y": 46.161380767822266,
                "_z": 84.69999694824219
            },
            "NBLDNHLJLIN": true,
            "OGLCIHHLECO": "",
            "EIHBECKFELM": "",
            "NBPLDPOGDAA": "",
            "NPLFHDBONNK": "ReturnRegion",
            "MCNOGNBMIDN": {
                "$type": "LLNPBLICDHC",
                "GKIBEHOFNBF": true,
                "BJFNPGBKPHH": 200.0,
                "PGAJCDACFCA": "Center",
                "IJDCDHPEIEK": 200.0,
                "KMCIHHPLFHL": 5.0
            },
            "IBEENDNAMEB": 15.0,
            "LEPALCGBCKG": ""
        },
        "13": {
            "$type": "AMEIDNAJKIJ",
            "ILIFEDBAGLB": 70010006,
            "ECLBMPMBMLE": {
                "_x": 288.0,
                "_y": 50.516700744628906,
                "_z": 295.0
            },
            "NBLDNHLJLIN": true,
            "OGLCIHHLECO": "",
            "EIHBECKFELM": "",
            "NBPLDPOGDAA": "",
            "NPLFHDBONNK": "ReturnRegion",
            "MCNOGNBMIDN": {
                "$type": "LLNPBLICDHC",
                "GKIBEHOFNBF": true,
                "BJFNPGBKPHH": 200.0,
                "PGAJCDACFCA": "Center",
                "IJDCDHPEIEK": 150.0,