{
    "NAFEKMENODO": {
        "1": {
            "$type": "EEALIHOHGHO",
            "gadgetId": 70360001,
            "pos": {
                "x": 47.44968032836914,
                "y": 4.870950222015381,
                "z": -52.537689208984375
            },
            "tranPos": {
                "x": 8.2332763671875,
                "y": -7.100188255310059,
                "z": -50.177894592285156
            },
            "unlocked": true,
            "alias": "",
            "FOGDFAPNFKB": "",
            "FMDFPCLHCKJ": "",
            "size": {
                "x": 1.0,
                "y": 1.0,
                "z": 1.0
            }
        }
    }
}