{
    "FEFNCDLEHGL": {
        "1": {
            "$type": "DungeonQuitPoint",
            "gadgetId": 70120004,
            "pos": {
                "x": -167.55450439453125,
                "y": 0.4227980971336365,
                "z": -66.70379638671875
            },
            "tranPos": {
                "x": -167.55447387695312,
                "y": 0.4227980971336365,
                "z": -66.70379638671875
            },
            "alias": "",
            "ADNDKHDKAEC": "",
            "BEDBEJAACAH": "",
            "size": {
                "x": 3.0,
                "y": 3.0,
                "z": 3.0
            }
        },
        "2": {
            "$type": "DungeonWayPoint",
            "gadgetId": 70010006,
            "pos": {
                "x": -125.62920379638672,
                "y": 4.182250022888184,
                "z": -66.34615325927734
            },
            "rot": {
                "y": 270.0
            },
            "tranPos": {
                "x": -125.62920379638672,
                "y": 1.337319016456604,
                "z": -66.2983627319336
            },
            "alias": "",
            "ADNDKHDKAEC": "",
            "BEDBEJAACAH": "",
            "size": {
                "x": 5.0,
                "y": 10.0,
                "z": 10.0
            }
        }
    }
}