{
    "NEKGGALFGNE": {
        "1": {
            "$type": "HLNNHPGMKBL",
            "gadgetId": 70120004,
            "pos": {
                "x": 7.241470813751221,
                "y": 193.63510131835938,
                "z": 358.1632995605469
            },
            "rot": {
                "y": 303.0401916503906
            },
            "tranPos": {
                "x": -5.385487079620361,
                "y": 80.05000305175781,
                "z": -1.6789770126342773
            },
            "alias": "",
            "OJICGFEJFHF": "",
            "NIIGCOHDBPF": "",
            "size": {
                "x": 5.0,
                "y": 5.0,
                "z": 5.0
            }
        },
        "2": {
            "$type": "DBLPHPBFHCE",
            "gadgetId": 70010006,
            "pos": {
                "x": 23.184659957885742,
                "y": 200.97799682617188,
                "z": 306.92779541015625
            },
            "unlocked": true,
            "alias": "",
            "OJICGFEJFHF": "",
            "NIIGCOHDBPF": "",
            "size": {
                "x": 30.0,
                "y": 40.0,
                "z": 30.0
            }
        },
        "3": {
            "$type": "GHAENHOMJDL",
            "gadgetId": 70010006,
            "pos": {
                "x": 23.184659957885742,
                "y": 200.97799682617188,
                "z": 306.92779541015625
            },
            "tranPos": {
                "x": 8.270000457763672,
                "y": 195.0,
                "z": 340.0
            },
            "unlocked": true,
            "alias": "",
            "OJICGFEJFHF": "",
            "NIIGCOHDBPF": "",
            "size": {
                "x": 30.0,
                "y": 40.0,
                "z": 30.0
            }
        },
        "4": {
            "$type": "GHAENHOMJDL",
            "gadgetId": 70010006,
            "pos": {
                "x": 607.2567749023438,
                "y": 125.6011962890625,
                "z": 363.15289306640625
            },
            "rot": {
                "y": 349.16558837890625
            },
            "tranPos": {
                "x": 623.0,
                "y": 128.0,
                "z": 342.0
            },
            "tranRot": {
                "y": 120.0
            },
            "unlocked": true,
            "alias": "",
            "OJICGFEJFHF": "",
            "NIIGCOHDBPF": "",
            "size": {
                "x": 50.0,
                "y": 50.0,
                "z": 50.0
            }
        },
        "5": {
            "$type": "GHAENHOMJDL",
            "gadgetId": 70010006,
            "pos": {
                "x": 658.0216064453125,
                "y": 114.66449737548828,
                "z": 478.11309814453125
            },
            "rot": {
                "x": 1.320876955986023,
                "y": 2.1114590167999268,
                "z": 359.2484130859375
            },
            "tranPos": {
                "x": 657.0,
                "y": 115.0,
                "z": 479.0
            },
            "tranRot": {
                "y": -60.0
            },
            "unlocked": true,
            "alias": "",
            "OJICGFEJFHF": "",
            "NIIGCOHDBPF": "",
            "size": {
                "x": 20.0,
                "y": 20.0,
                "z": 20.0
            }
        },
        "6": {
            "$type": "DBLPHPBFHCE",
            "gadgetId": 70010006,
            "pos": {
                "x": 613.2202758789062,
                "y": 114.59600067138672,
                "z": 496.77978515625
            },
            "tranPos": {
                "x": 600.0,
                "y": 115.0,
                "z": 506.0
            },
            "tranRot": {
                "y": -76.0
            },
            "unlocked": true,
            "alias": "",
            "OJICGFEJFHF": "",
            "NIIGCOHDBPF": "",
            "size": {
                "x": 30.0,
                "y": 25.0,
                "z": 30.0
            }
        },
        "7": {
            "$type": "DBLPHPBFHCE",
            "gadgetId": 70010006,
            "pos": {
                "x": 449.2384948730469,
                "y": 161.53219604492188,
                "z": 506.9151916503906
            },
            "tranPos": {
                "x": 429.0439758300781,
                "y": 161.24713134765625,
                "z": 513.07080078125
            },
            "unlocked": true,
            "alias": "",
            "OJICGFEJFHF": "",
            "NIIGCOHDBPF": "",
            "size": {
                "x": 30.0,
                "y": 30.0,
                "z": 30.0
            }
        },
        "8": {
            "$type": "DBLPHPBFHCE",
            "gadgetId": 70010006,
            "pos": {
                "x": 427.206787109375,
                "y": 159.98159790039062,
                "z": 528.4650268554688
            },
            "tranPos": {
                "x": 427.206787109375,
                "y": 159.98159790039062,
                "z": 528.4650268554688
            },
            "unlocked": true,
            "alias": "",
            "OJICGFEJFHF": "",
            "NIIGCOHDBPF": "",
            "size": {
                "x": 40.0,
                "y": 30.0,
                "z": 20.0
            }
        },
        "9": {
            "$type": "GHAENHOMJDL",
            "gadgetId": 70010006,
            "pos": {
                "x": 427.4482116699219,
                "y": 159.12539672851562,
                "z": 525.8541259765625
            },
            "tranPos": {
                "x": 428.6701965332031,
                "y": 158.89981079101562,
                "z": 528.5631713867188
            },
            "unlocked": true,
            "alias": "",
            "OJICGFEJFHF": "",
            "NIIGCOHDBPF": "",
            "size": {
                "x": 25.0,
                "y": 30.0,
                "z": 25.0
            }
        }
    },
    "entities": {
        "1": {
            "$type": "EMBAKBDCMLP",
            "gadgetId": 70010006,
            "pos": {
                "x": 9.396129608154297,
                "y": 182.9344024658203,
                "z": 357.8487854003906
            },
            "tranPos": {
                "x": 23.0,
                "y": 200.0,
                "z": 306.0
            },
            "unlocked": true,
            "alias": "",
            "OJICGFEJFHF": "",
            "NIIGCOHDBPF": "",
            "KBOGLJLDGMC": 200.0,
            "triggerFlag": "DeadRegion",
            "shape": {
                "$type": "NDFENLCJONG",
                "KMPIJPHJAEN": true,
                "height": 10.0,
                "GHAGDAIJFHJ": "Center",
                "width": 200.0,
                "length": 200.0
            },
            "CGADHNOAGIB": ""
        },
        "10": {
            "$type": "EMBAKBDCMLP",
            "gadgetId": 70010006,
            "pos": {
                "x": 515.4099731445312,
                "y": 131.58999633789062,
                "z": 484.79998779296875
            },
            "tranPos": {
                "x": 512.674072265625,
                "y": 142.2030487060547,
                "z": 487.4372863769531
            },
            "unlocked": true,
            "alias": "",
            "OJICGFEJFHF": "",
            "NIIGCOHDBPF": "",
            "triggerFlag": "DeadRegion",
            "shape": {
                "$type": "NDFENLCJONG",
                "KMPIJPHJAEN": true,
                "height": 8.0,
                "GHAGDAIJFHJ": "Center",
                "width": 23.0,
                "length": 23.0
            },
            "CGADHNOAGIB": ""
        },
        "11": {
            "$type": "EMBAKBDCMLP",
            "gadgetId": 70010006,
            "pos": {
                "x": 512.1900024414062,
                "y": 134.72999572753906,
                "z": 484.79998779296875
            },