{
    "EIAKLLDIBOG": {
        "1": {
            "$type": "DungeonQuitPoint",
            "gadgetId": 70120004,
            "pos": {
                "x": 238.73240661621094,
                "y": 96.69522857666016,
                "z": 695.4774169921875
            },
            "rot": {
                "y": 95.21929931640625
            },
            "tranPos": {
                "x": 242.26531982421875,
                "y": 96.0325927734375,
                "z": 689.001708984375
            },
            "alias": "",
            "OKBHIJJFEKD": "",
            "BKAILKIEBDH": "",
            "size": {
                "x": 5.0,
                "y": 5.0,
                "z": 5.0
            }
        }
    }
}