{
    "OKJIDAEFIOD": {
        "1": {
            "$type": "IHPOJHMBEPF",
            "ILIFEDBAGLB": 70010002,
            "ECLBMPMBMLE": {
                "_x": -61.26081085205078,
                "_y": 133.47579956054688,
                "_z": 0.017338240519165993
            },
            "FANCKABFCPH": {
                "_y": 90.0
            },
            "GKOBOKNGMNE": {
                "_x": -368.239990234375,
                "_y": 369.0,
                "_z": 2898.89990234375
            },
            "CPDMGEEENAG": {
                "_y": -18.0
            },
            "NBLDNHLJLIN": true,
            "OGLCIHHLECO": "",
            "EIHBECKFELM": "",
            "NBPLDPOGDAA": "",
            "FHLEHKCJMID": 3,
            "NGPHJOMILAN": "UI_SCENE_ENTRY_EXIT_Csd",
            "DPIPPIKIPMA": {
                "_x": 3.0,
                "_y": 3.0,
                "_z": 3.0
            },
            "NDFGICFJMAE": 24.0
        },
        "10": {
            "$type": "LCCHBOCLBLM",
            "ILIFEDBAGLB": 70010006,
            "ECLBMPMBMLE": {
                "_x": -29.05975914001465,
                "_y": 133.5937957763672,
                "_z": -28.981149673461914
            },
            "FANCKABFCPH": {
                "_y": 223.30169677734375
            },
            "GKOBOKNGMNE": {
                "_x": -29.05975914001465,
                "_y": 133.5937957763672,
                "_z": -28.981149673461914
            },
            "CPDMGEEENAG": {
                "_y": 223.30169677734375
            },
            "OGLCIHHLECO": "",
            "EIHBECKFELM": "",
            "NBPLDPOGDAA": "",
            "PBAAJGJEMNE": 9
        },
        "11": {
            "$type": "BPDFMEHKDPN",
            "ILIFEDBAGLB": 70360001,
            "ECLBMPMBMLE": {
                "_x": -33.487998962402344,
                "_y": 133.95799255371094,
                "_z": -33.426658630371094
            },
            "FANCKABFCPH": {
                "_y": 45.0
            },
            "GKOBOKNGMNE": {
                "_x": -33.487998962402344,
                "_y": 133.95799255371094,
                "_z": -33.426658630371094
            },
            "CPDMGEEENAG": {
                "_y": 45.000003814697266
            },
            "OGLCIHHLECO": "",
            "EIHBECKFELM": "",
            "NBPLDPOGDAA": "",
            "FDLKICBBLBD": "Never",
            "FLBINLKKIAL": "",
            "LELDPEMDMKE": [
                1168
            ],
            "BODOMIDLEIP": {},
            "KDKNEEKBHOC": {
                "_x": 5.0,
                "_y": 5.0,
                "_z": 5.0
            },
            "NGPHJOMILAN": "UI_STC_Intee_DungeonEntry",
            "LOMOLKGDFFL": "UI_Icon_Intee_Talk",
            "GKHLDOHOAAE": true
        },
        "12": {
            "$type": "LCCHBOCLBLM",
            "ILIFEDBAGLB": 70010006,
            "ECLBMPMBMLE": {
                "_x": -8.321573257446289,
                "_y": 128.0438995361328,
                "_z": 0.009262487292289734
            },
            "FANCKABFCPH": {
                "_y": 90.0
            },
            "GKOBOKNGMNE": {
                "_x": -8.321573257446289,
                "_y": 128.0438995361328,
                "_z": 0.009262487292289734
            },
            "CPDMGEEENAG": {
                "_y": 90.0
            },
            "OGLCIHHLECO": "",
            "EIHBECKFELM": "",
            "NBPLDPOGDAA": "",
            "PBAAJGJEMNE": 11
        },
        "13": {
            "$type": "BPDFMEHKDPN",
            "ILIFEDBAGLB": 70360001,
            "ECLBMPMBMLE": {
                "_x": -3.417670965194702,
                "_y": 128.0865936279297,
                "_z": -0.0228855200111866
            },
            "FANCKABFCPH": {
                "_y": 45.0
            },
            "GKOBOKNGMNE": {
                "_x": -3.4176714420318604,
                "_y": 128.0865936279297,
                "_z": -0.0228860005736351
            },
            "CPDMGEEENAG": {
                "_y": 45.000003814697266
            },
            "OGLCIHHLECO": "",
            "EIHBECKFELM": "",
            "NBPLDPOGDAA": "",
            "FDLKICBBLBD": "Never",
            "FLBINLKKIAL": "",
            "LELDPEMDMKE": [
                1170
            ],
            "BODOMIDLEIP": {},
            "KDKNEEKBHOC": {
                "_x": 5.0,
                "_y": 5.0,
                "_z": 5.0
            },
            "NGPHJOMILAN": "UI_DUNGEON_ENTRY_1075_13",
            "LOMOLKGDFFL": "UI_Icon_Intee_Talk",
            "GKHLDOHOAAE": true
        },
        "14": {
            "$type": "LCCHBOCLBLM",
            "ILIFEDBAGLB": 70010006,
            "ECLBMPMBMLE": {
                "_x": -6.606308937072754,
                "_y": 128.0500946044922,
                "_z": 0.03175109997391701
            },
            "FANCKABFCPH": {
                "_y": 90.0
            },
            "GKOBOKNGMNE": {
                "_x": -6.606308937072754,
                "_y": 128.0500946044922,
                "_z": 0.03175109997391701
            },
            "CPDMGEEENAG": {
                "_y": 90.0
            },
            "OGLCIHHLECO": "",
            "EIHBECKFELM": "",
            "NBPLDPOGDAA": "",
            "PBAAJGJEMNE": 13
        },
        "15": {
            "$type": "BPDFMEHKDPN",
            "ILIFEDBAGLB": 70360001,
            "ECLBMPMBMLE": {
                "_x": -33.487998962402344,
                "_y": 133.95799255371094,
                "_z": -33.426658630371094
            },
            "FANCKABFCPH": {
                "_y": 45.0
            },
            "GKOBOKNGMNE": {
                "_x": -33.487998962402344,
                "_y": 133.95799255371094,
                "_z": -33.426658630371094
            },
            "CPDMGEEENAG": {
                "_y": 45.000003814697266
            },
            "OGLCIHHLECO": "",
            "EIHBECKFELM": "",
            "NBPLDPOGDAA": "",
            "FDLKICBBLBD": "Never",
            "FLBINLKKIAL": "",
            "LELDPEMDMKE": [
                1169
            ],
            "BODOMIDLEIP": {},
            "NGPHJOMILAN": "UI_STC_Intee_DungeonEntry",
            "LOMOLKGDFFL": "UI_Icon_Intee_Talk",
            "GKHLDOHOAAE": true
        },
        "16": {
            "$type": "BPDFMEHKDPN",
            "ILIFEDBAGLB": 70360001,
            "ECLBMPMBMLE": {
                "_x": -33.487998962402344,
                "_y": 133.95799255371094,
                "_z": -33.426658630371094
            },
            "FANCKABFCPH": {
                "_y": 45.0
            },
            "GKOBOKNGMNE": {
                "_x": -33.487998962402344,
                "_y": 133.95799255371094,
                "_z": -33.426658630371094
            },
            "CPDMGEEENAG": {
                "_y": 45.000003814697266
            },
            "OGLCIHHLECO": "",
            "EIHBECKFELM": "",
            "NBPLDPOGDAA": "",
            "FDLKICBBLBD": "Never",
            "FLBINLKKIAL": "",
            "LELDPEMDMKE": [
                1171
            ],
            "BODOMIDLEIP": {},
            "NGPHJOMILAN": "UI_STC_Intee_DungeonEntry",
            "LOMOLKGDFFL": "UI_Icon_Intee_Talk",
            "GKHLDOHOAAE": true
        },
        "17": {
            "$type": "BPDFMEHKDPN",
            "ILIFEDBAGLB": 70360001,
            "ECLBMPMBMLE": {
                "_x": -33.487998962402344,
                "_y": 133.95799255371094,
                "_z": -33.426658630371094
            },
            "FANCKABFCPH": {
                "_y": 45.0
            },
            "GKOBOKNGMNE": {
                "_x": -33.487998962402344,
                "_y": 133.95799255371094,
                "_z": -33.426658630371094
            },
            "CPDMGEEENAG": {
                "_y": 45.000003814697266
            },
            "OGLCIHHLECO": "",
            "EIHBECKFELM": "",
            "NBPLDPOGDAA": "",