{
    "FEFNCDLEHGL": {
        "1": {
            "$type": "DungeonQuitPoint",
            "gadgetId": 70120004,
            "pos": {
                "x": -14.203359603881836,
                "y": 12.937760353088379,
                "z": 5.116168975830078
            },
            "rot": {
                "x": 0.6341000199317932,
                "y": 270.1249084472656,
                "z": 0.15770000219345093
            },
            "tranPos": {
                "x": -1.0216922760009766,
                "y": 13.082023620605469,
                "z": 4.493046283721924
            },
            "alias": "",
            "ADNDKHDKAEC": "",
            "BEDBEJAACAH": "",
            "size": {
                "x": 5.0,
                "y": 5.0,
                "z": 5.0
            }
        }
    }
}