{
    "EIAKLLDIBOG": {
        "1": {
            "$type": "PersonalSceneJumpPoint",
            "gadgetId": 70010002,
            "pos": {
                "x": -0.03173923119902611,
                "y": 0.7367246747016907,
                "z": 17.8039608001709
            },
            "rot": {
                "y": 180.0
            },
            "tranPos": {
                "x": -3293.06640625,
                "y": 269.79681396484375,
                "z": -4465.8876953125
            },
            "tranRot": {
                "y": 51.20000076293945
            },
            "unlocked": true,
            "alias": "",
            "OKBHIJJFEKD": "",
            "BKAILKIEBDH": "",
            "tranSceneId": 3,
            "titleTextID": "UI_SCENE_ENTRY_EXIT_TenryuBugyo",
            "triggerSize": {
                "x": 5.0,
                "y": 5.0,
                "z": 5.0
            },
            "closeTime": 24.0
        }
    }
}