{
    "OKJIDAEFIOD": {
        "1": {
            "$type": "NIPJPDIBHHL",
            "ILIFEDBAGLB": 70120004,
            "ECLBMPMBMLE": {
                "_x": 2.2067439431339153e-07,
                "_z": 1.3242199420928955
            },
            "FANCKABFCPH": {
                "_y": 180.0
            },
            "GKOBOKNGMNE": {
                "_x": -0.12527655065059662,
                "_y": 0.7367250919342041,
                "_z": 12.825610160827637
            },
            "OGLCIHHLECO": "",
            "EIHBECKFELM": "",
            "NBPLDPOGDAA": "",
            "KDKNEEKBHOC": {
                "_x": 3.0,
                "_y": 3.0,
                "_z": 3.0
            }
        }
    },
    "HNNNIMLDONJ": {}
}