{
    "OKJIDAEFIOD": {
        "1": {
            "$type": "NIPJPDIBHHL",
            "ILIFEDBAGLB": 70120004,
            "ECLBMPMBMLE": {
                "_x": 547.9871215820312,
                "_y": 18.287660598754883,
                "_z": -257.9739074707031
            },
            "GKOBOKNGMNE": {
                "_x": 547.987060546875,
                "_y": 18.287662506103516,
                "_z": -257.973876953125
            },
            "OGLCIHHLECO": "",
            "EIHBECKFELM": "",
            "NBPLDPOGDAA": "",
            "KDKNEEKBHOC": {
                "_x": 3.0,
                "_y": 3.0,
                "_z": 3.0
            }
        }
    },
    "HNNNIMLDONJ": {}
}