{
    "OKJIDAEFIOD": {
        "1": {
            "$type": "OFEJIHDICIE",
            "ILIFEDBAGLB": 70110002,
            "EKOBOBONPEI": 300,
            "ECLBMPMBMLE": {
                "_x": 1018.260009765625,
                "_y": 1086.43994140625,
                "_z": 900.3800048828125
            },
            "FANCKABFCPH": {
                "_y": 1.7619999647140503
            },
            "GKOBOKNGMNE": {
                "_x": 1021.4306030273438,
                "_y": 1086.553955078125,
                "_z": 895.8396606445312
            },
            "CPDMGEEENAG": {
                "_y": 248.34512329101562
            },
            "OGLCIHHLECO": "",
            "EIHBECKFELM": "",
            "NBPLDPOGDAA": "",
            "FLBINLKKIAL": ""
        },
        "10": {
            "$type": "OFEJIHDICIE",
            "ILIFEDBAGLB": 70110002,
            "EKOBOBONPEI": 300,
            "ECLBMPMBMLE": {
                "_x": 212.56199645996094,
                "_y": 457.4020080566406,
                "_z": 592.655029296875
            },
            "FANCKABFCPH": {
                "_y": 32.262001037597656
            },
            "GKOBOKNGMNE": {
                "_x": 212.2812042236328,
                "_y": 456.8197021484375,
                "_z": 596.971923828125
            },
            "CPDMGEEENAG": {
                "_y": -60.645999908447266
            },
            "OGLCIHHLECO": "",
            "EIHBECKFELM": "",
            "NBPLDPOGDAA": "",
            "FLBINLKKIAL": ""
        },
        "11": {
            "$type": "OFEJIHDICIE",
            "ILIFEDBAGLB": 70110002,
            "EKOBOBONPEI": 300,
            "ECLBMPMBMLE": {
                "_x": 398.02801513671875,
                "_y": 418.4259948730469,
                "_z": 393.46099853515625
            },
            "FANCKABFCPH": {
                "_y": 30.0
            },
            "GKOBOKNGMNE": {
                "_x": 402.1695861816406,
                "_y": 418.8612976074219,
                "_z": 396.2333068847656
            },
            "CPDMGEEENAG": {
                "_y": 28.454999923706055
            },
            "OGLCIHHLECO": "",
            "EIHBECKFELM": "",
            "NBPLDPOGDAA": "",
            "FLBINLKKIAL": ""
        },
        "12": {
            "$type": "OFEJIHDICIE",
            "ILIFEDBAGLB": 70110002,
            "EKOBOBONPEI": 300,
            "ECLBMPMBMLE": {
                "_x": 339.39599609375,
                "_y": 179.26019287109375,
                "_z": 807.4559936523438
            },
            "FANCKABFCPH": {
                "_y": 145.13690185546875
            },
            "GKOBOKNGMNE": {
                "_x": 340.0264587402344,
                "_y": 180.46031188964844,
                "_z": 812.7549438476562
            },
            "CPDMGEEENAG": {
                "_y": 8.051839828491211
            },
            "OGLCIHHLECO": "",
            "EIHBECKFELM": "",
            "NBPLDPOGDAA": "",
            "FLBINLKKIAL": ""
        },
        "13": {
            "$type": "OFEJIHDICIE",
            "ILIFEDBAGLB": 70110002,
            "EKOBOBONPEI": 300,
            "ECLBMPMBMLE": {
                "_x": 508.7619934082031,
                "_y": 97.2030029296875,
                "_z": 1206.7879638671875
            },
            "FANCKABFCPH": {
                "_y": 244.76300048828125
            },
            "GKOBOKNGMNE": {
                "_x": 507.77191162109375,
                "_y": 96.78900146484375,
                "_z": 1213.1109619140625
            },
            "CPDMGEEENAG": {
                "_y": -44.595001220703125
            },
            "OGLCIHHLECO": "",
            "EIHBECKFELM": "",
            "NBPLDPOGDAA": "",
            "FLBINLKKIAL": ""
        },
        "14": {
            "$type": "OFEJIHDICIE",
            "ILIFEDBAGLB": 70110008,
            "EKOBOBONPEI": 300,
            "ECLBMPMBMLE": {
                "_x": 531.7420043945312,
                "_y": 479.57049560546875,
                "_z": 521.9630126953125
            },
            "FANCKABFCPH": {
                "_y": 85.0
            },
            "GKOBOKNGMNE": {
                "_x": 525.9821166992188,
                "_y": 475.4704284667969,
                "_z": 524.8372802734375
            },
            "CPDMGEEENAG": {
                "_y": 280.94000244140625
            },
            "OGLCIHHLECO": "",
            "EIHBECKFELM": "",
            "NBPLDPOGDAA": "",
            "FDLKICBBLBD": "OnUnlocked",
            "FLBINLKKIAL": ""
        },
        "15": {
            "$type": "IIMCDMPHHGK",
            "ILIFEDBAGLB": 70010001,
            "EKOBOBONPEI": 300,
            "ECLBMPMBMLE": {
                "_x": 206.23550415039062,
                "_y": 461.093505859375,
                "_z": 615.0048217773438
            },
            "GKOBOKNGMNE": {
                "_x": 204.0802001953125,
                "_y": 461.0723876953125,
                "_z": 614.4863891601562
            },
            "OGLCIHHLECO": "",
            "EIHBECKFELM": "",
            "NBPLDPOGDAA": "",
            "PEJLNCPIJHP": "LuminanceStoneNPC"
        },
        "16": {
            "$type": "IIMCDMPHHGK",
            "ILIFEDBAGLB": 70010001,
            "EKOBOBONPEI": 300,
            "ECLBMPMBMLE": {
                "_x": 1074.68505859375,
                "_y": 961.40771484375,
                "_z": 684.5313110351562
            },
            "GKOBOKNGMNE": {
                "_x": 1076.43505859375,
                "_y": 961.3753051757812,
                "_z": 681.453125
            },
            "OGLCIHHLECO": "",
            "EIHBECKFELM": "",
            "NBPLDPOGDAA": "",
            "PEJLNCPIJHP": "LuminanceStoneNPC"
        },
        "17": {
            "$type": "OFEJIHDICIE",
            "ILIFEDBAGLB": 70110002,
            "EKOBOBONPEI": 300,
            "ECLBMPMBMLE": {
                "_x": 303.6719970703125,
                "_y": 155.093994140625,
                "_z": 1321.1820068359375
            },
            "FANCKABFCPH": {
                "_y": 349.0
            },
            "GKOBOKNGMNE": {
                "_x": 306.040771484375,
                "_y": 155.07269287109375,
                "_z": 1325.0572509765625
            },
            "CPDMGEEENAG": {
                "_y": 55.23459243774414
            },
            "OGLCIHHLECO": "",
            "EIHBECKFELM": "",
            "NBPLDPOGDAA": "",
            "FLBINLKKIAL": ""
        },
        "18": {
            "$type": "BPDFMEHKDPN",
            "ILIFEDBAGLB": 70360001,
            "EKOBOBONPEI": 300,
            "ECLBMPMBMLE": {
                "_x": 466.90399169921875,
                "_y": 94.81800079345703,
                "_z": 1231.2220458984375
            },
            "GKOBOKNGMNE": {
                "_x": 466.39727783203125,
                "_y": 94.999267578125,
                "_z": 1233.26171875
            },
            "CPDMGEEENAG": {
                "_y": 9.73388671875
            },
            "OGLCIHHLECO": "",
            "EIHBECKFELM": "",
            "NBPLDPOGDAA": "",
            "FDLKICBBLBD": "OnUnlocked",
            "FLBINLKKIAL": "",
            "BODOMIDLEIP": {},
            "KDKNEEKBHOC": {
                "_x": 3.0,
                "_y": 3.0,
                "_z": 3.0
            },
            "NGPHJOMILAN": "UI_ACTIVITY_ROGUEDIARY_DUNGEONENTRY",
            "LOMOLKGDFFL": "UI_Icon_Intee_Talk",
            "KCKMAFPKNOO": "RogueDiary",
            "GKHLDOHOAAE": true
        },
        "19": {
            "$type": "IIMCDMPHHGK",
            "ILIFEDBAGLB": 70800216,
            "EKOBOBONPEI": 300,