{
    "FEFNCDLEHGL": {
        "1": {
            "$type": "SceneTransPoint",
            "gadgetId": 70110002,
            "areaId": 300,
            "pos": {
                "x": 1018.260009765625,
                "y": 1086.43994140625,
                "z": 900.3800048828125
            },
            "rot": {
                "y": 1.7619999647140503
            },
            "tranPos": {
                "x": 1021.4306030273438,
                "y": 1086.553955078125,
                "z": 895.8396606445312
            },
            "tranRot": {
                "y": 248.34512329101562
            },
            "alias": "",
            "ADNDKHDKAEC": "",
            "BEDBEJAACAH": ""
        },
        "10": {
            "$type": "SceneTransPoint",
            "gadgetId": 70110002,
            "areaId": 300,
            "pos": {
                "x": 212.56199645996094,
                "y": 457.4020080566406,
                "z": 592.655029296875
            },
            "rot": {
                "y": 32.262001037597656
            },
            "tranPos": {
                "x": 212.2812042236328,
                "y": 456.8197021484375,
                "z": 596.971923828125
            },
            "tranRot": {
                "y": -60.645999908447266
            },
            "alias": "",
            "ADNDKHDKAEC": "",
            "BEDBEJAACAH": ""
        },
        "11": {
            "$type": "SceneTransPoint",
            "gadgetId": 70110002,
            "areaId": 300,
            "pos": {
                "x": 398.02801513671875,
                "y": 418.4259948730469,
                "z": 393.46099853515625
            },
            "rot": {
                "y": 30.0
            },
            "tranPos": {
                "x": 402.1695861816406,
                "y": 418.8612976074219,
                "z": 396.2333068847656
            },
            "tranRot": {
                "y": 28.454999923706055
            },
            "alias": "",
            "ADNDKHDKAEC": "",
            "BEDBEJAACAH": ""
        },
        "12": {
            "$type": "SceneTransPoint",
            "gadgetId": 70110002,
            "areaId": 300,
            "pos": {
                "x": 339.39599609375,
                "y": 179.26019287109375,
                "z": 807.4559936523438
            },
            "rot": {
                "y": 145.13690185546875
            },
            "tranPos": {
                "x": 340.0264587402344,
                "y": 180.46031188964844,
                "z": 812.7549438476562
            },
            "tranRot": {
                "y": 8.051839828491211
            },
            "alias": "",
            "ADNDKHDKAEC": "",
            "BEDBEJAACAH": ""
        },
        "13": {
            "$type": "SceneTransPoint",
            "gadgetId": 70110002,
            "areaId": 300,
            "pos": {
                "x": 508.7619934082031,
                "y": 97.2030029296875,
                "z": 1206.7879638671875
            },
            "rot": {
                "y": 244.76300048828125
            },
            "tranPos": {
                "x": 507.77191162109375,
                "y": 96.78900146484375,
                "z": 1213.1109619140625
            },
            "tranRot": {
                "y": -44.595001220703125
            },
            "alias": "",
            "ADNDKHDKAEC": "",
            "BEDBEJAACAH": ""
        },
        "14": {
            "$type": "SceneTransPoint",
            "gadgetId": 70110008,
            "areaId": 300,
            "pos": {
                "x": 531.7420043945312,
                "y": 479.57049560546875,
                "z": 521.9630126953125
            },
            "rot": {
                "y": 85.0
            },
            "tranPos": {
                "x": 525.9821166992188,
                "y": 475.4704284667969,
                "z": 524.8372802734375
            },
            "tranRot": {
                "y": 280.94000244140625
            },
            "alias": "",
            "ADNDKHDKAEC": "",
            "BEDBEJAACAH": "",
            "mapVisibility": "OnUnlocked"
        },
        "15": {
            "$type": "SceneBuildingPoint",
            "gadgetId": 70010001,
            "areaId": 300,
            "pos": {
                "x": 206.23550415039062,
                "y": 461.093505859375,
                "z": 615.0048217773438
            },
            "tranPos": {
                "x": 204.0802001953125,
                "y": 461.0723876953125,
                "z": 614.4863891601562
            },
            "alias": "",
            "ADNDKHDKAEC": "",
            "BEDBEJAACAH": "",
            "buildingType": "LuminanceStoneNPC"
        },
        "16": {
            "$type": "SceneBuildingPoint",
            "gadgetId": 70010001,
            "areaId": 300,
            "pos": {
                "x": 1074.68505859375,
                "y": 961.40771484375,
                "z": 684.5313110351562
            },
            "tranPos": {
                "x": 1076.43505859375,
                "y": 961.3753051757812,
                "z": 681.453125
            },
            "alias": "",
            "ADNDKHDKAEC": "",
            "BEDBEJAACAH": "",
            "buildingType": "LuminanceStoneNPC"
        },
        "17": {
            "$type": "SceneTransPoint",
            "gadgetId": 70110002,
            "areaId": 300,
            "pos": {
                "x": 303.6719970703125,
                "y": 155.093994140625,
                "z": 1321.1820068359375
            },
            "rot": {
                "y": 349.0
            },
            "tranPos": {
                "x": 306.040771484375,
                "y": 155.07269287109375,
                "z": 1325.0572509765625
            },
            "tranRot": {
                "y": 55.23459243774414
            },
            "alias": "",
            "ADNDKHDKAEC": "",
            "BEDBEJAACAH": ""
        },
        "18": {
            "$type": "DungeonEntry",
            "gadgetId": 70360001,
            "areaId": 300,
            "pos": {
                "x": 466.90399169921875,
                "y": 94.81800079345703,
                "z": 1231.2220458984375
            },
            "tranPos": {
                "x": 466.39727783203125,
                "y": 94.999267578125,
                "z": 1233.26171875
            },
            "tranRot": {
                "y": 9.73388671875
            },
            "alias": "",
            "ADNDKHDKAEC": "",
            "BEDBEJAACAH": "",
            "mapVisibility": "OnUnlocked",
            "dungeonQuestConditionList": {},
            "size": {
                "x": 3.0,
                "y": 3.0,
                "z": 3.0
            },
            "titleTextID": "UI_ACTIVITY_ROGUEDIARY_DUNGEONENTRY",
            "HEDEIJAKDKM": "UI_Icon_Intee_Talk",
            "dungeonEntryType": "RogueDiary",
            "NLHABCHIMMO": true
        },
        "19": {
            "$type": "SceneBuildingPoint",
            "gadgetId": 70800216,
            "areaId": 300,
            "pos": {
                "x": 360.22589111328125,
                "y": 48.257381439208984,
                "z": 1355.5770263671875
            },
            "rot": {
                "y": 166.10650634765625
            },
            "tranPos": {
                "x": 360.22589111328125,
                "y": 48.257381439208984,
                "z": 1355.5770263671875
            },
            "alias": "",
            "ADNDKHDKAEC": "",
            "BEDBEJAACAH": "",
            "buildingType": "CocoonSpace"
        },
        "2": {
            "$type": "SceneTransPoint",
            "gadgetId": 70110002,
            "areaId": 300,