{
    "NEKGGALFGNE": {
        "1": {
            "$type": "HLNNHPGMKBL",
            "gadgetId": 70120004,
            "pos": {
                "x": 489.4744873046875,
                "y": 144.781005859375,
                "z": 409.33270263671875
            },
            "rot": {
                "y": 341.2831115722656
            },
            "tranPos": {
                "x": 496.20013427734375,
                "y": 145.2281951904297,
                "z": 414.6127014160156
            },
            "alias": "",
            "OJICGFEJFHF": "",
            "NIIGCOHDBPF": "",
            "size": {
                "x": 5.0,
                "y": 5.0,
                "z": 5.0
            }
        },
        "2": {
            "$type": "GHAENHOMJDL",
            "gadgetId": 70010006,
            "pos": {
                "x": 467.0408935546875,
                "y": 142.33079528808594,
                "z": 480.1498107910156
            },
            "rot": {
                "y": 164.49249267578125
            },
            "unlocked": true,
            "alias": "",
            "OJICGFEJFHF": "",
            "NIIGCOHDBPF": "",
            "size": {
                "x": 20.0,
                "y": 20.0,
                "z": 20.0
            }
        }
    },
    "GIFOHNONNCM": {}
}