{
    "OKJIDAEFIOD": {
        "1": {
            "$type": "NIPJPDIBHHL",
            "ILIFEDBAGLB": 70350085,
            "ECLBMPMBMLE": {
                "_x": 60.28144836425781,
                "_y": 55.01913833618164,
                "_z": 138.8784942626953
            },
            "GKOBOKNGMNE": {
                "_x": -8.521085739135742,
                "_y": 1.0,
                "_z": -15.227899551391602
            },
            "NBLDNHLJLIN": true,
            "OGLCIHHLECO": "",
            "EIHBECKFELM": "",
            "NBPLDPOGDAA": "",
            "KDKNEEKBHOC": {
                "_x": 5.0,
                "_y": 5.0,
                "_z": 5.0
            }
        },
        "10": {
            "$type": "MFHOPOBHMHB",
            "ILIFEDBAGLB": 70010006,
            "ECLBMPMBMLE": {
                "_x": 21.310890197753906,
                "_y": 46.03282165527344,
                "_z": 79.12653350830078
            },
            "FANCKABFCPH": {
                "_y": 90.0
            },
            "GKOBOKNGMNE": {
                "_x": 17.165889739990234,
                "_y": 41.62997055053711,
                "_z": 79.12653350830078
            },
            "CPDMGEEENAG": {
                "_y": 90.0
            },
            "NBLDNHLJLIN": true,
            "OGLCIHHLECO": "",
            "EIHBECKFELM": "",
            "NBPLDPOGDAA": "",
            "KDKNEEKBHOC": {
                "_x": 10.0,
                "_y": 10.0,
                "_z": 20.0
            }
        },
        "11": {
            "$type": "JMLCJLEOKLI",
            "ILIFEDBAGLB": 70010006,
            "ECLBMPMBMLE": {
                "_x": 11.348480224609375,
                "_y": 45.701019287109375,
                "_z": 80.32196807861328
            },
            "FANCKABFCPH": {
                "_y": 180.0
            },
            "GKOBOKNGMNE": {
                "_x": 11.416500091552734,
                "_y": 49.2499885559082,
                "_z": 127.956298828125
            },
            "CPDMGEEENAG": {
                "_y": 180.0
            },
            "NBLDNHLJLIN": true,
            "OGLCIHHLECO": "",
            "EIHBECKFELM": "",
            "NBPLDPOGDAA": "",
            "KDKNEEKBHOC": {
                "_x": 26.0,
                "_y": 10.0,
                "_z": 26.0
            }
        },
        "12": {
            "$type": "JMLCJLEOKLI",
            "ILIFEDBAGLB": 70010006,
            "ECLBMPMBMLE": {
                "_x": 60.7923698425293,
                "_y": 46.4876708984375,
                "_z": 40.20586013793945
            },
            "GKOBOKNGMNE": {
                "_x": 60.7923698425293,
                "_y": 41.79136276245117,
                "_z": 40.9370002746582
            },
            "CPDMGEEENAG": {
                "_y": 180.0
            },
            "NBLDNHLJLIN": true,
            "OGLCIHHLECO": "",
            "EIHBECKFELM": "",
            "NBPLDPOGDAA": "",
            "KDKNEEKBHOC": {
                "_x": 20.0,
                "_y": 10.0,
                "_z": 10.0
            }
        },
        "3": {
            "$type": "MFHOPOBHMHB",
            "ILIFEDBAGLB": 70010006,
            "ECLBMPMBMLE": {
                "_x": 11.14052963256836,
                "_y": 41.65530014038086,
                "_z": 90.69304656982422
            },
            "FANCKABFCPH": {
                "_y": 180.0
            },
            "GKOBOKNGMNE": {
                "_x": 11.14052963256836,
                "_y": 41.65530014038086,
                "_z": 90.69304656982422
            },
            "CPDMGEEENAG": {
                "_y": 180.0
            },
            "NBLDNHLJLIN": true,
            "OGLCIHHLECO": "",
            "EIHBECKFELM": "",
            "NBPLDPOGDAA": "",
            "KDKNEEKBHOC": {
                "_x": 15.0,
                "_y": 5.0,
                "_z": 8.0
            }
        },
        "4": {
            "$type": "MFHOPOBHMHB",
            "ILIFEDBAGLB": 70010006,
            "ECLBMPMBMLE": {
                "_x": 60.951351165771484,
                "_y": 41.81616973876953,
                "_z": 40.75801086425781
            },
            "GKOBOKNGMNE": {
                "_x": 60.951351165771484,
                "_y": 41.81616973876953,
                "_z": 40.75801086425781
            },
            "NBLDNHLJLIN": true,
            "OGLCIHHLECO": "",
            "EIHBECKFELM": "",
            "NBPLDPOGDAA": "",
            "KDKNEEKBHOC": {
                "_x": 15.0,
                "_y": 5.0,
                "_z": 10.0
            }
        },
        "5": {
            "$type": "JMLCJLEOKLI",
            "ILIFEDBAGLB": 70010006,
            "ECLBMPMBMLE": {
                "_x": 11.416500091552734,
                "_y": 49.2499885559082,
                "_z": 127.956298828125
            },
            "FANCKABFCPH": {
                "_y": 180.0
            },
            "GKOBOKNGMNE": {
                "_x": 11.416500091552734,
                "_y": 49.2499885559082,
                "_z": 127.956298828125
            },
            "CPDMGEEENAG": {
                "_y": 180.0
            },
            "NBLDNHLJLIN": true,
            "OGLCIHHLECO": "",
            "EIHBECKFELM": "",
            "NBPLDPOGDAA": "",
            "KDKNEEKBHOC": {
                "_x": 30.0,
                "_y": 20.0,
                "_z": 30.0
            }
        },
        "7": {
            "$type": "MFHOPOBHMHB",
            "ILIFEDBAGLB": 70010006,
            "ECLBMPMBMLE": {
                "_x": 12.617879867553711,
                "_y": 51.03327941894531,
                "_z": 115.97229766845703
            },
            "FANCKABFCPH": {
                "_y": 180.0
            },
            "GKOBOKNGMNE": {
                "_x": 12.617877006530762,
                "_y": 49.151588439941406,
                "_z": 120.76490020751953
            },
            "CPDMGEEENAG": {
                "_y": 180.0
            },
            "NBLDNHLJLIN": true,
            "OGLCIHHLECO": "",
            "EIHBECKFELM": "",
            "NBPLDPOGDAA": "",
            "KDKNEEKBHOC": {
                "_x": 15.0,
                "_y": 5.0,
                "_z": 8.0
            }
        }
    },
    "LHHAHFPKBCM": {
        "1": {
            "$type": "AMEIDNAJKIJ",
            "ILIFEDBAGLB": 70010006,
            "ECLBMPMBMLE": {
                "_x": 41.558589935302734,
                "_y": 34.46575927734375,
                "_z": 120.06449890136719
            },
            "GKOBOKNGMNE": {
                "_x": -0.3463723659515381,
                "_y": 41.58131790161133,
                "_z": 71.09977722167969
            },
            "NBLDNHLJLIN": true,
            "OGLCIHHLECO": "",
            "EIHBECKFELM": "",
            "NBPLDPOGDAA": "",
            "NPLFHDBONNK": "DeadRegion",
            "MCNOGNBMIDN": {
                "$type": "LLNPBLICDHC",
                "GKIBEHOFNBF": true,
                "BJFNPGBKPHH": 1.0,
                "PGAJCDACFCA": "Center",
                "IJDCDHPEIEK": 100.0,
                "KMCIHHPLFHL": 100.0
            },
            "LEPALCGBCKG": ""
        },
        "2": {
            "$type": "AMEIDNAJKIJ",
            "ILIFEDBAGLB": 70010006,
            "ECLBMPMBMLE": {
                "_x": 41.558589935302734,
                "_y": 34.46575927734375,
                "_z": 32.47214126586914
            },
            "GKOBOKNGMNE": {
                "_x": 11.715622901916504,
                "_y": 41.61128234863281,
                "_z": 72.06533813476562
            },
            "NBLDNHLJLIN": true,
            "OGLCIHHLECO": "",
            "EIHBECKFELM": "",