{
    "OKJIDAEFIOD": {
        "1": {
            "$type": "NIPJPDIBHHL",
            "ILIFEDBAGLB": 70120004,
            "ECLBMPMBMLE": {
                "_x": 238.73240661621094,
                "_y": 96.69522857666016,
                "_z": 695.4774169921875
            },
            "FANCKABFCPH": {
                "_y": 95.21929931640625
            },
            "GKOBOKNGMNE": {
                "_x": 242.26531982421875,
                "_y": 96.0325927734375,
                "_z": 689.001708984375
            },
            "OGLCIHHLECO": "",
            "EIHBECKFELM": "",
            "NBPLDPOGDAA": "",
            "KDKNEEKBHOC": {
                "_x": 5.0,
                "_y": 5.0,
                "_z": 5.0
            }
        }
    },
    "HNNNIMLDONJ": {}
}