{
    "OKJIDAEFIOD": {
        "1": {
            "$type": "IHPOJHMBEPF",
            "ILIFEDBAGLB": 70010002,
            "ECLBMPMBMLE": {
                "_x": 97.63878631591797,
                "_y": 5.556393146514893,
                "_z": 0.5123109221458435
            },
            "FANCKABFCPH": {
                "_y": 266.6000061035156
            },
            "GKOBOKNGMNE": {
                "_x": -385.5279235839844,
                "_y": 281.4631042480469,
                "_z": 2838.741455078125
            },
            "CPDMGEEENAG": {
                "_y": 190.0
            },
            "NBLDNHLJLIN": true,
            "OGLCIHHLECO": "",
            "EIHBECKFELM": "",
            "NBPLDPOGDAA": "",
            "FHLEHKCJMID": 3,
            "NGPHJOMILAN": "UI_SCENE_ENTRY_EXIT_Biglibrary",
            "DPIPPIKIPMA": {
                "_x": 4.0,
                "_y": 4.0,
                "_z": 4.0
            },
            "NDFGICFJMAE": 24.0
        }
    },
    "HNNNIMLDONJ": {}
}