{
    "EIAKLLDIBOG": {
        "1": {
            "$type": "DungeonQuitPoint",
            "gadgetId": 70120004,
            "pos": {
                "x": 68.47267150878906,
                "y": 76.9609375,
                "z": -81.0444107055664
            },
            "tranPos": {
                "x": 68.47267150878906,
                "y": 76.9609375,
                "z": -81.0444107055664
            },
            "alias": "",
            "OKBHIJJFEKD": "",
            "BKAILKIEBDH": "",
            "size": {
                "x": 3.0,
                "y": 3.0,
                "z": 3.0
            }
        }
    }
}