{
    "OKJIDAEFIOD": {
        "1": {
            "$type": "NIPJPDIBHHL",
            "ILIFEDBAGLB": 70120004,
            "ECLBMPMBMLE": {
                "_x": 1578.498046875,
                "_y": -5.9604641222676946e-08,
                "_z": 2563.7490234375
            },
            "GKOBOKNGMNE": {
                "_x": 1486.9423828125,
                "_y": -2.2888188766501116e-07,
                "_z": 2531.922607421875
            },
            "NBLDNHLJLIN": true,
            "OGLCIHHLECO": "",
            "EIHBECKFELM": "",
            "NBPLDPOGDAA": "",
            "KDKNEEKBHOC": {
                "_x": 3.0,
                "_y": 3.0,
                "_z": 3.0
            }
        }
    },
    "HNNNIMLDONJ": {}
}