{
    "OKJIDAEFIOD": {
        "1": {
            "$type": "NIPJPDIBHHL",
            "ILIFEDBAGLB": 70120004,
            "ECLBMPMBMLE": {
                "_x": -67.47567749023438,
                "_y": 279.6485900878906,
                "_z": -181.54649353027344
            },
            "GKOBOKNGMNE": {
                "_x": -67.47567749023438,
                "_y": 279.6485900878906,
                "_z": -182.5861053466797
            },
            "OGLCIHHLECO": "",
            "EIHBECKFELM": "",
            "NBPLDPOGDAA": "",
            "KDKNEEKBHOC": {
                "_x": 5.0,
                "_y": 5.0,
                "_z": 5.0
            }
        }
    },
    "HNNNIMLDONJ": {}
}