{
    "OKJIDAEFIOD": {
        "2": {
            "$type": "NIPJPDIBHHL",
            "ILIFEDBAGLB": 70120004,
            "ECLBMPMBMLE": {
                "_x": -76.44441223144531,
                "_y": 279.61151123046875,
                "_z": -193.1085968017578
            },
            "FANCKABFCPH": {
                "_y": 40.48540115356445
            },
            "NBLDNHLJLIN": true,
            "OGLCIHHLECO": "",
            "EIHBECKFELM": "",
            "NBPLDPOGDAA": "",
            "KDKNEEKBHOC": {
                "_x": 3.0,
                "_y": 3.0,
                "_z": 3.0
            }
        },
        "3": {
            "$type": "JMLCJLEOKLI",
            "ILIFEDBAGLB": 70010006,
            "ECLBMPMBMLE": {
                "_x": 12.184880256652832,
                "_y": 246.10000610351562,
                "_z": -36.660789489746094
            },
            "FANCKABFCPH": {
                "_y": 111.46869659423828
            },
            "NBLDNHLJLIN": true,
            "OGLCIHHLECO": "",
            "EIHBECKFELM": "",
            "NBPLDPOGDAA": "",
            "KDKNEEKBHOC": {
                "_x": 50.0,
                "_y": 50.0,
                "_z": 50.0
            }
        },
        "4": {
            "$type": "JMLCJLEOKLI",
            "ILIFEDBAGLB": 70010006,
            "ECLBMPMBMLE": {
                "_x": -23.00493049621582,
                "_y": 246.13560485839844,
                "_z": -56.567710876464844
            },
            "FANCKABFCPH": {
                "_y": 212.98300170898438
            },
            "NBLDNHLJLIN": true,
            "OGLCIHHLECO": "",
            "EIHBECKFELM": "",
            "NBPLDPOGDAA": "",
            "KDKNEEKBHOC": {
                "_x": 50.0,
                "_y": 50.0,
                "_z": 50.0
            }
        },
        "5": {
            "$type": "JMLCJLEOKLI",
            "ILIFEDBAGLB": 70010006,
            "ECLBMPMBMLE": {
                "_x": -43.37117004394531,
                "_y": 276.6767883300781,
                "_z": -151.4506072998047
            },
            "FANCKABFCPH": {
                "_y": 214.8175048828125
            },
            "NBLDNHLJLIN": true,
            "OGLCIHHLECO": "",
            "EIHBECKFELM": "",
            "NBPLDPOGDAA": "",
            "KDKNEEKBHOC": {
                "_x": 30.0,
                "_y": 30.0,
                "_z": 30.0
            }
        }
    },
    "HNNNIMLDONJ": {}
}