{
    "OKJIDAEFIOD": {
        "1": {
            "$type": "NIPJPDIBHHL",
            "ILIFEDBAGLB": 70010001,
            "ECLBMPMBMLE": {
                "_x": 79.40495300292969,
                "_y": 18.522109985351562,
                "_z": 650.5125732421875
            },
            "GKOBOKNGMNE": {
                "_x": 79.99976348876953,
                "_y": 0.04999879002571106,
                "_z": 700.0001831054688
            },
            "OGLCIHHLECO": "",
            "EIHBECKFELM": "",
            "NBPLDPOGDAA": "",
            "KDKNEEKBHOC": {
                "_x": 5.0,
                "_y": 5.0,
                "_z": 5.0
            }
        }
    },
    "HNNNIMLDONJ": {}
}