{
    "OKJIDAEFIOD": {
        "1": {
            "$type": "NIPJPDIBHHL",
            "ILIFEDBAGLB": 70120004,
            "ECLBMPMBMLE": {
                "_x": -122.78130340576172,
                "_y": 11.140000343322754,
                "_z": -64.88086700439453
            },
            "FANCKABFCPH": {
                "_y": 90.0
            },
            "GKOBOKNGMNE": {
                "_x": -60.53126525878906,
                "_y": 11.140000343322754,
                "_z": -5.486968994140625
            },
            "OGLCIHHLECO": "",
            "EIHBECKFELM": "",
            "NBPLDPOGDAA": "",
            "KDKNEEKBHOC": {
                "_x": 5.0,
                "_y": 5.0,
                "_z": 5.0
            }
        }
    },
    "HNNNIMLDONJ": {}
}