{
    "OKJIDAEFIOD": {
        "1": {
            "$type": "NIPJPDIBHHL",
            "ILIFEDBAGLB": 70120004,
            "ECLBMPMBMLE": {
                "_x": 59.65470886230469,
                "_y": 0.7850000858306885,
                "_z": 99.9548568725586
            },
            "GKOBOKNGMNE": {
                "_x": 51.759307861328125,
                "_y": 0.7850000858306885,
                "_z": 99.9548568725586
            },
            "OGLCIHHLECO": "",
            "EIHBECKFELM": "",
            "NBPLDPOGDAA": ""
        },
        "2": {
            "$type": "JMLCJLEOKLI",
            "ILIFEDBAGLB": 70010006,
            "ECLBMPMBMLE": {
                "_x": 150.63800048828125,
                "_y": 4.77873420715332,
                "_z": 49.61717987060547
            },
            "FANCKABFCPH": {
                "_y": 98.37000274658203
            },
            "GKOBOKNGMNE": {
                "_x": 150.63800048828125,
                "_y": 4.77873420715332,
                "_z": 49.61717987060547
            },
            "CPDMGEEENAG": {
                "_y": 98.36995697021484
            },
            "OGLCIHHLECO": "",
            "EIHBECKFELM": "",
            "NBPLDPOGDAA": "",
            "KDKNEEKBHOC": {
                "_x": 10.0,
                "_y": 10.0,
                "_z": 15.0
            }
        },
        "3": {
            "$type": "MFHOPOBHMHB",
            "ILIFEDBAGLB": 70010006,
            "ECLBMPMBMLE": {
                "_x": 150.63800048828125,
                "_y": 4.77873420715332,
                "_z": 49.61717987060547
            },
            "FANCKABFCPH": {
                "_y": 98.37000274658203
            },
            "GKOBOKNGMNE": {
                "_x": 59.91386032104492,
                "_y": 0.718980610370636,
                "_z": 100.70539855957031
            },
            "CPDMGEEENAG": {
                "_y": 98.36995697021484
            },
            "OGLCIHHLECO": "",
            "EIHBECKFELM": "",
            "NBPLDPOGDAA": "",
            "KDKNEEKBHOC": {
                "_x": 10.0,
                "_y": 10.0,
                "_z": 15.0
            }
        },
        "4": {
            "$type": "JMLCJLEOKLI",
            "ILIFEDBAGLB": 70010006,
            "ECLBMPMBMLE": {
                "_x": 82.79601287841797,
                "_y": 4.789000034332275,
                "_z": 48.249610900878906
            },
            "FANCKABFCPH": {
                "_y": 98.37000274658203
            },
            "GKOBOKNGMNE": {
                "_x": 82.79600524902344,
                "_y": 4.789000034332275,
                "_z": 48.249610900878906
            },
            "CPDMGEEENAG": {
                "_y": 98.36995697021484
            },
            "OGLCIHHLECO": "",
            "EIHBECKFELM": "",
            "NBPLDPOGDAA": "",
            "KDKNEEKBHOC": {
                "_x": 20.0,
                "_y": 10.0,
                "_z": 25.0
            }
        },
        "5": {
            "$type": "MFHOPOBHMHB",
            "ILIFEDBAGLB": 70010006,
            "ECLBMPMBMLE": {
                "_x": 82.79601287841797,
                "_y": 4.789000034332275,
                "_z": 48.249610900878906
            },
            "FANCKABFCPH": {
                "_y": 98.37000274658203
            },
            "GKOBOKNGMNE": {
                "_x": 59.91386032104492,
                "_y": 0.718980610370636,
                "_z": 100.70539855957031
            },
            "CPDMGEEENAG": {
                "_y": 98.36995697021484
            },
            "OGLCIHHLECO": "",
            "EIHBECKFELM": "",
            "NBPLDPOGDAA": "",
            "KDKNEEKBHOC": {
                "_x": 20.0,
                "_y": 10.0,
                "_z": 25.0
            }
        },
        "6": {
            "$type": "JMLCJLEOKLI",
            "ILIFEDBAGLB": 70010006,
            "ECLBMPMBMLE": {
                "_x": 59.91386032104492,
                "_y": 0.718980610370636,
                "_z": 100.70539855957031
            },
            "FANCKABFCPH": {
                "_y": 98.37000274658203
            },
            "GKOBOKNGMNE": {
                "_x": 59.91386032104492,
                "_y": 0.718980610370636,
                "_z": 100.70539855957031
            },
            "CPDMGEEENAG": {
                "_y": 98.37000274658203
            },
            "OGLCIHHLECO": "",
            "EIHBECKFELM": "",
            "NBPLDPOGDAA": "",
            "KDKNEEKBHOC": {
                "_x": 20.0,
                "_y": 10.0,
                "_z": 25.0
            }
        }
    },
    "LHHAHFPKBCM": {
        "2": {
            "$type": "AMEIDNAJKIJ",
            "ILIFEDBAGLB": 70010006,
            "ECLBMPMBMLE": {
                "_x": 135.41929626464844,
                "_y": -62.34701156616211,
                "_z": 13.433670043945312
            },
            "GKOBOKNGMNE": {
                "_x": 96.98751831054688,
                "_y": 13.75490951538086,
                "_z": -8.271173477172852
            },
            "NBLDNHLJLIN": true,
            "OGLCIHHLECO": "",
            "EIHBECKFELM": "",
            "NBPLDPOGDAA": "",
            "PPHNNDLJOEG": 400.0,
            "NPLFHDBONNK": "DeadRegion",
            "MCNOGNBMIDN": {
                "$type": "LLNPBLICDHC",
                "GKIBEHOFNBF": true,
                "BJFNPGBKPHH": 20.0,
                "PGAJCDACFCA": "Center",
                "IJDCDHPEIEK": 500.0,
                "KMCIHHPLFHL": 500.0
            },
            "LEPALCGBCKG": ""
        },
        "3": {
            "$type": "AMEIDNAJKIJ",
            "ILIFEDBAGLB": 70010006,
            "ECLBMPMBMLE": {
                "_x": 135.41929626464844,
                "_y": -11.801719665527344,
                "_z": -28.666080474853516
            },
            "GKOBOKNGMNE": {
                "_x": 96.98751831054688,
                "_y": 13.75490951538086,
                "_z": -8.271173477172852
            },
            "NBLDNHLJLIN": true,
            "OGLCIHHLECO": "",
            "EIHBECKFELM": "",
            "NBPLDPOGDAA": "",
            "PPHNNDLJOEG": 300.0,
            "NPLFHDBONNK": "DeadRegion",
            "MCNOGNBMIDN": {
                "$type": "LLNPBLICDHC",
                "GKIBEHOFNBF": true,
                "BJFNPGBKPHH": 100.0,
                "PGAJCDACFCA": "Center",
                "IJDCDHPEIEK": 500.0,
                "KMCIHHPLFHL": 20.0
            },
            "LEPALCGBCKG": ""
        },
        "4": {
            "$type": "AMEIDNAJKIJ",
            "ILIFEDBAGLB": 70010006,
            "ECLBMPMBMLE": {
                "_x": 223.26519775390625,
                "_y": -11.801719665527344,
                "_z": 60.41078186035156
            },
            "GKOBOKNGMNE": {
                "_x": 96.98751831054688,
                "_y": 13.75490951538086,
                "_z": -8.271173477172852
            },
            "NBLDNHLJLIN": true,
            "OGLCIHHLECO": "",
            "EIHBECKFELM": "",
            "NBPLDPOGDAA": "",
            "PPHNNDLJOEG": 300.0,
            "NPLFHDBONNK": "DeadRegion",
            "MCNOGNBMIDN": {
                "$type": "LLNPBLICDHC",
                "GKIBEHOFNBF": true,
                "BJFNPGBKPHH": 100.0,
                "PGAJCDACFCA": "Center",
                "IJDCDHPEIEK": 20.0,
                "KMCIHHPLFHL": 200.0
            },
            "LEPALCGBCKG": ""
        },
        "5": {
            "$type": "AMEIDNAJKIJ",
            "ILIFEDBAGLB": 70010006,
            "ECLBMPMBMLE": {
                "_x": 135.41929626464844,
                "_y": -11.801719665527344,
                "_z": 135.09109497070312
            },
            "GKOBOKNGMNE": {
                "_x": 96.98751831054688,
                "_y": 13.75490951538086,
                "_z": -8.271173477172852
            },
            "NBLDNHLJLIN": true,
            "OGLCIHHLECO": "",