{
    "EIAKLLDIBOG": {
        "1": {
            "$type": "DungeonQuitPoint",
            "gadgetId": 70120004,
            "pos": {
                "x": 547.9871215820312,
                "y": 18.287660598754883,
                "z": -257.9739074707031
            },
            "tranPos": {
                "x": 547.987060546875,
                "y": 18.287662506103516,
                "z": -257.973876953125
            },
            "alias": "",
            "OKBHIJJFEKD": "",
            "BKAILKIEBDH": "",
            "size": {
                "x": 3.0,
                "y": 3.0,
                "z": 3.0
            }
        }
    }
}