{
    "OKJIDAEFIOD": {
        "1": {
            "$type": "NIPJPDIBHHL",
            "ILIFEDBAGLB": 70120004,
            "ECLBMPMBMLE": {
                "_x": -115.1134033203125,
                "_y": 127.49700164794922,
                "_z": -151.19309997558594
            },
            "GKOBOKNGMNE": {
                "_x": -115.11344146728516,
                "_y": 127.49703979492188,
                "_z": -151.19314575195312
            },
            "OGLCIHHLECO": "",
            "EIHBECKFELM": "",
            "NBPLDPOGDAA": "",
            "KDKNEEKBHOC": {
                "_x": 5.0,
                "_y": 5.0,
                "_z": 5.0
            }
        }
    },
    "HNNNIMLDONJ": {}
}