{
    "FEFNCDLEHGL": {
        "1": {
            "$type": "DungeonQuitPoint",
            "gadgetId": 70120004,
            "pos": {
                "x": 387.43170166015625,
                "y": 65.42166137695312,
                "z": 433.6841125488281
            },
            "tranPos": {
                "x": 387.4317321777344,
                "y": 65.42166137695312,
                "z": 432.9729919433594
            },
            "unlocked": true,
            "alias": "",
            "ADNDKHDKAEC": "",
            "BEDBEJAACAH": "",
            "size": {
                "x": 3.0,
                "y": 3.0,
                "z": 3.0
            }
        },
        "2": {
            "$type": "DungeonWayPoint",
            "gadgetId": 70010006,
            "pos": {
                "x": 266.97711181640625,
                "y": 33.06208038330078,
                "z": 369.9142150878906
            },
            "tranPos": {
                "x": 266.9770812988281,
                "y": 33.06208038330078,
                "z": 369.9142150878906
            },
            "unlocked": true,
            "alias": "",
            "ADNDKHDKAEC": "",
            "BEDBEJAACAH": "",
            "size": {
                "x": 30.0,
                "y": 25.0,
                "z": 20.0
            }
        },
        "3": {
            "$type": "DungeonWayPoint",
            "gadgetId": 70010006,
            "pos": {
                "x": 201.25100708007812,
                "y": 32.95207977294922,
                "z": 514.0548706054688
            },
            "rot": {
                "y": 90.0
            },
            "tranPos": {
                "x": 201.25100708007812,
                "y": 32.95207977294922,
                "z": 514.0548706054688
            },
            "unlocked": true,
            "alias": "",
            "ADNDKHDKAEC": "",
            "BEDBEJAACAH": "",
            "size": {
                "x": 30.0,
                "y": 25.0,
                "z": 30.0
            }
        },
        "4": {
            "$type": "DungeonWayPoint",
            "gadgetId": 70010006,
            "pos": {
                "x": 326.2637939453125,
                "y": 42.0,
                "z": 513.5546875
            },
            "rot": {
                "y": 90.0
            },
            "tranPos": {
                "x": 326.2637939453125,
                "y": 42.0,
                "z": 513.5546875
            },
            "tranRot": {
                "y": 90.0
            },
            "unlocked": true,
            "alias": "",
            "ADNDKHDKAEC": "",
            "BEDBEJAACAH": "",
            "size": {
                "x": 40.0,
                "y": 40.0,
                "z": 40.0
            }
        },
        "5": {
            "$type": "DungeonWayPoint",
            "gadgetId": 70010006,
            "pos": {
                "x": 427.1600036621094,
                "y": 68.68749237060547,
                "z": 513.5546875
            },
            "rot": {
                "y": 90.0
            },
            "tranPos": {
                "x": 427.1600036621094,
                "y": 68.68749237060547,
                "z": 513.5546875
            },
            "tranRot": {
                "y": 90.0
            },
            "unlocked": true,
            "alias": "",
            "ADNDKHDKAEC": "",
            "BEDBEJAACAH": "",
            "size": {
                "x": 25.0,
                "y": 10.0,
                "z": 25.0
            }
        }
    },
    "entities": {
        "1": {
            "$type": "ConfigLocalTrigger",
            "gadgetId": 70010006,
            "pos": {
                "x": 267.28399658203125,
                "y": 19.427059173583984,
                "z": 342.298095703125
            },
            "unlocked": true,
            "alias": "",
            "ADNDKHDKAEC": "",
            "BEDBEJAACAH": "",
            "triggerFlag": "DeadRegion",
            "shape": {
                "$type": "ConfigShapeRect",
                "useHeight": true,
                "height": 15.0,
                "centerType": "Center",
                "width": 35.0,
                "length": 120.0
            },
            "stringParam": ""
        },
        "2": {
            "$type": "ConfigLocalTrigger",
            "gadgetId": 70010006,
            "pos": {
                "x": 363.65618896484375,
                "y": 28.885299682617188,
                "z": 513.1234130859375
            },
            "unlocked": true,
            "alias": "",
            "ADNDKHDKAEC": "",
            "BEDBEJAACAH": "",
            "triggerFlag": "DeadRegion",
            "shape": {
                "$type": "ConfigShapeRect",
                "useHeight": true,
                "height": 15.0,
                "centerType": "Center",
                "width": 90.0,
                "length": 120.0
            },
            "stringParam": ""
        }
    }
}