{
    "OKJIDAEFIOD": {
        "1": {
            "$type": "JMLCJLEOKLI",
            "ILIFEDBAGLB": 70010006,
            "ECLBMPMBMLE": {
                "_x": 192.44039916992188,
                "_y": 187.56900024414062,
                "_z": 631.3958740234375
            },
            "FANCKABFCPH": {
                "_y": 66.01412963867188
            },
            "GKOBOKNGMNE": {
                "_x": 192.44039916992188,
                "_y": 187.56900024414062,
                "_z": 631.3958740234375
            },
            "CPDMGEEENAG": {
                "_y": 66.01412963867188
            },
            "OGLCIHHLECO": "",
            "EIHBECKFELM": "",
            "NBPLDPOGDAA": "",
            "KDKNEEKBHOC": {
                "_x": 20.0,
                "_y": 20.0,
                "_z": 20.0
            }
        },
        "2": {
            "$type": "JMLCJLEOKLI",
            "ILIFEDBAGLB": 70010006,
            "ECLBMPMBMLE": {
                "_x": 205.55999755859375,
                "_y": 189.427001953125,
                "_z": 591.9572143554688
            },
            "FANCKABFCPH": {
                "_y": 203.32080078125
            },
            "GKOBOKNGMNE": {
                "_x": 205.5590057373047,
                "_y": 188.80014038085938,
                "_z": 591.9688720703125
            },
            "CPDMGEEENAG": {
                "_y": 203.32080078125
            },
            "OGLCIHHLECO": "",
            "EIHBECKFELM": "",
            "NBPLDPOGDAA": "",
            "KDKNEEKBHOC": {
                "_x": 20.0,
                "_y": 20.0,
                "_z": 20.0
            }
        },
        "3": {
            "$type": "JMLCJLEOKLI",
            "ILIFEDBAGLB": 70010006,
            "ECLBMPMBMLE": {
                "_x": 286.8004150390625,
                "_y": 220.69119262695312,
                "_z": 559.6179809570312
            },
            "FANCKABFCPH": {
                "_y": 339.6853942871094
            },
            "GKOBOKNGMNE": {
                "_x": 286.80035400390625,
                "_y": 220.69117736816406,
                "_z": 559.6179809570312
            },
            "CPDMGEEENAG": {
                "_y": 339.6853942871094
            },
            "OGLCIHHLECO": "",
            "EIHBECKFELM": "",
            "NBPLDPOGDAA": "",
            "KDKNEEKBHOC": {
                "_x": 20.0,
                "_y": 20.0,
                "_z": 20.0
            }
        },
        "4": {
            "$type": "JMLCJLEOKLI",
            "ILIFEDBAGLB": 70010006,
            "ECLBMPMBMLE": {
                "_x": 250.281494140625,
                "_y": 214.30599975585938,
                "_z": 635.5999755859375
            },
            "FANCKABFCPH": {
                "_y": 215.84539794921875
            },
            "GKOBOKNGMNE": {
                "_x": 250.281494140625,
                "_y": 214.30599975585938,
                "_z": 635.5999755859375
            },
            "CPDMGEEENAG": {
                "_y": 215.84539794921875
            },
            "OGLCIHHLECO": "",
            "EIHBECKFELM": "",
            "NBPLDPOGDAA": "",
            "KDKNEEKBHOC": {
                "_x": 20.0,
                "_y": 20.0,
                "_z": 20.0
            }
        }
    },
    "HNNNIMLDONJ": {}
}