{
    "NAFEKMENODO": {
        "1": {
            "$type": "EEALIHOHGHO",
            "type": "TOWER",
            "gadgetId": 70120004,
            "pos": {
                "x": -17.390670776367188,
                "y": 119.03810119628906,
                "z": 98.47406005859375
            },
            "tranPos": {
                "x": -17.390674591064453,
                "y": 119.0380859375,
                "z": 98.47406005859375
            },
            "alias": "",
            "FOGDFAPNFKB": "",
            "FMDFPCLHCKJ": "",
            "size": {
                "x": 3.0,
                "y": 3.0,
                "z": 3.0
            }
        }
    }
}