{
    "OKJIDAEFIOD": {
        "1": {
            "$type": "NIPJPDIBHHL",
            "ILIFEDBAGLB": 70120004,
            "ECLBMPMBMLE": {
                "_x": 3.6942930221557617,
                "_y": 3.7670578956604004,
                "_z": 28.226350784301758
            },
            "GKOBOKNGMNE": {
                "_x": 3.6942925453186035,
                "_y": 3.7670583724975586,
                "_z": 28.226348876953125
            },
            "OGLCIHHLECO": "",
            "EIHBECKFELM": "",
            "NBPLDPOGDAA": "",
            "KDKNEEKBHOC": {
                "_x": 5.0,
                "_y": 5.0,
                "_z": 5.0
            }
        }
    },
    "HNNNIMLDONJ": {}
}