{
    "EIAKLLDIBOG": {
        "1": {
            "$type": "DungeonQuitPoint",
            "gadgetId": 70120004,
            "pos": {
                "x": 341.881103515625,
                "y": 154.8105010986328,
                "z": 364.8503112792969
            },
            "rot": {
                "y": 90.0
            },
            "tranPos": {
                "x": 311.1571960449219,
                "y": 154.8105010986328,
                "z": 363.9762878417969
            },
            "alias": "",
            "OKBHIJJFEKD": "",
            "BKAILKIEBDH": "",
            "size": {
                "x": 5.0,
                "y": 5.0,
                "z": 5.0
            }
        }
    }
}