{
    "FEFNCDLEHGL": {
        "1": {
            "$type": "DungeonQuitPoint",
            "gadgetId": 70120004,
            "pos": {
                "x": 20.979049682617188,
                "y": 1.8599989414215088,
                "z": 52.269901275634766
            },
            "tranPos": {
                "x": 20.979045867919922,
                "y": 1.859999418258667,
                "z": 52.269901275634766
            },
            "alias": "",
            "ADNDKHDKAEC": "",
            "BEDBEJAACAH": "",
            "size": {
                "x": 5.0,
                "y": 5.0,
                "z": 5.0
            }
        }
    }
}