{
    "OKJIDAEFIOD": {
        "1": {
            "$type": "IHPOJHMBEPF",
            "ILIFEDBAGLB": 70010002,
            "EKOBOBONPEI": 3,
            "ECLBMPMBMLE": {
                "_x": 3.5562459288485115e-07,
                "_y": 0.0067346650175750256,
                "_z": 4.340681076049805
            },
            "FANCKABFCPH": {
                "_y": 180.0
            },
            "GKOBOKNGMNE": {
                "_x": 1769.614990234375,
                "_y": 221.86300659179688,
                "_z": -398.20001220703125
            },
            "CPDMGEEENAG": {
                "_y": 28.0
            },
            "NBLDNHLJLIN": true,
            "OGLCIHHLECO": "",
            "EIHBECKFELM": "",
            "NBPLDPOGDAA": "",
            "FHLEHKCJMID": 3,
            "NGPHJOMILAN": "UI_SCENE_ENTRY_EXIT_CHATEAU",
            "DPIPPIKIPMA": {
                "_x": 3.0,
                "_y": 3.0,
                "_z": 3.0
            },
            "NDFGICFJMAE": 24.0
        }
    },
    "HNNNIMLDONJ": {}
}