{
    "FEFNCDLEHGL": {
        "1": {
            "$type": "DungeonQuitPoint",
            "gadgetId": 70120004,
            "pos": {
                "x": -63.96195983886719,
                "y": 29.399999618530273,
                "z": 107.33319854736328
            },
            "rot": {
                "y": 330.322998046875
            },
            "unlocked": true,
            "alias": "",
            "ADNDKHDKAEC": "",
            "BEDBEJAACAH": "",
            "size": {
                "x": 5.0,
                "y": 5.0,
                "z": 5.0
            }
        }
    }
}