{
    "OKJIDAEFIOD": {
        "1": {
            "$type": "NIPJPDIBHHL",
            "ILIFEDBAGLB": 70120004,
            "ECLBMPMBMLE": {
                "_x": 489.4744873046875,
                "_y": 144.781005859375,
                "_z": 409.33270263671875
            },
            "FANCKABFCPH": {
                "_y": 341.2831115722656
            },
            "GKOBOKNGMNE": {
                "_x": 496.20013427734375,
                "_y": 145.2281951904297,
                "_z": 414.6127014160156
            },
            "OGLCIHHLECO": "",
            "EIHBECKFELM": "",
            "NBPLDPOGDAA": "",
            "KDKNEEKBHOC": {
                "_x": 5.0,
                "_y": 5.0,
                "_z": 5.0
            }
        },
        "2": {
            "$type": "JMLCJLEOKLI",
            "ILIFEDBAGLB": 70010006,
            "ECLBMPMBMLE": {
                "_x": 467.0408935546875,
                "_y": 142.33079528808594,
                "_z": 480.1498107910156
            },
            "FANCKABFCPH": {
                "_y": 164.49249267578125
            },
            "NBLDNHLJLIN": true,
            "OGLCIHHLECO": "",
            "EIHBECKFELM": "",
            "NBPLDPOGDAA": "",
            "KDKNEEKBHOC": {
                "_x": 20.0,
                "_y": 20.0,
                "_z": 20.0
            }
        }
    },
    "HNNNIMLDONJ": {}
}