{
    "OKJIDAEFIOD": {
        "1": {
            "$type": "NIPJPDIBHHL",
            "OMNDEBJIOCP": "TOWER",
            "ILIFEDBAGLB": 70120004,
            "ECLBMPMBMLE": {
                "_x": 32.42311096191406,
                "_y": 6.21035623550415,
                "_z": 134.07989501953125
            },
            "GKOBOKNGMNE": {
                "_x": 32.348236083984375,
                "_y": 6.210355758666992,
                "_z": 127.70953369140625
            },
            "OGLCIHHLECO": "",
            "EIHBECKFELM": "",
            "NBPLDPOGDAA": "",
            "KDKNEEKBHOC": {
                "_x": 3.0,
                "_y": 3.0,
                "_z": 3.0
            }
        }
    },
    "HNNNIMLDONJ": {}
}