{
    "OKJIDAEFIOD": {
        "1": {
            "$type": "NIPJPDIBHHL",
            "ILIFEDBAGLB": 70120004,
            "ECLBMPMBMLE": {
                "_x": 252.7012939453125,
                "_y": 5.429999828338623,
                "_z": -19.964590072631836
            },
            "FANCKABFCPH": {
                "_y": 279.8999938964844
            },
            "GKOBOKNGMNE": {
                "_x": -2576.238037109375,
                "_y": 312.8558044433594,
                "_z": -4520.89892578125
            },
            "NBLDNHLJLIN": true,
            "OGLCIHHLECO": "",
            "EIHBECKFELM": "",
            "NBPLDPOGDAA": "",
            "KDKNEEKBHOC": {
                "_x": 5.0,
                "_y": 5.0,
                "_z": 5.0
            }
        },
        "2": {
            "$type": "JMLCJLEOKLI",
            "ILIFEDBAGLB": 70010006,
            "ECLBMPMBMLE": {
                "_x": 96.71259307861328,
                "_y": -11.672750473022461,
                "_z": -19.894739151000977
            },
            "FANCKABFCPH": {
                "_y": 90.0
            },
            "NBLDNHLJLIN": true,
            "OGLCIHHLECO": "",
            "EIHBECKFELM": "",
            "NBPLDPOGDAA": "",
            "KDKNEEKBHOC": {
                "_x": 25.0,
                "_y": 15.0,
                "_z": 2.0
            }
        },
        "3": {
            "$type": "MFHOPOBHMHB",
            "ILIFEDBAGLB": 70010006,
            "ECLBMPMBMLE": {
                "_x": 188.53829956054688,
                "_y": 5.8730010986328125,
                "_z": -19.34794044494629
            },
            "GKOBOKNGMNE": {
                "_x": 188.53831481933594,
                "_y": 4.252218246459961,
                "_z": -19.93707847595215
            },
            "OGLCIHHLECO": "",
            "EIHBECKFELM": "",
            "NBPLDPOGDAA": "",
            "KDKNEEKBHOC": {
                "_x": 5.0,
                "_y": 5.0,
                "_z": 15.0
            }
        },
        "4": {
            "$type": "JMLCJLEOKLI",
            "ILIFEDBAGLB": 70010006,
            "ECLBMPMBMLE": {
                "_x": 24.833179473876953,
                "_y": -13.282279968261719,
                "_z": -19.0185604095459
            },
            "FANCKABFCPH": {
                "_y": 90.0
            },
            "NBLDNHLJLIN": true,
            "OGLCIHHLECO": "",
            "EIHBECKFELM": "",
            "NBPLDPOGDAA": "",
            "KDKNEEKBHOC": {
                "_x": 15.0,
                "_y": 8.0,
                "_z": 8.0
            }
        }
    },
    "LHHAHFPKBCM": {
        "1": {
            "$type": "AMEIDNAJKIJ",
            "ILIFEDBAGLB": 70010006,
            "ECLBMPMBMLE": {
                "_x": 118.08589935302734,
                "_y": -18.921239852905273,
                "_z": -19.46133041381836
            },
            "GKOBOKNGMNE": {
                "_x": 127.09471893310547,
                "_y": -23.22606658935547,
                "_z": -25.258607864379883
            },
            "OGLCIHHLECO": "",
            "EIHBECKFELM": "",
            "NBPLDPOGDAA": "",
            "CDADJDJPHGO": true,
            "NPLFHDBONNK": "DeadRegion",
            "MCNOGNBMIDN": {
                "$type": "LLNPBLICDHC",
                "GKIBEHOFNBF": true,
                "BJFNPGBKPHH": 5.0,
                "PGAJCDACFCA": "Center",
                "IJDCDHPEIEK": 45.0,
                "KMCIHHPLFHL": 120.0
            },
            "LEPALCGBCKG": ""
        },
        "2": {
            "$type": "AMEIDNAJKIJ",
            "ILIFEDBAGLB": 70010006,
            "ECLBMPMBMLE": {
                "_x": 115.80680084228516,
                "_y": -0.2697610855102539,
                "_z": -49.3289794921875
            },
            "GKOBOKNGMNE": {
                "_x": 115.80467224121094,
                "_y": -0.2697610855102539,
                "_z": -18.890445709228516
            },
            "OGLCIHHLECO": "",
            "EIHBECKFELM": "",
            "NBPLDPOGDAA": "",
            "CDADJDJPHGO": true,
            "NPLFHDBONNK": "DeadRegion",
            "MCNOGNBMIDN": {
                "$type": "LLNPBLICDHC",
                "GKIBEHOFNBF": true,
                "BJFNPGBKPHH": 40.0,
                "PGAJCDACFCA": "Center",
                "IJDCDHPEIEK": 40.0,
                "KMCIHHPLFHL": 30.0
            },
            "LEPALCGBCKG": ""
        },
        "3": {
            "$type": "AMEIDNAJKIJ",
            "ILIFEDBAGLB": 70010006,
            "ECLBMPMBMLE": {
                "_x": 115.49150085449219,
                "_y": -0.2697610855102539,
                "_z": 9.738685607910156
            },
            "GKOBOKNGMNE": {
                "_x": 117.78137969970703,
                "_y": -11.592819213867188,
                "_z": -5.7200026512146
            },
            "OGLCIHHLECO": "",
            "EIHBECKFELM": "",
            "NBPLDPOGDAA": "",
            "CDADJDJPHGO": true,
            "NPLFHDBONNK": "DeadRegion",
            "MCNOGNBMIDN": {
                "$type": "LLNPBLICDHC",
                "GKIBEHOFNBF": true,
                "BJFNPGBKPHH": 40.0,
                "PGAJCDACFCA": "Center",
                "IJDCDHPEIEK": 40.0,
                "KMCIHHPLFHL": 30.0
            },
            "LEPALCGBCKG": ""
        },
        "4": {
            "$type": "AMEIDNAJKIJ",
            "ILIFEDBAGLB": 70010006,
            "ECLBMPMBMLE": {
                "_x": 209.0467071533203,
                "_y": -0.5677022933959961,
                "_z": -18.819320678710938
            },
            "GKOBOKNGMNE": {
                "_x": 194.8955078125,
                "_y": -0.5677022933959961,
                "_z": -19.85935401916504
            },
            "OGLCIHHLECO": "",
            "EIHBECKFELM": "",
            "NBPLDPOGDAA": "",
            "CDADJDJPHGO": true,
            "NPLFHDBONNK": "DeadRegion",
            "MCNOGNBMIDN": {
                "$type": "LLNPBLICDHC",
                "GKIBEHOFNBF": true,
                "BJFNPGBKPHH": 5.0,
                "PGAJCDACFCA": "Center",
                "IJDCDHPEIEK": 45.0,
                "KMCIHHPLFHL": 40.0
            },
            "LEPALCGBCKG": ""
        },
        "5": {
            "$type": "AMEIDNAJKIJ",
            "ILIFEDBAGLB": 70010006,
            "ECLBMPMBMLE": {
                "_x": 249.38589477539062,
                "_y": -5.6915669441223145,
                "_z": -18.262819290161133
            },
            "GKOBOKNGMNE": {
                "_x": 242.42633056640625,
                "_y": 4.048538684844971,
                "_z": -14.35782241821289
            },
            "OGLCIHHLECO": "",
            "EIHBECKFELM": "",
            "NBPLDPOGDAA": "",
            "CDADJDJPHGO": true,
            "NPLFHDBONNK": "DeadRegion",
            "MCNOGNBMIDN": {
                "$type": "LLNPBLICDHC",
                "GKIBEHOFNBF": true,
                "BJFNPGBKPHH": 5.0,
                "PGAJCDACFCA": "Center",
                "IJDCDHPEIEK": 10.0,
                "KMCIHHPLFHL": 40.0
            },
            "LEPALCGBCKG": ""
        }
    },
    "HNNNIMLDONJ": {}
}