{
    "OKJIDAEFIOD": {
        "1": {
            "$type": "NIPJPDIBHHL",
            "ILIFEDBAGLB": 70120004,
            "ECLBMPMBMLE": {
                "_x": 7.241470813751221,
                "_y": 193.63510131835938,
                "_z": 358.1632995605469
            },
            "FANCKABFCPH": {
                "_y": 303.0401916503906
            },
            "GKOBOKNGMNE": {
                "_x": -5.385487079620361,
                "_y": 80.05000305175781,
                "_z": -1.6789770126342773
            },
            "OGLCIHHLECO": "",
            "EIHBECKFELM": "",
            "NBPLDPOGDAA": "",
            "KDKNEEKBHOC": {
                "_x": 5.0,
                "_y": 5.0,
                "_z": 5.0
            }
        },
        "2": {
            "$type": "MFHOPOBHMHB",
            "ILIFEDBAGLB": 70010006,
            "ECLBMPMBMLE": {
                "_x": 23.184659957885742,
                "_y": 200.97799682617188,
                "_z": 306.92779541015625
            },
            "NBLDNHLJLIN": true,
            "OGLCIHHLECO": "",
            "EIHBECKFELM": "",
            "NBPLDPOGDAA": "",
            "KDKNEEKBHOC": {
                "_x": 30.0,
                "_y": 40.0,
                "_z": 30.0
            }
        },
        "3": {
            "$type": "JMLCJLEOKLI",
            "ILIFEDBAGLB": 70010006,
            "ECLBMPMBMLE": {
                "_x": 23.184659957885742,
                "_y": 200.97799682617188,
                "_z": 306.92779541015625
            },
            "GKOBOKNGMNE": {
                "_x": 8.270000457763672,
                "_y": 195.0,
                "_z": 340.0
            },
            "NBLDNHLJLIN": true,
            "OGLCIHHLECO": "",
            "EIHBECKFELM": "",
            "NBPLDPOGDAA": "",
            "KDKNEEKBHOC": {
                "_x": 30.0,
                "_y": 40.0,
                "_z": 30.0
            }
        },
        "4": {
            "$type": "JMLCJLEOKLI",
            "ILIFEDBAGLB": 70010006,
            "ECLBMPMBMLE": {
                "_x": 607.2567749023438,
                "_y": 125.6011962890625,
                "_z": 363.15289306640625
            },
            "FANCKABFCPH": {
                "_y": 349.16558837890625
            },
            "GKOBOKNGMNE": {
                "_x": 623.0,
                "_y": 128.0,
                "_z": 342.0
            },
            "CPDMGEEENAG": {
                "_y": 120.0
            },
            "NBLDNHLJLIN": true,
            "OGLCIHHLECO": "",
            "EIHBECKFELM": "",
            "NBPLDPOGDAA": "",
            "KDKNEEKBHOC": {
                "_x": 50.0,
                "_y": 50.0,
                "_z": 50.0
            }
        },
        "5": {
            "$type": "JMLCJLEOKLI",
            "ILIFEDBAGLB": 70010006,
            "ECLBMPMBMLE": {
                "_x": 658.0216064453125,
                "_y": 114.66449737548828,
                "_z": 478.11309814453125
            },
            "FANCKABFCPH": {
                "_x": 1.320876955986023,
                "_y": 2.1114590167999268,
                "_z": 359.2484130859375
            },
            "GKOBOKNGMNE": {
                "_x": 657.0,
                "_y": 115.0,
                "_z": 479.0
            },
            "CPDMGEEENAG": {
                "_y": -60.0
            },
            "NBLDNHLJLIN": true,
            "OGLCIHHLECO": "",
            "EIHBECKFELM": "",
            "NBPLDPOGDAA": "",
            "KDKNEEKBHOC": {
                "_x": 20.0,
                "_y": 20.0,
                "_z": 20.0
            }
        },
        "6": {
            "$type": "MFHOPOBHMHB",
            "ILIFEDBAGLB": 70010006,
            "ECLBMPMBMLE": {
                "_x": 613.2202758789062,
                "_y": 114.59600067138672,
                "_z": 496.77978515625
            },
            "GKOBOKNGMNE": {
                "_x": 600.0,
                "_y": 115.0,
                "_z": 506.0
            },
            "CPDMGEEENAG": {
                "_y": -76.0
            },
            "NBLDNHLJLIN": true,
            "OGLCIHHLECO": "",
            "EIHBECKFELM": "",
            "NBPLDPOGDAA": "",
            "KDKNEEKBHOC": {
                "_x": 30.0,
                "_y": 25.0,
                "_z": 30.0
            }
        },
        "7": {
            "$type": "MFHOPOBHMHB",
            "ILIFEDBAGLB": 70010006,
            "ECLBMPMBMLE": {
                "_x": 449.2384948730469,
                "_y": 161.53219604492188,
                "_z": 506.9151916503906
            },
            "GKOBOKNGMNE": {
                "_x": 429.0439758300781,
                "_y": 161.24713134765625,
                "_z": 513.07080078125
            },
            "NBLDNHLJLIN": true,
            "OGLCIHHLECO": "",
            "EIHBECKFELM": "",
            "NBPLDPOGDAA": "",
            "KDKNEEKBHOC": {
                "_x": 30.0,
                "_y": 30.0,
                "_z": 30.0
            }
        },
        "8": {
            "$type": "MFHOPOBHMHB",
            "ILIFEDBAGLB": 70010006,
            "ECLBMPMBMLE": {
                "_x": 427.206787109375,
                "_y": 159.98159790039062,
                "_z": 528.4650268554688
            },
            "GKOBOKNGMNE": {
                "_x": 427.206787109375,
                "_y": 159.98159790039062,
                "_z": 528.4650268554688
            },
            "NBLDNHLJLIN": true,
            "OGLCIHHLECO": "",
            "EIHBECKFELM": "",
            "NBPLDPOGDAA": "",
            "KDKNEEKBHOC": {
                "_x": 40.0,
                "_y": 30.0,
                "_z": 20.0
            }
        },
        "9": {
            "$type": "JMLCJLEOKLI",
            "ILIFEDBAGLB": 70010006,
            "ECLBMPMBMLE": {
                "_x": 427.4482116699219,
                "_y": 159.12539672851562,
                "_z": 525.8541259765625
            },
            "GKOBOKNGMNE": {
                "_x": 428.6701965332031,
                "_y": 158.89981079101562,
                "_z": 528.5631713867188
            },
            "NBLDNHLJLIN": true,
            "OGLCIHHLECO": "",
            "EIHBECKFELM": "",
            "NBPLDPOGDAA": "",
            "KDKNEEKBHOC": {
                "_x": 25.0,
                "_y": 30.0,
                "_z": 25.0
            }
        }
    },
    "LHHAHFPKBCM": {
        "1": {
            "$type": "AMEIDNAJKIJ",
            "ILIFEDBAGLB": 70010006,
            "ECLBMPMBMLE": {
                "_x": 9.396129608154297,
                "_y": 182.9344024658203,
                "_z": 357.8487854003906
            },
            "GKOBOKNGMNE": {
                "_x": 23.0,
                "_y": 200.0,
                "_z": 306.0
            },
            "NBLDNHLJLIN": true,
            "OGLCIHHLECO": "",
            "EIHBECKFELM": "",
            "NBPLDPOGDAA": "",
            "PPHNNDLJOEG": 200.0,
            "NPLFHDBONNK": "DeadRegion",
            "MCNOGNBMIDN": {
                "$type": "LLNPBLICDHC",
                "GKIBEHOFNBF": true,
                "BJFNPGBKPHH": 10.0,
                "PGAJCDACFCA": "Center",
                "IJDCDHPEIEK": 200.0,
                "KMCIHHPLFHL": 200.0
            },
            "LEPALCGBCKG": ""
        },
        "10": {
            "$type": "AMEIDNAJKIJ",
            "ILIFEDBAGLB": 70010006,
            "ECLBMPMBMLE": {
                "_x": 515.4099731445312,
                "_y": 131.58999633789062,
                "_z": 484.79998779296875
            },
            "GKOBOKNGMNE": {
                "_x": 512.674072265625,
                "_y": 142.2030487060547,
                "_z": 487.4372863769531
            },
            "NBLDNHLJLIN": true,
            "OGLCIHHLECO": "",
            "EIHBECKFELM": "",
            "NBPLDPOGDAA": "",
            "NPLFHDBONNK": "DeadRegion",
            "MCNOGNBMIDN": {
                "$type": "LLNPBLICDHC",