{
    "OKJIDAEFIOD": {
        "1": {
            "$type": "NIPJPDIBHHL",
            "ILIFEDBAGLB": 70120004,
            "ECLBMPMBMLE": {
                "_x": -14.203359603881836,
                "_y": 12.937760353088379,
                "_z": 5.116168975830078
            },
            "FANCKABFCPH": {
                "_x": 0.6341000199317932,
                "_y": 270.1249084472656,
                "_z": 0.15770000219345093
            },
            "GKOBOKNGMNE": {
                "_x": -1.0216922760009766,
                "_y": 13.082023620605469,
                "_z": 4.493046283721924
            },
            "OGLCIHHLECO": "",
            "EIHBECKFELM": "",
            "NBPLDPOGDAA": "",
            "KDKNEEKBHOC": {
                "_x": 5.0,
                "_y": 5.0,
                "_z": 5.0
            }
        }
    },
    "HNNNIMLDONJ": {}
}