{
    "FEFNCDLEHGL": {
        "1": {
            "$type": "DungeonQuitPoint",
            "gadgetId": 70110002,
            "pos": {
                "x": 199.1300048828125,
                "y": 59.016510009765625,
                "z": 397.1000061035156
            },
            "rot": {
                "y": 180.3800048828125
            },
            "unlocked": true,
            "alias": "",
            "ADNDKHDKAEC": "",
            "BEDBEJAACAH": "",
            "size": {
                "x": 5.0,
                "y": 5.0,
                "z": 5.0
            }
        },
        "3": {
            "$type": "DungeonWayPoint",
            "gadgetId": 70120003,
            "pos": {
                "x": -8.305451393127441,
                "y": 47.016258239746094,
                "z": 56.98897933959961
            },
            "rot": {
                "y": 90.0
            },
            "unlocked": true,
            "alias": "",
            "ADNDKHDKAEC": "",
            "BEDBEJAACAH": "",
            "size": {
                "x": 30.0,
                "y": 20.0,
                "z": 30.0
            },
            "groupIds": [
                220006002
            ]
        },
        "4": {
            "$type": "DungeonWayPoint",
            "gadgetId": 70120003,
            "pos": {
                "x": 64.21170043945312,
                "y": 39.516239166259766,
                "z": 128.5634002685547
            },
            "rot": {
                "y": 180.0
            },
            "unlocked": true,
            "alias": "",
            "ADNDKHDKAEC": "",
            "BEDBEJAACAH": "",
            "size": {
                "x": 10.0,
                "y": 20.0,
                "z": 50.0
            },
            "groupIds": [
                220006003,
                220006004
            ]
        },
        "5": {
            "$type": "DungeonWayPoint",
            "gadgetId": 70120003,
            "pos": {
                "x": 204.20689392089844,
                "y": 46.01652145385742,
                "z": 180.42840576171875
            },
            "rot": {
                "y": 270.0
            },
            "unlocked": true,
            "alias": "",
            "ADNDKHDKAEC": "",
            "BEDBEJAACAH": "",
            "size": {
                "x": 40.0,
                "y": 40.0,
                "z": 40.0
            }
        },
        "6": {
            "$type": "DungeonWayPoint",
            "gadgetId": 70120003,
            "pos": {
                "x": 183.3135986328125,
                "y": 50.5164794921875,
                "z": 289.2301025390625
            },
            "rot": {
                "y": 90.0
            },
            "unlocked": true,
            "alias": "",
            "ADNDKHDKAEC": "",
            "BEDBEJAACAH": "",
            "size": {
                "x": 50.0,
                "y": 50.0,
                "z": 50.0
            },
            "groupIds": [
                220006005
            ]
        }
    },
    "forces": {
        "1": {
            "$type": "ConfigAirflowField",
            "gadgetId": 70610102,
            "pos": {
                "x": 236.843994140625,
                "y": 37.285770416259766,
                "z": 182.93910217285156
            },
            "alias": "",
            "ADNDKHDKAEC": "",
            "BEDBEJAACAH": "",
            "velocity": 10.0,
            "stayEffect": "Eff_Windfield_Stay",
            "enterEffect": "Eff_Windfield_Enter"
        },
        "2": {
            "$type": "ConfigAirflowField",
            "gadgetId": 70610102,
            "pos": {
                "x": 247.36610412597656,
                "y": 46.676170349121094,
                "z": 230.27879333496094
            },
            "unlocked": true,
            "alias": "",
            "ADNDKHDKAEC": "",
            "BEDBEJAACAH": "",
            "velocity": 10.0,
            "stayEffect": "Eff_Windfield_Stay",
            "enterEffect": "Eff_Windfield_Enter"
        },
        "3": {
            "$type": "ConfigAirflowField",
            "gadgetId": 70610102,
            "pos": {
                "x": 234.7252960205078,
                "y": 51.90692901611328,
                "z": 257.3619079589844
            },
            "unlocked": true,
            "alias": "",
            "ADNDKHDKAEC": "",
            "BEDBEJAACAH": "",
            "velocity": 10.0,
            "stayEffect": "Eff_Windfield_Stay",
            "enterEffect": "Eff_Windfield_Enter"
        }
    },
    "entities": {
        "1": {
            "$type": "ConfigLocalTrigger",
            "gadgetId": 70010006,
            "pos": {
                "x": 53.222721099853516,
                "y": 41.20000076293945,
                "z": 20.56368064880371
            },
            "unlocked": true,
            "alias": "",
            "ADNDKHDKAEC": "",
            "BEDBEJAACAH": "",
            "triggerFlag": "DeadRegion",
            "shape": {
                "$type": "ConfigShapeRect",
                "useHeight": true,
                "height": 7.360000133514404,
                "centerType": "Center",
                "width": 64.0,
                "length": 111.83000183105469
            },
            "stringParam": ""
        },
        "10": {
            "$type": "ConfigLocalTrigger",
            "gadgetId": 70010006,
            "pos": {
                "x": 16.8221492767334,
                "y": 22.6299991607666,
                "z": 176.85719299316406
            },
            "unlocked": true,
            "alias": "",
            "ADNDKHDKAEC": "",
            "BEDBEJAACAH": "",
            "triggerFlag": "DeadRegion",
            "shape": {
                "$type": "ConfigShapeRect",
                "useHeight": true,
                "height": 16.299999237060547,
                "centerType": "Center",
                "width": 120.4000015258789,
                "length": 92.80000305175781
            },
            "stringParam": ""
        },
        "12": {
            "$type": "ConfigLocalTrigger",
            "gadgetId": 70010006,
            "pos": {
                "x": 154.10000610351562,
                "y": 46.161380767822266,
                "z": 84.69999694824219
            },
            "unlocked": true,
            "alias": "",
            "ADNDKHDKAEC": "",
            "BEDBEJAACAH": "",
            "triggerFlag": "ReturnRegion",
            "shape": {
                "$type": "ConfigShapeRect",
                "useHeight": true,
                "height": 200.0,
                "centerType": "Center",
                "width": 200.0,
                "length": 5.0
            },
            "floatParam": 15.0,
            "stringParam": ""
        },
        "13": {
            "$type": "ConfigLocalTrigger",
            "gadgetId": 70010006,
            "pos": {
                "x": 288.0,
                "y": 50.516700744628906,
                "z": 295.0
            },
            "unlocked": true,
            "alias": "",
            "ADNDKHDKAEC": "",
            "BEDBEJAACAH": "",
            "triggerFlag": "ReturnRegion",
            "shape": {
                "$type": "ConfigShapeRect",
                "useHeight": true,
                "height": 200.0,
                "centerType": "Center",
                "width": 150.0,
                "length": 5.0
            },
            "floatParam": 15.0,
            "stringParam": ""
        },
        "14": {
            "$type": "ConfigLocalTrigger",
            "gadgetId": 70010006,
            "pos": {
                "x": 94.80000305175781,
                "y": 50.51668930053711,
                "z": 289.9305114746094
            },
            "unlocked": true,