{
    "OKJIDAEFIOD": {
        "1": {
            "$type": "NIPJPDIBHHL",
            "OMNDEBJIOCP": "TOWER",
            "ILIFEDBAGLB": 70120004,
            "EKOBOBONPEI": 50080,
            "ECLBMPMBMLE": {
                "_x": 100.0999984741211,
                "_y": 101.02999877929688,
                "_z": -9.239999771118164
            },
            "GKOBOKNGMNE": {
                "_x": -13.311171531677246,
                "_y": 1.031000018119812,
                "_z": 0.027682185173034668
            },
            "OGLCIHHLECO": "",
            "EIHBECKFELM": "",
            "NBPLDPOGDAA": "",
            "KDKNEEKBHOC": {
                "_x": 3.0,
                "_y": 3.0,
                "_z": 3.0
            }
        }
    },
    "HNNNIMLDONJ": {}
}