{
    "OKJIDAEFIOD": {
        "1": {
            "$type": "NIPJPDIBHHL",
            "ILIFEDBAGLB": 70010001,
            "ECLBMPMBMLE": {
                "_x": 452.7712097167969,
                "_y": 31.247249603271484,
                "_z": 526.9625854492188
            },
            "GKOBOKNGMNE": {
                "_x": 319.9519348144531,
                "_y": 0.029999196529388428,
                "_z": 477.7627868652344
            },
            "OGLCIHHLECO": "",
            "EIHBECKFELM": "",
            "NBPLDPOGDAA": "",
            "KDKNEEKBHOC": {
                "_x": 5.0,
                "_y": 5.0,
                "_z": 5.0
            }
        }
    },
    "HNNNIMLDONJ": {}
}