{
    "OKJIDAEFIOD": {
        "1": {
            "$type": "NIPJPDIBHHL",
            "ILIFEDBAGLB": 70120004,
            "ECLBMPMBMLE": {
                "_x": 485.9366149902344,
                "_y": 144.92300415039062,
                "_z": 411.1315002441406
            },
            "FANCKABFCPH": {
                "_x": 0.057599280029535294,
                "_y": 353.7840881347656,
                "_z": 1.2278889417648315
            },
            "GKOBOKNGMNE": {
                "_x": 526.8046264648438,
                "_y": 136.49559020996094,
                "_z": 442.0238952636719
            },
            "OGLCIHHLECO": "",
            "EIHBECKFELM": "",
            "NBPLDPOGDAA": "",
            "KDKNEEKBHOC": {
                "_x": 5.0,
                "_y": 5.0,
                "_z": 5.0
            }
        }
    },
    "HNNNIMLDONJ": {}
}