{
    "OKJIDAEFIOD": {
        "1": {
            "$type": "NIPJPDIBHHL",
            "ILIFEDBAGLB": 70120004,
            "ECLBMPMBMLE": {
                "_x": 499.985595703125,
                "_y": 612.2706909179688,
                "_z": -1569.239013671875
            },
            "GKOBOKNGMNE": {
                "_x": -1.3307570219039917,
                "_y": -7.232944965362549,
                "_z": 93.71742248535156
            },
            "OGLCIHHLECO": "",
            "EIHBECKFELM": "",
            "NBPLDPOGDAA": "",
            "KDKNEEKBHOC": {
                "_x": 3.0,
                "_y": 3.0,
                "_z": 3.0
            }
        },
        "2": {
            "$type": "JMLCJLEOKLI",
            "ILIFEDBAGLB": 70120003,
            "ECLBMPMBMLE": {
                "_x": 501.389892578125,
                "_y": 608.5012817382812,
                "_z": -1669.85498046875
            },
            "FANCKABFCPH": {
                "_y": 0.16019999980926514
            },
            "GKOBOKNGMNE": {
                "_x": 501.389892578125,
                "_y": 608.5012817382812,
                "_z": -1669.85498046875
            },
            "NBLDNHLJLIN": true,
            "OGLCIHHLECO": "",
            "EIHBECKFELM": "",
            "NBPLDPOGDAA": "",
            "KDKNEEKBHOC": {
                "_x": 10.0,
                "_y": 10.0,
                "_z": 10.0
            }
        }
    },
    "HNNNIMLDONJ": {}
}