{
    "EIAKLLDIBOG": {
        "1": {
            "$type": "DungeonQuitPoint",
            "gadgetId": 70120004,
            "pos": {
                "x": 68.99080657958984,
                "y": 77.01000213623047,
                "z": -81.0947036743164
            },
            "tranPos": {
                "x": 37.614532470703125,
                "y": 77.01000213623047,
                "z": -81.0947036743164
            },
            "alias": "",
            "OKBHIJJFEKD": "",
            "BKAILKIEBDH": "",
            "size": {
                "x": 2.0,
                "y": 2.0,
                "z": 2.0
            }
        }
    }
}