{
    "FEFNCDLEHGL": {
        "1": {
            "$type": "PersonalSceneJumpPoint",
            "gadgetId": 70010002,
            "pos": {
                "x": 11.523449897766113,
                "y": -0.06700046360492706,
                "z": 5.319726943969727
            },
            "tranPos": {
                "x": -3114.179931640625,
                "y": 246.6551971435547,
                "z": -4384.91015625
            },
            "tranRot": {
                "y": 73.33000183105469
            },
            "unlocked": true,
            "alias": "",
            "ADNDKHDKAEC": "",
            "BEDBEJAACAH": "",
            "tranSceneId": 3,
            "titleTextID": "UI_SCENE_ENTRY_EXIT_MULOU",
            "triggerSize": {
                "x": 3.0,
                "y": 3.0,
                "z": 3.0
            },
            "closeTime": 24.0
        }
    }
}