{
    "FEFNCDLEHGL": {
        "1": {
            "$type": "DungeonQuitPoint",
            "type": "TOWER",
            "gadgetId": 70120004,
            "pos": {
                "x": 38.73733139038086,
                "y": 5.682344913482666,
                "z": 133.2281036376953
            },
            "tranPos": {
                "x": 38.737327575683594,
                "y": 5.682345390319824,
                "z": 133.22805786132812
            },
            "alias": "",
            "ADNDKHDKAEC": "",
            "BEDBEJAACAH": "",
            "size": {
                "x": 3.0,
                "y": 3.0,
                "z": 3.0
            }
        }
    }
}