{
    "OKJIDAEFIOD": {
        "1": {
            "$type": "NIPJPDIBHHL",
            "ILIFEDBAGLB": 70120004,
            "ECLBMPMBMLE": {
                "_x": 387.43170166015625,
                "_y": 65.42166137695312,
                "_z": 433.6841125488281
            },
            "GKOBOKNGMNE": {
                "_x": 387.4317321777344,
                "_y": 65.42166137695312,
                "_z": 432.9729919433594
            },
            "NBLDNHLJLIN": true,
            "OGLCIHHLECO": "",
            "EIHBECKFELM": "",
            "NBPLDPOGDAA": "",
            "KDKNEEKBHOC": {
                "_x": 3.0,
                "_y": 3.0,
                "_z": 3.0
            }
        },
        "2": {
            "$type": "JMLCJLEOKLI",
            "ILIFEDBAGLB": 70010006,
            "ECLBMPMBMLE": {
                "_x": 266.97711181640625,
                "_y": 33.06208038330078,
                "_z": 369.9142150878906
            },
            "GKOBOKNGMNE": {
                "_x": 266.9770812988281,
                "_y": 33.06208038330078,
                "_z": 369.9142150878906
            },
            "NBLDNHLJLIN": true,
            "OGLCIHHLECO": "",
            "EIHBECKFELM": "",
            "NBPLDPOGDAA": "",
            "KDKNEEKBHOC": {
                "_x": 30.0,
                "_y": 25.0,
                "_z": 20.0
            }
        },
        "3": {
            "$type": "JMLCJLEOKLI",
            "ILIFEDBAGLB": 70010006,
            "ECLBMPMBMLE": {
                "_x": 201.25100708007812,
                "_y": 32.95207977294922,
                "_z": 514.0548706054688
            },
            "FANCKABFCPH": {
                "_y": 90.0
            },
            "GKOBOKNGMNE": {
                "_x": 201.25100708007812,
                "_y": 32.95207977294922,
                "_z": 514.0548706054688
            },
            "NBLDNHLJLIN": true,
            "OGLCIHHLECO": "",
            "EIHBECKFELM": "",
            "NBPLDPOGDAA": "",
            "KDKNEEKBHOC": {
                "_x": 30.0,
                "_y": 25.0,
                "_z": 30.0
            }
        },
        "4": {
            "$type": "JMLCJLEOKLI",
            "ILIFEDBAGLB": 70010006,
            "ECLBMPMBMLE": {
                "_x": 326.2637939453125,
                "_y": 42.0,
                "_z": 513.5546875
            },
            "FANCKABFCPH": {
                "_y": 90.0
            },
            "GKOBOKNGMNE": {
                "_x": 326.2637939453125,
                "_y": 42.0,
                "_z": 513.5546875
            },
            "CPDMGEEENAG": {
                "_y": 90.0
            },
            "NBLDNHLJLIN": true,
            "OGLCIHHLECO": "",
            "EIHBECKFELM": "",
            "NBPLDPOGDAA": "",
            "KDKNEEKBHOC": {
                "_x": 40.0,
                "_y": 40.0,
                "_z": 40.0
            }
        },
        "5": {
            "$type": "JMLCJLEOKLI",
            "ILIFEDBAGLB": 70010006,
            "ECLBMPMBMLE": {
                "_x": 427.1600036621094,
                "_y": 68.68749237060547,
                "_z": 513.5546875
            },
            "FANCKABFCPH": {
                "_y": 90.0
            },
            "GKOBOKNGMNE": {
                "_x": 427.1600036621094,
                "_y": 68.68749237060547,
                "_z": 513.5546875
            },
            "CPDMGEEENAG": {
                "_y": 90.0
            },
            "NBLDNHLJLIN": true,
            "OGLCIHHLECO": "",
            "EIHBECKFELM": "",
            "NBPLDPOGDAA": "",
            "KDKNEEKBHOC": {
                "_x": 25.0,
                "_y": 10.0,
                "_z": 25.0
            }
        }
    },
    "LHHAHFPKBCM": {
        "1": {
            "$type": "AMEIDNAJKIJ",
            "ILIFEDBAGLB": 70010006,
            "ECLBMPMBMLE": {
                "_x": 267.28399658203125,
                "_y": 19.427059173583984,
                "_z": 342.298095703125
            },
            "NBLDNHLJLIN": true,
            "OGLCIHHLECO": "",
            "EIHBECKFELM": "",
            "NBPLDPOGDAA": "",
            "NPLFHDBONNK": "DeadRegion",
            "MCNOGNBMIDN": {
                "$type": "LLNPBLICDHC",
                "GKIBEHOFNBF": true,
                "BJFNPGBKPHH": 15.0,
                "PGAJCDACFCA": "Center",
                "IJDCDHPEIEK": 35.0,
                "KMCIHHPLFHL": 120.0
            },
            "LEPALCGBCKG": ""
        },
        "2": {
            "$type": "AMEIDNAJKIJ",
            "ILIFEDBAGLB": 70010006,
            "ECLBMPMBMLE": {
                "_x": 363.65618896484375,
                "_y": 28.885299682617188,
                "_z": 513.1234130859375
            },
            "NBLDNHLJLIN": true,
            "OGLCIHHLECO": "",
            "EIHBECKFELM": "",
            "NBPLDPOGDAA": "",
            "NPLFHDBONNK": "DeadRegion",
            "MCNOGNBMIDN": {
                "$type": "LLNPBLICDHC",
                "GKIBEHOFNBF": true,
                "BJFNPGBKPHH": 15.0,
                "PGAJCDACFCA": "Center",
                "IJDCDHPEIEK": 90.0,
                "KMCIHHPLFHL": 120.0
            },
            "LEPALCGBCKG": ""
        }
    },
    "HNNNIMLDONJ": {}
}