{
    "NAFEKMENODO": {
        "1": {
            "$type": "EEALIHOHGHO",
            "gadgetId": 70120004,
            "pos": {
                "x": -122.78130340576172,
                "y": 11.140000343322754,
                "z": -64.88086700439453
            },
            "rot": {
                "y": 90.0
            },
            "tranPos": {
                "x": -60.53126525878906,
                "y": 11.140000343322754,
                "z": -5.486968994140625
            },
            "alias": "",
            "FOGDFAPNFKB": "",
            "FMDFPCLHCKJ": "",
            "size": {
                "x": 5.0,
                "y": 5.0,
                "z": 5.0
            }
        }
    }
}