{
    "OKJIDAEFIOD": {
        "1": {
            "$type": "NIPJPDIBHHL",
            "OMNDEBJIOCP": "TOWER",
            "ILIFEDBAGLB": 70120004,
            "ECLBMPMBMLE": {
                "_x": 0.3665075898170471,
                "_y": 1.9822450667561498e-06,
                "_z": -12.166930198669434
            },
            "GKOBOKNGMNE": {
                "_x": 492.44598388671875,
                "_y": 100.54150390625,
                "_z": 488.32806396484375
            },
            "OGLCIHHLECO": "",
            "EIHBECKFELM": "",
            "NBPLDPOGDAA": "",
            "KDKNEEKBHOC": {
                "_x": 3.0,
                "_y": 3.0,
                "_z": 3.0
            }
        }
    },
    "HNNNIMLDONJ": {}
}