{
    "OKJIDAEFIOD": {
        "1": {
            "$type": "NIPJPDIBHHL",
            "ILIFEDBAGLB": 70120004,
            "ECLBMPMBMLE": {
                "_y": -58.14881896972656,
                "_z": 17.364730834960938
            },
            "GKOBOKNGMNE": {
                "_y": -58.14882278442383,
                "_z": 17.364730834960938
            },
            "NBLDNHLJLIN": true,
            "OGLCIHHLECO": "",
            "EIHBECKFELM": "",
            "NBPLDPOGDAA": "",
            "KDKNEEKBHOC": {
                "_x": 5.0,
                "_y": 5.0,
                "_z": 5.0
            }
        },
        "2": {
            "$type": "JMLCJLEOKLI",
            "ILIFEDBAGLB": 70010006,
            "ECLBMPMBMLE": {
                "_x": -7.041192930046236e-06,
                "_y": 18.795520782470703,
                "_z": -42.38444900512695
            },
            "FANCKABFCPH": {
                "_y": 180.0
            },
            "GKOBOKNGMNE": {
                "_x": -7.041192930046236e-06,
                "_y": 18.795520782470703,
                "_z": -42.38444900512695
            },
            "OGLCIHHLECO": "",
            "EIHBECKFELM": "",
            "NBPLDPOGDAA": ""
        }
    },
    "HNNNIMLDONJ": {}
}