{
    "EIAKLLDIBOG": {
        "1": {
            "$type": "DungeonQuitPoint",
            "gadgetId": 70360297,
            "pos": {
                "x": 119.75769805908203,
                "y": -8.762720108032227,
                "z": -1.8254369497299194
            },
            "rot": {
                "y": 270.0
            },
            "tranPos": {
                "x": 305.36627197265625,
                "y": -3.1389966011047363,
                "z": 79.37376403808594
            },
            "alias": "",
            "OKBHIJJFEKD": "",
            "BKAILKIEBDH": "",
            "size": {
                "x": 5.0,
                "y": 5.0,
                "z": 5.0
            }
        },
        "2": {
            "$type": "DungeonSlipRevivePoint",
            "gadgetId": 70010006,
            "pos": {
                "x": -112.23680114746094,
                "y": 30.719989776611328,
                "z": 404.8717041015625
            },
            "rot": {
                "y": 90.0
            },
            "tranPos": {
                "x": -113.9507064819336,
                "y": 30.719985961914062,
                "z": 406.1401672363281
            },
            "unlocked": true,
            "alias": "",
            "OKBHIJJFEKD": "",
            "BKAILKIEBDH": "",
            "size": {
                "x": 8.0,
                "y": 8.0,
                "z": 8.0
            }
        },
        "3": {
            "$type": "DungeonSlipRevivePoint",
            "gadgetId": 70010006,
            "pos": {
                "x": -18.542560577392578,
                "y": 30.719959259033203,
                "z": 410.0154113769531
            },
            "tranPos": {
                "x": -71.9081802368164,
                "y": 30.719985961914062,
                "z": 410.7159118652344
            },
            "unlocked": true,
            "alias": "",
            "OKBHIJJFEKD": "",
            "BKAILKIEBDH": "",
            "size": {
                "x": 110.0,
                "y": 10.0,
                "z": 8.0
            }
        },
        "4": {
            "$type": "DungeonSlipRevivePoint",
            "gadgetId": 70010006,
            "pos": {
                "x": -18.187000274658203,
                "y": 30.719959259033203,
                "z": 375.494384765625
            },
            "tranPos": {
                "x": -18.186996459960938,
                "y": 30.719955444335938,
                "z": 380.73236083984375
            },
            "unlocked": true,
            "alias": "",
            "OKBHIJJFEKD": "",
            "BKAILKIEBDH": "",
            "size": {
                "x": 110.0,
                "y": 10.0,
                "z": 10.0
            }
        },
        "5": {
            "$type": "DungeonSlipRevivePoint",
            "gadgetId": 70010006,
            "pos": {
                "x": 4.905930995941162,
                "y": 20.719989776611328,
                "z": 306.0668029785156
            },
            "tranPos": {
                "x": 4.534221649169922,
                "y": 20.719985961914062,
                "z": 306.0668029785156
            },
            "unlocked": true,
            "alias": "",
            "OKBHIJJFEKD": "",
            "BKAILKIEBDH": "",
            "size": {
                "x": 20.0,
                "y": 15.0,
                "z": 110.0
            }
        },
        "6": {
            "$type": "DungeonSlipRevivePoint",
            "gadgetId": 70010006,
            "pos": {
                "x": -63.07883071899414,
                "y": 25.719999313354492,
                "z": 286.3005065917969
            },
            "tranPos": {
                "x": -63.078834533691406,
                "y": 25.720001220703125,
                "z": 286.30047607421875
            },
            "unlocked": true,
            "alias": "",
            "OKBHIJJFEKD": "",
            "BKAILKIEBDH": "",
            "size": {
                "x": 120.0,
                "y": 20.0,
                "z": 30.0
            }
        }
    },
    "entities": {
        "1": {
            "$type": "ConfigLocalTrigger",
            "gadgetId": 70010006,
            "pos": {
                "x": -30.18828010559082,
                "y": -26.66735076904297,
                "z": 331.5592956542969
            },
            "tranPos": {
                "x": 6.0857086181640625,
                "y": -3.5182533264160156,
                "z": 6.182591915130615
            },
            "unlocked": true,
            "alias": "",
            "OKBHIJJFEKD": "",
            "BKAILKIEBDH": "",
            "triggerFlag": "DeadRegion",
            "shape": {
                "$type": "ConfigShapeRect",
                "useHeight": true,
                "height": 20.0,
                "centerType": "Center",
                "width": 196.0,
                "length": 196.0
            },
            "stringParam": ""
        },
        "2": {
            "$type": "ConfigLocalTrigger",
            "gadgetId": 70010006,
            "pos": {
                "x": 127.6592025756836,
                "y": -45.42287826538086,
                "z": 33.85332107543945
            },
            "tranPos": {
                "x": 127.65916442871094,
                "y": -13.811983108520508,
                "z": 10.441397666931152
            },
            "unlocked": true,
            "alias": "",
            "OKBHIJJFEKD": "",
            "BKAILKIEBDH": "",
            "shape": {
                "$type": "ConfigShapeRect",
                "useHeight": true,
                "height": 10.0,
                "centerType": "Center",
                "width": 50.0,
                "length": 50.0
            },
            "stringParam": ""
        }
    }
}