{
    "NEKGGALFGNE": {
        "1": {
            "$type": "HLNNHPGMKBL",
            "gadgetId": 70120004,
            "pos": {
                "x": -162.4842071533203,
                "y": 0.407527893781662,
                "z": -66.65971374511719
            },
            "tranPos": {
                "x": -154.80116271972656,
                "y": 0.4075279235839844,
                "z": -66.65971374511719
            },
            "alias": "",
            "OJICGFEJFHF": "",
            "NIIGCOHDBPF": "",
            "size": {
                "x": 2.0,
                "y": 2.0,
                "z": 2.0
            }
        },
        "2": {
            "$type": "GHAENHOMJDL",
            "gadgetId": 70010006,
            "pos": {
                "x": -121.45760345458984,
                "y": 1.337319016456604,
                "z": -66.45899963378906
            },
            "rot": {
                "y": 270.0
            },
            "unlocked": true,
            "alias": "",
            "OJICGFEJFHF": "",
            "NIIGCOHDBPF": "",
            "size": {
                "x": 10.0,
                "y": 20.0,
                "z": 20.0
            }
        }
    },
    "GIFOHNONNCM": {}
}