{
    "NEKGGALFGNE": {
        "1": {
            "$type": "HLNNHPGMKBL",
            "gadgetId": 70120004,
            "pos": {
                "x": -67.54791259765625,
                "y": 279.6484069824219,
                "z": -181.9019012451172
            },
            "tranPos": {
                "x": -67.54791259765625,
                "y": 279.6484069824219,
                "z": -181.9019012451172
            },
            "alias": "",
            "OJICGFEJFHF": "",
            "NIIGCOHDBPF": "",
            "size": {
                "x": 5.0,
                "y": 5.0,
                "z": 5.0
            }
        }
    },
    "GIFOHNONNCM": {}
}