{
    "OKJIDAEFIOD": {
        "1": {
            "$type": "MFHOPOBHMHB",
            "ILIFEDBAGLB": 70010006,
            "ECLBMPMBMLE": {
                "_x": 218.94259643554688,
                "_y": 90.17912292480469,
                "_z": 213.54739379882812
            },
            "GKOBOKNGMNE": {
                "_x": 235.7672119140625,
                "_y": 92.0860595703125,
                "_z": 183.58416748046875
            },
            "NBLDNHLJLIN": true,
            "OGLCIHHLECO": "",
            "EIHBECKFELM": "",
            "NBPLDPOGDAA": "",
            "KDKNEEKBHOC": {
                "_x": 15.0,
                "_y": 10.0,
                "_z": 15.0
            }
        },
        "2": {
            "$type": "MFHOPOBHMHB",
            "ILIFEDBAGLB": 70010006,
            "ECLBMPMBMLE": {
                "_x": 234.55870056152344,
                "_y": 92.25926971435547,
                "_z": 183.58399963378906
            },
            "GKOBOKNGMNE": {
                "_x": 235.7672119140625,
                "_y": 92.0860595703125,
                "_z": 183.58416748046875
            },
            "NBLDNHLJLIN": true,
            "OGLCIHHLECO": "",
            "EIHBECKFELM": "",
            "NBPLDPOGDAA": "",
            "KDKNEEKBHOC": {
                "_x": 15.0,
                "_y": 10.0,
                "_z": 15.0
            }
        },
        "3": {
            "$type": "JMLCJLEOKLI",
            "ILIFEDBAGLB": 70010006,
            "ECLBMPMBMLE": {
                "_x": 248.50039672851562,
                "_y": 101.12259674072266,
                "_z": 169.97909545898438
            },
            "GKOBOKNGMNE": {
                "_x": 248.5004425048828,
                "_y": 101.12259674072266,
                "_z": 169.97906494140625
            },
            "NBLDNHLJLIN": true,
            "OGLCIHHLECO": "",
            "EIHBECKFELM": "",
            "NBPLDPOGDAA": "",
            "KDKNEEKBHOC": {
                "_x": 20.0,
                "_y": 10.0,
                "_z": 20.0
            }
        }
    },
    "LHHAHFPKBCM": {
        "1": {
            "$type": "AMEIDNAJKIJ",
            "ILIFEDBAGLB": 70010006,
            "ECLBMPMBMLE": {
                "_x": 227.37950134277344,
                "_y": 80.3537368774414,
                "_z": 213.2799072265625
            },
            "GKOBOKNGMNE": {
                "_x": 227.3800048828125,
                "_y": 90.18360900878906,
                "_z": 213.28030395507812
            },
            "NBLDNHLJLIN": true,
            "OGLCIHHLECO": "",
            "EIHBECKFELM": "",
            "NBPLDPOGDAA": "",
            "PPHNNDLJOEG": 150.0,
            "NPLFHDBONNK": "DeadRegion",
            "MCNOGNBMIDN": {
                "$type": "LLNPBLICDHC",
                "GKIBEHOFNBF": true,
                "BJFNPGBKPHH": 3.0,
                "PGAJCDACFCA": "Center",
                "IJDCDHPEIEK": 150.0,
                "KMCIHHPLFHL": 150.0
            },
            "LEPALCGBCKG": ""
        }
    },
    "HNNNIMLDONJ": {}
}