{
    "OKJIDAEFIOD": {
        "1": {
            "$type": "NIPJPDIBHHL",
            "ILIFEDBAGLB": 70120004,
            "ECLBMPMBMLE": {
                "_x": -138.51060485839844,
                "_y": 20.584489822387695,
                "_z": 23.66275978088379
            },
            "GKOBOKNGMNE": {
                "_x": -139.0945587158203,
                "_y": 24.134578704833984,
                "_z": 19.415422439575195
            },
            "NBLDNHLJLIN": true,
            "OGLCIHHLECO": "",
            "EIHBECKFELM": "",
            "NBPLDPOGDAA": "",
            "KDKNEEKBHOC": {
                "_x": 3.0,
                "_y": 3.0,
                "_z": 3.0
            }
        }
    },
    "HNNNIMLDONJ": {}
}