{
    "OKJIDAEFIOD": {
        "1": {
            "$type": "NIPJPDIBHHL",
            "ILIFEDBAGLB": 70120004,
            "ECLBMPMBMLE": {
                "_x": -167.55450439453125,
                "_y": 0.4227980971336365,
                "_z": -66.70379638671875
            },
            "GKOBOKNGMNE": {
                "_x": -167.55447387695312,
                "_y": 0.4227980971336365,
                "_z": -66.70379638671875
            },
            "OGLCIHHLECO": "",
            "EIHBECKFELM": "",
            "NBPLDPOGDAA": "",
            "KDKNEEKBHOC": {
                "_x": 3.0,
                "_y": 3.0,
                "_z": 3.0
            }
        },
        "2": {
            "$type": "JMLCJLEOKLI",
            "ILIFEDBAGLB": 70010006,
            "ECLBMPMBMLE": {
                "_x": -125.62920379638672,
                "_y": 4.182250022888184,
                "_z": -66.34615325927734
            },
            "FANCKABFCPH": {
                "_y": 270.0
            },
            "GKOBOKNGMNE": {
                "_x": -125.62920379638672,
                "_y": 1.337319016456604,
                "_z": -66.2983627319336
            },
            "OGLCIHHLECO": "",
            "EIHBECKFELM": "",
            "NBPLDPOGDAA": "",
            "KDKNEEKBHOC": {
                "_x": 5.0,
                "_y": 10.0,
                "_z": 10.0
            }
        }
    },
    "HNNNIMLDONJ": {}
}