{
    "NEKGGALFGNE": {
        "1": {
            "$type": "HLNNHPGMKBL",
            "gadgetId": 70120004,
            "pos": {
                "x": 6.834465026855469,
                "y": -1.433272984741052e-07,
                "z": 1.4142990112304688
            },
            "tranPos": {
                "x": 6.0217413902282715,
                "y": -1.433272984741052e-07,
                "z": 1.4142992496490479
            },
            "alias": "",
            "OJICGFEJFHF": "",
            "NIIGCOHDBPF": "",
            "size": {
                "x": 3.0,
                "y": 3.0,
                "z": 3.0
            }
        }
    },
    "GIFOHNONNCM": {}
}