{
    "OKJIDAEFIOD": {
        "1": {
            "$type": "NIPJPDIBHHL",
            "ILIFEDBAGLB": 70120004,
            "ECLBMPMBMLE": {
                "_x": 163.7487030029297,
                "_y": -10.102999687194824,
                "_z": -19.917640686035156
            },
            "FANCKABFCPH": {
                "_y": 279.8999938964844
            },
            "GKOBOKNGMNE": {
                "_x": -2576.238037109375,
                "_y": 312.8558044433594,
                "_z": -4520.89892578125
            },
            "NBLDNHLJLIN": true,
            "OGLCIHHLECO": "",
            "EIHBECKFELM": "",
            "NBPLDPOGDAA": "",
            "KDKNEEKBHOC": {
                "_x": 5.0,
                "_y": 5.0,
                "_z": 5.0
            }
        },
        "4": {
            "$type": "JMLCJLEOKLI",
            "ILIFEDBAGLB": 70010006,
            "ECLBMPMBMLE": {
                "_x": 24.833179473876953,
                "_y": -14.989999771118164,
                "_z": -19.8756103515625
            },
            "FANCKABFCPH": {
                "_y": 90.0
            },
            "NBLDNHLJLIN": true,
            "OGLCIHHLECO": "",
            "EIHBECKFELM": "",
            "NBPLDPOGDAA": "",
            "KDKNEEKBHOC": {
                "_x": 5.0,
                "_y": 20.0,
                "_z": 10.0
            }
        },
        "5": {
            "$type": "JMLCJLEOKLI",
            "ILIFEDBAGLB": 70010006,
            "ECLBMPMBMLE": {
                "_x": 139.081298828125,
                "_y": -9.16400146484375,
                "_z": -19.893770217895508
            },
            "FANCKABFCPH": {
                "_y": 90.0
            },
            "NBLDNHLJLIN": true,
            "OGLCIHHLECO": "",
            "EIHBECKFELM": "",
            "NBPLDPOGDAA": "",
            "KDKNEEKBHOC": {
                "_x": 4.0,
                "_y": 30.0,
                "_z": 40.0
            }
        }
    },
    "LHHAHFPKBCM": {
        "1": {
            "$type": "AMEIDNAJKIJ",
            "ILIFEDBAGLB": 70010006,
            "ECLBMPMBMLE": {
                "_x": 118.08589935302734,
                "_y": -18.921239852905273,
                "_z": -19.46133041381836
            },
            "GKOBOKNGMNE": {
                "_x": 127.09471893310547,
                "_y": -23.22606658935547,
                "_z": -25.258607864379883
            },
            "OGLCIHHLECO": "",
            "EIHBECKFELM": "",
            "NBPLDPOGDAA": "",
            "CDADJDJPHGO": true,
            "NPLFHDBONNK": "DeadRegion",
            "MCNOGNBMIDN": {
                "$type": "LLNPBLICDHC",
                "GKIBEHOFNBF": true,
                "BJFNPGBKPHH": 5.0,
                "PGAJCDACFCA": "Center",
                "IJDCDHPEIEK": 45.0,
                "KMCIHHPLFHL": 120.0
            },
            "LEPALCGBCKG": ""
        },
        "2": {
            "$type": "AMEIDNAJKIJ",
            "ILIFEDBAGLB": 70010006,
            "ECLBMPMBMLE": {
                "_x": 115.80680084228516,
                "_y": -0.2697610855102539,
                "_z": -49.3289794921875
            },
            "GKOBOKNGMNE": {
                "_x": 115.80467224121094,
                "_y": -0.2697610855102539,
                "_z": -18.890445709228516
            },
            "OGLCIHHLECO": "",
            "EIHBECKFELM": "",
            "NBPLDPOGDAA": "",
            "CDADJDJPHGO": true,
            "NPLFHDBONNK": "DeadRegion",
            "MCNOGNBMIDN": {
                "$type": "LLNPBLICDHC",
                "GKIBEHOFNBF": true,
                "BJFNPGBKPHH": 40.0,
                "PGAJCDACFCA": "Center",
                "IJDCDHPEIEK": 40.0,
                "KMCIHHPLFHL": 30.0
            },
            "LEPALCGBCKG": ""
        },
        "3": {
            "$type": "AMEIDNAJKIJ",
            "ILIFEDBAGLB": 70010006,
            "ECLBMPMBMLE": {
                "_x": 115.49150085449219,
                "_y": -0.2697610855102539,
                "_z": 9.738685607910156
            },
            "GKOBOKNGMNE": {
                "_x": 117.78137969970703,
                "_y": -11.592819213867188,
                "_z": -5.7200026512146
            },
            "OGLCIHHLECO": "",
            "EIHBECKFELM": "",
            "NBPLDPOGDAA": "",
            "CDADJDJPHGO": true,
            "NPLFHDBONNK": "DeadRegion",
            "MCNOGNBMIDN": {
                "$type": "LLNPBLICDHC",
                "GKIBEHOFNBF": true,
                "BJFNPGBKPHH": 40.0,
                "PGAJCDACFCA": "Center",
                "IJDCDHPEIEK": 40.0,
                "KMCIHHPLFHL": 30.0
            },
            "LEPALCGBCKG": ""
        },
        "4": {
            "$type": "AMEIDNAJKIJ",
            "ILIFEDBAGLB": 70010006,
            "ECLBMPMBMLE": {
                "_x": 209.0467071533203,
                "_y": -0.5677022933959961,
                "_z": -18.819320678710938
            },
            "GKOBOKNGMNE": {
                "_x": 194.8955078125,
                "_y": -0.5677022933959961,
                "_z": -19.85935401916504
            },
            "OGLCIHHLECO": "",
            "EIHBECKFELM": "",
            "NBPLDPOGDAA": "",
            "CDADJDJPHGO": true,
            "NPLFHDBONNK": "DeadRegion",
            "MCNOGNBMIDN": {
                "$type": "LLNPBLICDHC",
                "GKIBEHOFNBF": true,
                "BJFNPGBKPHH": 5.0,
                "PGAJCDACFCA": "Center",
                "IJDCDHPEIEK": 45.0,
                "KMCIHHPLFHL": 40.0
            },
            "LEPALCGBCKG": ""
        },
        "5": {
            "$type": "AMEIDNAJKIJ",
            "ILIFEDBAGLB": 70010006,
            "ECLBMPMBMLE": {
                "_x": 249.38589477539062,
                "_y": -5.6915669441223145,
                "_z": -18.262819290161133
            },
            "GKOBOKNGMNE": {
                "_x": 242.42633056640625,
                "_y": 4.048538684844971,
                "_z": -14.35782241821289
            },
            "OGLCIHHLECO": "",
            "EIHBECKFELM": "",
            "NBPLDPOGDAA": "",
            "CDADJDJPHGO": true,
            "NPLFHDBONNK": "DeadRegion",
            "MCNOGNBMIDN": {
                "$type": "LLNPBLICDHC",
                "GKIBEHOFNBF": true,
                "BJFNPGBKPHH": 5.0,
                "PGAJCDACFCA": "Center",
                "IJDCDHPEIEK": 10.0,
                "KMCIHHPLFHL": 40.0
            },
            "LEPALCGBCKG": ""
        }
    },
    "HNNNIMLDONJ": {}
}