{
    "OKJIDAEFIOD": {
        "1": {
            "$type": "IHPOJHMBEPF",
            "ILIFEDBAGLB": 70010002,
            "ECLBMPMBMLE": {
                "_x": -0.0005639790906570852,
                "_y": 0.318528413772583,
                "_z": 24.080190658569336
            },
            "FANCKABFCPH": {
                "_y": 180.2100067138672
            },
            "GKOBOKNGMNE": {
                "_x": -833.3378295898438,
                "_y": 465.8782043457031,
                "_z": 448.53900146484375
            },
            "CPDMGEEENAG": {
                "_y": 126.30000305175781
            },
            "NBLDNHLJLIN": true,
            "OGLCIHHLECO": "",
            "EIHBECKFELM": "",
            "NBPLDPOGDAA": "",
            "FHLEHKCJMID": 3,
            "NGPHJOMILAN": "UI_SCENE_ENTRY_EXIT_QUNYUGE",
            "DPIPPIKIPMA": {
                "_x": 2.0,
                "_y": 2.0,
                "_z": 2.0
            },
            "NDFGICFJMAE": 24.0
        }
    },
    "HNNNIMLDONJ": {}
}