{
    "OKJIDAEFIOD": {
        "1": {
            "$type": "NIPJPDIBHHL",
            "ILIFEDBAGLB": 70120004,
            "ECLBMPMBMLE": {
                "_x": 12.808270454406738,
                "_y": -7.0279998779296875,
                "_z": -28.738990783691406
            },
            "GKOBOKNGMNE": {
                "_x": 13.018146514892578,
                "_y": -7.0279998779296875,
                "_z": -28.920265197753906
            },
            "NBLDNHLJLIN": true,
            "OGLCIHHLECO": "",
            "EIHBECKFELM": "",
            "NBPLDPOGDAA": "",
            "KDKNEEKBHOC": {
                "_x": 5.0,
                "_y": 5.0,
                "_z": 5.0
            }
        }
    },
    "HNNNIMLDONJ": {}
}