{
    "OKJIDAEFIOD": {
        "1": {
            "$type": "NIPJPDIBHHL",
            "ILIFEDBAGLB": 70120004,
            "ECLBMPMBMLE": {
                "_x": 868.4398193359375,
                "_y": 76.27449798583984,
                "_z": 443.03509521484375
            },
            "FANCKABFCPH": {
                "_y": 61.98569869995117
            },
            "GKOBOKNGMNE": {
                "_x": 858.8407592773438,
                "_y": 76.68614959716797,
                "_z": 442.7693176269531
            },
            "OGLCIHHLECO": "",
            "EIHBECKFELM": "",
            "NBPLDPOGDAA": "",
            "KDKNEEKBHOC": {
                "_x": 5.0,
                "_y": 5.0,
                "_z": 5.0
            }
        }
    },
    "HNNNIMLDONJ": {}
}