{
    "NAFEKMENODO": {
        "1": {
            "$type": "HGLFPLHHAEO",
            "gadgetId": 70120003,
            "pos": {
                "x": -8.23673152923584,
                "y": 47.01625061035156,
                "z": 53.4764404296875
            },
            "rot": {
                "y": 90.0
            },
            "unlocked": true,
            "alias": "",
            "FOGDFAPNFKB": "",
            "FMDFPCLHCKJ": "",
            "size": {
                "x": 38.79999923706055,
                "y": 5.0,
                "z": 26.799999237060547
            },
            "IMJINMIICCG": [
                220012003
            ]
        },
        "2": {
            "$type": "HGLFPLHHAEO",
            "gadgetId": 70120003,
            "pos": {
                "x": 72.32637023925781,
                "y": 39.48112106323242,
                "z": 113.85050201416016
            },
            "rot": {
                "y": 90.0
            },
            "unlocked": true,
            "alias": "",
            "FOGDFAPNFKB": "",
            "FMDFPCLHCKJ": "",
            "size": {
                "x": 13.0,
                "y": 20.0,
                "z": 30.0
            },
            "IMJINMIICCG": [
                220012005
            ]
        },
        "3": {
            "$type": "HGLFPLHHAEO",
            "gadgetId": 70120003,
            "pos": {
                "x": 178.64610290527344,
                "y": 50.5164909362793,
                "z": 287.3959045410156
            },
            "rot": {
                "y": 180.0
            },
            "unlocked": true,
            "alias": "",
            "FOGDFAPNFKB": "",
            "FMDFPCLHCKJ": "",
            "size": {
                "x": 49.20000076293945,
                "y": 13.390000343322754,
                "z": 47.209999084472656
            },
            "IMJINMIICCG": [
                220012007
            ]
        },
        "4": {
            "$type": "EEALIHOHGHO",
            "gadgetId": 70120004,
            "pos": {
                "x": 191.51019287109375,
                "y": 59.15999984741211,
                "z": 399.654296875
            },
            "unlocked": true,
            "alias": "",
            "FOGDFAPNFKB": "",
            "FMDFPCLHCKJ": "",
            "size": {
                "x": 5.0,
                "y": 5.0,
                "z": 5.0
            }
        }
    },
    "entities": {
        "1": {
            "$type": "CIJDAELJICH",
            "gadgetId": 70010006,
            "pos": {
                "x": 194.5572052001953,
                "y": 24.299999237060547,
                "z": 177.75689697265625
            },
            "unlocked": true,
            "alias": "",
            "FOGDFAPNFKB": "",
            "FMDFPCLHCKJ": "",
            "triggerFlag": "DeadRegion",
            "shape": {
                "$type": "KLMBGIDHBDA",
                "MNJJPFENMPD": true,
                "height": 10.0,
                "JELJIJGLKLO": "Center",
                "width": 500.0,
                "length": 500.0
            },
            "KFMDCCEEGGJ": ""
        },
        "2": {
            "$type": "CIJDAELJICH",
            "gadgetId": 70010006,
            "pos": {
                "x": 41.400001525878906,
                "y": 45.0,
                "z": 41.17198181152344
            },
            "unlocked": true,
            "alias": "",
            "FOGDFAPNFKB": "",
            "FMDFPCLHCKJ": "",
            "triggerFlag": "DeadRegion",
            "shape": {
                "$type": "KLMBGIDHBDA",
                "MNJJPFENMPD": true,
                "height": 5.0,
                "JELJIJGLKLO": "Center",
                "width": 40.0,
                "length": 60.0
            },
            "KFMDCCEEGGJ": ""
        }
    }
}