{
    "OKJIDAEFIOD": {
        "1": {
            "$type": "NIPJPDIBHHL",
            "ILIFEDBAGLB": 70120004,
            "ECLBMPMBMLE": {
                "_x": 31.063249588012695,
                "_y": 83.33673858642578,
                "_z": 651.8707885742188
            },
            "GKOBOKNGMNE": {
                "_x": -36.885990142822266,
                "_y": -3.4712419509887695,
                "_z": -50.220890045166016
            },
            "OGLCIHHLECO": "",
            "EIHBECKFELM": "",
            "NBPLDPOGDAA": ""
        },
        "2": {
            "$type": "MFHOPOBHMHB",
            "ILIFEDBAGLB": 70010006,
            "ECLBMPMBMLE": {
                "_x": 119.11109924316406,
                "_y": 85.6214828491211,
                "_z": 750.8167724609375
            },
            "FANCKABFCPH": {
                "_y": 318.09429931640625
            },
            "GKOBOKNGMNE": {
                "_x": 119.11112213134766,
                "_y": 85.62147521972656,
                "_z": 750.8167724609375
            },
            "CPDMGEEENAG": {
                "_y": 318.09429931640625
            },
            "OGLCIHHLECO": "",
            "EIHBECKFELM": "",
            "NBPLDPOGDAA": "",
            "KDKNEEKBHOC": {
                "_x": 10.0,
                "_y": 10.0,
                "_z": 10.0
            }
        },
        "3": {
            "$type": "JMLCJLEOKLI",
            "ILIFEDBAGLB": 70010006,
            "ECLBMPMBMLE": {
                "_x": 119.11109924316406,
                "_y": 85.6214828491211,
                "_z": 750.8167724609375
            },
            "FANCKABFCPH": {
                "_y": 318.09429931640625
            },
            "GKOBOKNGMNE": {
                "_x": 121.43667602539062,
                "_y": 85.62147521972656,
                "_z": 750.0606689453125
            },
            "CPDMGEEENAG": {
                "_y": 298.680908203125
            },
            "OGLCIHHLECO": "",
            "EIHBECKFELM": "",
            "NBPLDPOGDAA": "",
            "KDKNEEKBHOC": {
                "_x": 10.0,
                "_y": 10.0,
                "_z": 10.0
            }
        },
        "4": {
            "$type": "MFHOPOBHMHB",
            "ILIFEDBAGLB": 70010006,
            "ECLBMPMBMLE": {
                "_x": 74.64005279541016,
                "_y": 106.20259857177734,
                "_z": 868.9555053710938
            },
            "FANCKABFCPH": {
                "_y": 354.902587890625
            },
            "GKOBOKNGMNE": {
                "_x": 74.64005279541016,
                "_y": 106.20259857177734,
                "_z": 868.9555053710938
            },
            "CPDMGEEENAG": {
                "_y": 354.902587890625
            },
            "OGLCIHHLECO": "",
            "EIHBECKFELM": "",
            "NBPLDPOGDAA": "",
            "KDKNEEKBHOC": {
                "_x": 50.0,
                "_y": 50.0,
                "_z": 10.0
            }
        },
        "5": {
            "$type": "JMLCJLEOKLI",
            "ILIFEDBAGLB": 70010006,
            "ECLBMPMBMLE": {
                "_x": 74.64005279541016,
                "_y": 106.20259857177734,
                "_z": 868.9555053710938
            },
            "FANCKABFCPH": {
                "_y": 354.902587890625
            },
            "GKOBOKNGMNE": {
                "_x": 74.64005279541016,
                "_y": 106.20259857177734,
                "_z": 868.9555053710938
            },
            "CPDMGEEENAG": {
                "_y": 354.902587890625
            },
            "OGLCIHHLECO": "",
            "EIHBECKFELM": "",
            "NBPLDPOGDAA": "",
            "KDKNEEKBHOC": {
                "_x": 50.0,
                "_y": 50.0,
                "_z": 10.0
            }
        }
    },
    "LHHAHFPKBCM": {
        "1": {
            "$type": "AMEIDNAJKIJ",
            "ILIFEDBAGLB": 70010006,
            "ECLBMPMBMLE": {
                "_x": 126.65869903564453,
                "_y": 32.65591049194336,
                "_z": 586.5645751953125
            },
            "GKOBOKNGMNE": {
                "_x": 126.65873718261719,
                "_y": 85.4000015258789,
                "_z": 696.4221801757812
            },
            "NBLDNHLJLIN": true,
            "OGLCIHHLECO": "",
            "EIHBECKFELM": "",
            "NBPLDPOGDAA": "",
            "PPHNNDLJOEG": 1000.0,
            "NPLFHDBONNK": "DeadRegion",
            "MCNOGNBMIDN": {
                "$type": "LLNPBLICDHC",
                "GKIBEHOFNBF": true,
                "BJFNPGBKPHH": 30.0,
                "IJDCDHPEIEK": 700.0,
                "KMCIHHPLFHL": 700.0
            },
            "LEPALCGBCKG": ""
        },
        "2": {
            "$type": "AMEIDNAJKIJ",
            "ILIFEDBAGLB": 70010006,
            "ECLBMPMBMLE": {
                "_x": 126.65869903564453,
                "_y": 32.65591049194336,
                "_z": 548.8552856445312
            },
            "GKOBOKNGMNE": {
                "_x": 126.65873718261719,
                "_y": 85.4000015258789,
                "_z": 696.4221801757812
            },
            "NBLDNHLJLIN": true,
            "OGLCIHHLECO": "",
            "EIHBECKFELM": "",
            "NBPLDPOGDAA": "",
            "PPHNNDLJOEG": 1000.0,
            "NPLFHDBONNK": "DeadRegion",
            "MCNOGNBMIDN": {
                "$type": "LLNPBLICDHC",
                "GKIBEHOFNBF": true,
                "BJFNPGBKPHH": 300.0,
                "IJDCDHPEIEK": 700.0,
                "KMCIHHPLFHL": 50.0
            },
            "LEPALCGBCKG": ""
        },
        "3": {
            "$type": "AMEIDNAJKIJ",
            "ILIFEDBAGLB": 70010006,
            "ECLBMPMBMLE": {
                "_x": -57.02857971191406,
                "_y": 32.65591049194336,
                "_z": 543.5250854492188
            },
            "GKOBOKNGMNE": {
                "_x": 126.65873718261719,
                "_y": 85.4000015258789,
                "_z": 696.4221801757812
            },
            "NBLDNHLJLIN": true,
            "OGLCIHHLECO": "",
            "EIHBECKFELM": "",
            "NBPLDPOGDAA": "",
            "PPHNNDLJOEG": 1000.0,
            "NPLFHDBONNK": "DeadRegion",
            "MCNOGNBMIDN": {
                "$type": "LLNPBLICDHC",
                "GKIBEHOFNBF": true,
                "BJFNPGBKPHH": 300.0,
                "IJDCDHPEIEK": 50.0,
                "KMCIHHPLFHL": 500.0
            },
            "LEPALCGBCKG": ""
        },
        "4": {
            "$type": "AMEIDNAJKIJ",
            "ILIFEDBAGLB": 70010006,
            "ECLBMPMBMLE": {
                "_x": 126.65869903564453,
                "_y": 32.65591049194336,
                "_z": 956.1389770507812
            },
            "GKOBOKNGMNE": {
                "_x": 126.65873718261719,
                "_y": 85.4000015258789,
                "_z": 696.4221801757812
            },
            "NBLDNHLJLIN": true,
            "OGLCIHHLECO": "",
            "EIHBECKFELM": "",
            "NBPLDPOGDAA": "",
            "PPHNNDLJOEG": 1000.0,
            "NPLFHDBONNK": "DeadRegion",
            "MCNOGNBMIDN": {
                "$type": "LLNPBLICDHC",
                "GKIBEHOFNBF": true,
                "BJFNPGBKPHH": 300.0,
                "PGAJCDACFCA": "Center",
                "IJDCDHPEIEK": 700.0,
                "KMCIHHPLFHL": 50.0
            },
            "LEPALCGBCKG": ""
        },
        "5": {
            "$type": "AMEIDNAJKIJ",
            "ILIFEDBAGLB": 70010006,
            "ECLBMPMBMLE": {
                "_x": 245.5323944091797,
                "_y": 32.65591049194336,
                "_z": 543.5872802734375
            },
            "GKOBOKNGMNE": {
                "_x": 126.65873718261719,
                "_y": 85.4000015258789,
                "_z": 696.4221801757812
            },
            "NBLDNHLJLIN": true,
            "OGLCIHHLECO": "",
            "EIHBECKFELM": "",