{
    "EIAKLLDIBOG": {
        "1": {
            "$type": "DungeonQuitPoint",
            "type": "TOWER",
            "gadgetId": 70120004,
            "pos": {
                "x": 37.343650817871094,
                "y": 5.740199089050293,
                "z": 133.4333038330078
            },
            "tranPos": {
                "x": 37.34364700317383,
                "y": 5.740199089050293,
                "z": 133.43328857421875
            },
            "alias": "",
            "OKBHIJJFEKD": "",
            "BKAILKIEBDH": "",
            "size": {
                "x": 3.0,
                "y": 3.0,
                "z": 3.0
            }
        }
    }
}