{
    "NEKGGALFGNE": {
        "1": {
            "$type": "AFNCNGJBKBG",
            "gadgetId": 70010002,
            "pos": {
                "x": 4.514344215393066,
                "y": -2.639436984658961e-16,
                "z": 4.260006904602051
            },
            "rot": {
                "y": 268.9997863769531
            },
            "tranPos": {
                "x": 2302.1240234375,
                "y": 214.09120178222656,
                "z": -922.9132080078125
            },
            "tranRot": {
                "y": 320.0
            },
            "unlocked": true,
            "alias": "",
            "OJICGFEJFHF": "",
            "NIIGCOHDBPF": "",
            "PHNNFINFNNC": 3,
            "EGCNDBOGOFN": "UI_SCENE_ENTRY_EXIT_ANGELSHARE",
            "JJOKNKFCEFD": {
                "x": 1.5,
                "y": 1.5,
                "z": 1.5
            },
            "NKHFFAECDLM": 24.0
        },
        "2": {
            "$type": "AFNCNGJBKBG",
            "gadgetId": 70010002,
            "pos": {
                "x": -4.758655071258545,
                "y": 0.4097931981086731,
                "z": 1.4846550226211548
            },
            "rot": {
                "y": 91.58380126953125
            },
            "tranPos": {
                "x": 2313.199951171875,
                "y": 215.3000030517578,
                "z": -929.7999877929688
            },
            "tranRot": {
                "y": 146.0
            },
            "unlocked": true,
            "alias": "",
            "OJICGFEJFHF": "",
            "NIIGCOHDBPF": "",
            "PHNNFINFNNC": 3,
            "EGCNDBOGOFN": "UI_SCENE_ENTRY_EXIT_ANGELSHARE",
            "JJOKNKFCEFD": {
                "x": 1.5,
                "y": 1.5,
                "z": 1.5
            },
            "NKHFFAECDLM": 24.0
        },
        "3": {
            "$type": "AFNCNGJBKBG",
            "gadgetId": 70010002,
            "pos": {
                "x": 0.01841259002685547,
                "y": 4.896609783172607,
                "z": 8.859965324401855
            },
            "rot": {
                "y": 178.43719482421875
            },
            "tranPos": {
                "x": 2302.115966796875,
                "y": 219.0,
                "z": -929.3480224609375
            },
            "tranRot": {
                "y": 227.0
            },
            "unlocked": true,
            "alias": "",
            "OJICGFEJFHF": "",
            "NIIGCOHDBPF": "",
            "PHNNFINFNNC": 3,
            "EGCNDBOGOFN": "UI_SCENE_ENTRY_EXIT_ANGELSHARE",
            "JJOKNKFCEFD": {
                "x": 1.5,
                "y": 1.5,
                "z": 1.5
            },
            "NKHFFAECDLM": 24.0
        }
    },
    "GIFOHNONNCM": {}
}