{
    "EIAKLLDIBOG": {
        "1": {
            "$type": "DungeonQuitPoint",
            "gadgetId": 70120004,
            "pos": {
                "x": -67.54791259765625,
                "y": 279.6484069824219,
                "z": -181.9019012451172
            },
            "tranPos": {
                "x": -67.54791259765625,
                "y": 279.6484069824219,
                "z": -181.9019012451172
            },
            "alias": "",
            "OKBHIJJFEKD": "",
            "BKAILKIEBDH": "",
            "size": {
                "x": 5.0,
                "y": 5.0,
                "z": 5.0
            }
        }
    }
}