{
    "NEKGGALFGNE": {
        "1": {
            "$type": "HLNNHPGMKBL",
            "gadgetId": 70120004,
            "pos": {
                "x": 866.4069213867188,
                "y": 76.34398651123047,
                "z": 442.1481018066406
            },
            "rot": {
                "y": 249.1584930419922
            },
            "tranPos": {
                "x": 873.8597412109375,
                "y": 76.24080657958984,
                "z": 436.8100891113281
            },
            "alias": "",
            "OJICGFEJFHF": "",
            "NIIGCOHDBPF": "",
            "size": {
                "x": 5.0,
                "y": 5.0,
                "z": 5.0
            }
        }
    },
    "GIFOHNONNCM": {}
}