{
    "EIAKLLDIBOG": {
        "1": {
            "$type": "DungeonQuitPoint",
            "gadgetId": 70120004,
            "pos": {
                "x": 2.2067439431339153e-07,
                "z": 1.3242199420928955
            },
            "rot": {
                "y": 180.0
            },
            "tranPos": {
                "x": -0.12527655065059662,
                "y": 0.7367250919342041,
                "z": 12.825610160827637
            },
            "alias": "",
            "OKBHIJJFEKD": "",
            "BKAILKIEBDH": "",
            "size": {
                "x": 3.0,
                "y": 3.0,
                "z": 3.0
            }
        }
    }
}