{
    "EIAKLLDIBOG": {
        "1": {
            "$type": "DungeonQuitPoint",
            "type": "TOWER",
            "gadgetId": 70120004,
            "pos": {
                "x": 0.3665075898170471,
                "y": 1.9822450667561498e-06,
                "z": -12.166930198669434
            },
            "tranPos": {
                "x": 492.44598388671875,
                "y": 100.54150390625,
                "z": 488.32806396484375
            },
            "alias": "",
            "OKBHIJJFEKD": "",
            "BKAILKIEBDH": "",
            "size": {
                "x": 3.0,
                "y": 3.0,
                "z": 3.0
            }
        }
    }
}