{
    "NEKGGALFGNE": {
        "1": {
            "$type": "GHAENHOMJDL",
            "gadgetId": 70120003,
            "pos": {
                "x": 11.621500015258789,
                "y": -3.0719950199127197,
                "z": 50.1528205871582
            },
            "rot": {
                "y": 270.0
            },
            "unlocked": true,
            "alias": "",
            "OJICGFEJFHF": "",
            "NIIGCOHDBPF": "",
            "size": {
                "x": 30.0,
                "y": 10.0,
                "z": 30.0
            }
        },
        "2": {
            "$type": "GHAENHOMJDL",
            "gadgetId": 70120003,
            "pos": {
                "x": 30.017559051513672,
                "y": 7.7846832275390625,
                "z": -59.99269104003906
            },
            "unlocked": true,
            "alias": "",
            "OJICGFEJFHF": "",
            "NIIGCOHDBPF": "",
            "size": {
                "x": 20.0,
                "y": 10.0,
                "z": 30.0
            }
        },
        "3": {
            "$type": "GHAENHOMJDL",
            "gadgetId": 70120003,
            "pos": {
                "x": 137.74989318847656,
                "y": 60.248470306396484,
                "z": -13.956999778747559
            },
            "rot": {
                "y": 180.0
            },
            "unlocked": true,
            "alias": "",
            "OJICGFEJFHF": "",
            "NIIGCOHDBPF": "",
            "size": {
                "x": 30.0,
                "y": 10.0,
                "z": 40.0
            }
        },
        "4": {
            "$type": "HLNNHPGMKBL",
            "gadgetId": 70120004,
            "pos": {
                "x": 166.25990295410156,
                "y": 81.4580078125,
                "z": -22.14834976196289
            },
            "rot": {
                "y": 90.0
            },
            "unlocked": true,
            "alias": "",
            "OJICGFEJFHF": "",
            "NIIGCOHDBPF": "",
            "size": {
                "x": 5.0,
                "y": 5.0,
                "z": 5.0
            }
        },
        "5": {
            "$type": "DBLPHPBFHCE",
            "gadgetId": 70010006,
            "pos": {
                "x": -32.593650817871094,
                "y": 1.0,
                "z": 53.14493942260742
            },
            "rot": {
                "x": 359.93109130859375,
                "y": 173.78280639648438,
                "z": 1.9443000555038452
            },
            "unlocked": true,
            "alias": "",
            "OJICGFEJFHF": "",
            "NIIGCOHDBPF": "",
            "size": {
                "x": 15.0,
                "y": 15.0,
                "z": 15.0
            }
        },
        "6": {
            "$type": "DBLPHPBFHCE",
            "gadgetId": 70010006,
            "pos": {
                "x": 4.904983997344971,
                "y": 1.0671969652175903,
                "z": 17.827049255371094
            },
            "rot": {
                "y": 357.76019287109375
            },
            "unlocked": true,
            "alias": "",
            "OJICGFEJFHF": "",
            "NIIGCOHDBPF": "",
            "size": {
                "x": 15.0,
                "y": 15.0,
                "z": 15.0
            }
        },
        "7": {
            "$type": "DBLPHPBFHCE",
            "gadgetId": 70010006,
            "pos": {
                "x": 41.54072952270508,
                "y": 8.979337692260742,
                "z": -50.008609771728516
            },
            "rot": {
                "y": 179.72059631347656
            },
            "unlocked": true,
            "alias": "",
            "OJICGFEJFHF": "",
            "NIIGCOHDBPF": "",
            "size": {
                "x": 15.0,
                "y": 15.0,
                "z": 15.0
            }
        },
        "8": {
            "$type": "DBLPHPBFHCE",
            "gadgetId": 70010006,
            "pos": {
                "x": 135.71580505371094,
                "y": 58.81557083129883,
                "z": -22.131750106811523
            },
            "rot": {
                "y": 181.65879821777344
            },
            "unlocked": true,
            "alias": "",
            "OJICGFEJFHF": "",
            "NIIGCOHDBPF": "",
            "size": {
                "x": 15.0,
                "y": 15.0,
                "z": 15.0
            }
        },
        "9": {
            "$type": "DBLPHPBFHCE",
            "gadgetId": 70010006,
            "pos": {
                "x": 197.01780700683594,
                "y": 60.51055908203125,
                "z": -21.77773094177246
            },
            "rot": {
                "y": 181.83670043945312
            },
            "unlocked": true,
            "alias": "",
            "OJICGFEJFHF": "",
            "NIIGCOHDBPF": ""
        }
    },
    "forces": {
        "2": {
            "$type": "MOMLOOMLFBP",
            "gadgetId": 70610102,
            "pos": {
                "x": -6.019466876983643,
                "y": -30.289630889892578,
                "z": -46.3509407043457
            },
            "alias": "",
            "OJICGFEJFHF": "",
            "NIIGCOHDBPF": "",
            "velocity": 5.0,
            "stayEffect": "Eff_Windfield_Stay",
            "enterEffect": "Eff_Windfield_Enter"
        },
        "3": {
            "$type": "MOMLOOMLFBP",
            "gadgetId": 70610102,
            "pos": {
                "x": 200.3531951904297,
                "y": 42.40401077270508,
                "z": -21.997690200805664
            },
            "alias": "",
            "OJICGFEJFHF": "",
            "NIIGCOHDBPF": "",
            "velocity": 8.0,
            "stayEffect": "Eff_Windfield_Stay",
            "enterEffect": "Eff_Windfield_Enter"
        }
    },
    "entities": {
        "1": {
            "$type": "EMBAKBDCMLP",
            "gadgetId": 70010006,
            "pos": {
                "x": -49.6697883605957,
                "y": 1.0558099746704102,
                "z": 86.2003173828125
            },
            "unlocked": true,
            "alias": "",
            "OJICGFEJFHF": "",
            "NIIGCOHDBPF": "",
            "triggerFlag": "NoReviveRegion",
            "shape": {
                "$type": "NDFENLCJONG",
                "KMPIJPHJAEN": true,
                "height": 50.0,
                "GHAGDAIJFHJ": "Center",
                "width": 50.0,
                "length": 50.0
            },
            "CGADHNOAGIB": ""
        },
        "10": {
            "$type": "EMBAKBDCMLP",
            "gadgetId": 70010006,
            "pos": {
                "x": -27.298370361328125,
                "y": 14.481969833374023,
                "z": -105.40180206298828
            },
            "unlocked": true,
            "alias": "",
            "OJICGFEJFHF": "",
            "NIIGCOHDBPF": "",
            "KBOGLJLDGMC": 500.0,
            "NGBJGPGAHFP": true,
            "triggerFlag": "DeadRegion",
            "shape": {
                "$type": "NDFENLCJONG",
                "KMPIJPHJAEN": true,
                "height": 50.0,
                "GHAGDAIJFHJ": "Center",
                "width": 100.0,
                "length": 100.0
            },
            "CGADHNOAGIB": ""
        },
        "2": {
            "$type": "EMBAKBDCMLP",
            "gadgetId": 70010006,
            "pos": {
                "x": -98.21781921386719,
                "y": 1.0000009536743164,
                "z": 15.732069969177246
            },
            "unlocked": true,
            "alias": "",
            "OJICGFEJFHF": "",
            "NIIGCOHDBPF": "",