{
    "FEFNCDLEHGL": {
        "1": {
            "$type": "PersonalSceneJumpPoint",
            "gadgetId": 70010002,
            "pos": {
                "x": 97.63878631591797,
                "y": 5.556393146514893,
                "z": 0.5123109221458435
            },
            "rot": {
                "y": 266.6000061035156
            },
            "tranPos": {
                "x": -385.5279235839844,
                "y": 281.4631042480469,
                "z": 2838.741455078125
            },
            "tranRot": {
                "y": 190.0
            },
            "unlocked": true,
            "alias": "",
            "ADNDKHDKAEC": "",
            "BEDBEJAACAH": "",
            "tranSceneId": 3,
            "titleTextID": "UI_SCENE_ENTRY_EXIT_Biglibrary",
            "triggerSize": {
                "x": 4.0,
                "y": 4.0,
                "z": 4.0
            },
            "closeTime": 24.0
        }
    }
}