{
    "OKJIDAEFIOD": {
        "1": {
            "$type": "NIPJPDIBHHL",
            "ILIFEDBAGLB": 70120004,
            "ECLBMPMBMLE": {
                "_x": -90.5533676147461,
                "_y": -46.434478759765625,
                "_z": 28.035980224609375
            },
            "GKOBOKNGMNE": {
                "_x": 1079.4376220703125,
                "_y": 261.7490234375,
                "_z": 123.30799865722656
            },
            "OGLCIHHLECO": "",
            "EIHBECKFELM": "",
            "NBPLDPOGDAA": "",
            "KDKNEEKBHOC": {
                "_x": 3.0,
                "_y": 3.0,
                "_z": 3.0
            }
        },
        "10": {
            "$type": "JMLCJLEOKLI",
            "ILIFEDBAGLB": 70010006,
            "ECLBMPMBMLE": {
                "_x": 18.010839462280273,
                "_y": 4.296377182006836,
                "_z": -75.16429138183594
            },
            "FANCKABFCPH": {
                "_y": 90.88999938964844
            },
            "GKOBOKNGMNE": {
                "_x": 18.01083755493164,
                "_y": 4.296377182006836,
                "_z": -75.16429138183594
            },
            "CPDMGEEENAG": {
                "_y": 90.89000701904297
            },
            "OGLCIHHLECO": "",
            "EIHBECKFELM": "",
            "NBPLDPOGDAA": "",
            "KDKNEEKBHOC": {
                "_x": 30.0,
                "_y": 20.0,
                "_z": 30.0
            }
        },
        "11": {
            "$type": "JMLCJLEOKLI",
            "ILIFEDBAGLB": 70010006,
            "ECLBMPMBMLE": {
                "_x": 9.095495223999023,
                "_y": 50.02788162231445,
                "_z": 4.581525802612305
            },
            "GKOBOKNGMNE": {
                "_x": 9.095495223999023,
                "_y": 50.02787780761719,
                "_z": 4.581526279449463
            },
            "OGLCIHHLECO": "",
            "EIHBECKFELM": "",
            "NBPLDPOGDAA": "",
            "KDKNEEKBHOC": {
                "_x": 30.0,
                "_y": 20.0,
                "_z": 30.0
            }
        },
        "12": {
            "$type": "JMLCJLEOKLI",
            "ILIFEDBAGLB": 70310387,
            "ECLBMPMBMLE": {
                "_x": -44.1951904296875,
                "_y": -21.727460861206055,
                "_z": 53.08776092529297
            },
            "FANCKABFCPH": {
                "_y": 269.6993103027344
            },
            "GKOBOKNGMNE": {
                "_x": -138.05006408691406,
                "_y": -35.30593490600586,
                "_z": 63.18206787109375
            },
            "OGLCIHHLECO": "",
            "EIHBECKFELM": "",
            "NBPLDPOGDAA": "",
            "KDKNEEKBHOC": {
                "_x": 30.0,
                "_y": 20.0,
                "_z": 30.0
            }
        },
        "13": {
            "$type": "JMLCJLEOKLI",
            "ILIFEDBAGLB": 70310387,
            "ECLBMPMBMLE": {
                "_x": 80.46572875976562,
                "_y": 25.329999923706055,
                "_z": -41.19940185546875
            },
            "FANCKABFCPH": {
                "_y": 271.4537048339844
            },
            "GKOBOKNGMNE": {
                "_x": 80.08348846435547,
                "_y": 25.329999923706055,
                "_z": -41.30215072631836
            },
            "OGLCIHHLECO": "",
            "EIHBECKFELM": "",
            "NBPLDPOGDAA": "",
            "KDKNEEKBHOC": {
                "_x": 30.0,
                "_y": 20.0,
                "_z": 30.0
            }
        },
        "2": {
            "$type": "MFHOPOBHMHB",
            "ILIFEDBAGLB": 70010006,
            "ECLBMPMBMLE": {
                "_x": -110.68199920654297,
                "_y": -46.46538162231445,
                "_z": 25.606019973754883
            },
            "FANCKABFCPH": {
                "_y": 89.03350067138672
            },
            "GKOBOKNGMNE": {
                "_x": -110.68646240234375,
                "_y": -46.46538162231445,
                "_z": 25.87333869934082
            },
            "OGLCIHHLECO": "",
            "EIHBECKFELM": "",
            "NBPLDPOGDAA": "",
            "KDKNEEKBHOC": {
                "_x": 20.0,
                "_y": 20.0,
                "_z": 20.0
            }
        },
        "3": {
            "$type": "MFHOPOBHMHB",
            "ILIFEDBAGLB": 70010006,
            "ECLBMPMBMLE": {
                "_x": -77.5509262084961,
                "_y": -31.9327392578125,
                "_z": 52.36888885498047
            },
            "FANCKABFCPH": {
                "_y": 89.03350067138672
            },
            "GKOBOKNGMNE": {
                "_x": -77.5509262084961,
                "_y": -31.9327392578125,
                "_z": 52.36888885498047
            },
            "CPDMGEEENAG": {
                "_y": 89.2334976196289
            },
            "OGLCIHHLECO": "",
            "EIHBECKFELM": "",
            "NBPLDPOGDAA": "",
            "KDKNEEKBHOC": {
                "_x": 20.0,
                "_y": 20.0,
                "_z": 20.0
            }
        },
        "4": {
            "$type": "MFHOPOBHMHB",
            "ILIFEDBAGLB": 70010006,
            "ECLBMPMBMLE": {
                "_x": -49.010040283203125,
                "_y": -21.757080078125,
                "_z": 0.7618981003761292
            },
            "FANCKABFCPH": {
                "_y": 180.2563018798828
            },
            "GKOBOKNGMNE": {
                "_x": -49.010040283203125,
                "_y": -21.757080078125,
                "_z": 0.7618981003761292
            },
            "CPDMGEEENAG": {
                "_y": 180.2563018798828
            },
            "OGLCIHHLECO": "",
            "EIHBECKFELM": "",
            "NBPLDPOGDAA": "",
            "KDKNEEKBHOC": {
                "_x": 20.0,
                "_y": 20.0,
                "_z": 20.0
            }
        },
        "5": {
            "$type": "MFHOPOBHMHB",
            "ILIFEDBAGLB": 70010006,
            "ECLBMPMBMLE": {
                "_x": 46.891029357910156,
                "_y": 27.416379928588867,
                "_z": -74.68575286865234
            },
            "FANCKABFCPH": {
                "_y": 89.88619995117188
            },
            "GKOBOKNGMNE": {
                "_x": 46.891029357910156,
                "_y": 27.416379928588867,
                "_z": -74.68575286865234
            },
            "CPDMGEEENAG": {
                "_y": 89.88614654541016
            },
            "OGLCIHHLECO": "",
            "EIHBECKFELM": "",
            "NBPLDPOGDAA": "",
            "KDKNEEKBHOC": {
                "_x": 10.0,
                "_y": 5.0,
                "_z": 10.0
            }
        },
        "6": {
            "$type": "MFHOPOBHMHB",
            "ILIFEDBAGLB": 70010006,
            "ECLBMPMBMLE": {
                "_x": -27.11846923828125,
                "_y": -27.24789047241211,
                "_z": -37.72277069091797
            },
            "FANCKABFCPH": {
                "_y": 89.88619995117188
            },
            "GKOBOKNGMNE": {
                "_x": -27.11846923828125,
                "_y": -27.24789047241211,
                "_z": -37.72277069091797
            },
            "CPDMGEEENAG": {
                "_y": 89.88619995117188
            },
            "OGLCIHHLECO": "",
            "EIHBECKFELM": "",
            "NBPLDPOGDAA": "",
            "KDKNEEKBHOC": {
                "_x": 15.0,
                "_y": 10.0,
                "_z": 15.0
            }
        },
        "7": {
            "$type": "MFHOPOBHMHB",
            "ILIFEDBAGLB": 70010006,
            "ECLBMPMBMLE": {
                "_x": 3.4224040508270264,
                "_y": 52.79999923706055,
                "_z": 117.36720275878906
            },
            "FANCKABFCPH": {
                "_y": 355.76220703125
            },