{
    "OKJIDAEFIOD": {
        "1": {
            "$type": "MFHOPOBHMHB",
            "ILIFEDBAGLB": 70360001,
            "ECLBMPMBMLE": {
                "_x": 210.5054931640625,
                "_y": 188.45570373535156,
                "_z": 365.0790100097656
            },
            "FANCKABFCPH": {
                "_y": 270.0
            },
            "OGLCIHHLECO": "",
            "EIHBECKFELM": "",
            "NBPLDPOGDAA": "",
            "KDKNEEKBHOC": {
                "_x": 5.0,
                "_y": 20.0,
                "_z": 10.0
            }
        },
        "2": {
            "$type": "MFHOPOBHMHB",
            "ILIFEDBAGLB": 70360001,
            "ECLBMPMBMLE": {
                "_x": 274.7179870605469,
                "_y": 160.41619873046875,
                "_z": 292.0990905761719
            },
            "FANCKABFCPH": {
                "_y": 90.0
            },
            "OGLCIHHLECO": "",
            "EIHBECKFELM": "",
            "NBPLDPOGDAA": "",
            "KDKNEEKBHOC": {
                "_x": 8.0,
                "_y": 25.0,
                "_z": 20.0
            }
        },
        "3": {
            "$type": "MFHOPOBHMHB",
            "ILIFEDBAGLB": 70360001,
            "ECLBMPMBMLE": {
                "_x": 324.94000244140625,
                "_y": 158.0601043701172,
                "_z": 330.12701416015625
            },
            "FANCKABFCPH": {
                "_y": 180.0
            },
            "OGLCIHHLECO": "",
            "EIHBECKFELM": "",
            "NBPLDPOGDAA": "",
            "KDKNEEKBHOC": {
                "_x": 15.0,
                "_y": 25.0,
                "_z": 8.0
            }
        },
        "4": {
            "$type": "MFHOPOBHMHB",
            "ILIFEDBAGLB": 70360001,
            "ECLBMPMBMLE": {
                "_x": 278.5404968261719,
                "_y": 160.1488037109375,
                "_z": 442.0000915527344
            },
            "FANCKABFCPH": {
                "_y": 90.0
            },
            "OGLCIHHLECO": "",
            "EIHBECKFELM": "",
            "NBPLDPOGDAA": "",
            "KDKNEEKBHOC": {
                "_x": 10.0,
                "_y": 25.0,
                "_z": 15.0
            }
        },
        "5": {
            "$type": "MFHOPOBHMHB",
            "ILIFEDBAGLB": 70360001,
            "ECLBMPMBMLE": {
                "_x": 324.360107421875,
                "_y": 157.87440490722656,
                "_z": 402.6235046386719
            },
            "OGLCIHHLECO": "",
            "EIHBECKFELM": "",
            "NBPLDPOGDAA": "",
            "KDKNEEKBHOC": {
                "_x": 15.0,
                "_y": 25.0,
                "_z": 15.0
            }
        }
    },
    "LHHAHFPKBCM": {
        "1": {
            "$type": "AMEIDNAJKIJ",
            "ILIFEDBAGLB": 70010006,
            "ECLBMPMBMLE": {
                "_x": 136.2165985107422,
                "_y": 184.6165008544922,
                "_z": 364.9674987792969
            },
            "NBLDNHLJLIN": true,
            "OGLCIHHLECO": "",
            "EIHBECKFELM": "",
            "NBPLDPOGDAA": "",
            "NPLFHDBONNK": "DeadRegion",
            "MCNOGNBMIDN": {
                "$type": "LLNPBLICDHC",
                "GKIBEHOFNBF": true,
                "BJFNPGBKPHH": 10.0,
                "PGAJCDACFCA": "Center",
                "IJDCDHPEIEK": 110.0,
                "KMCIHHPLFHL": 100.0
            },
            "LEPALCGBCKG": ""
        },
        "10": {
            "$type": "AMEIDNAJKIJ",
            "ILIFEDBAGLB": 70010006,
            "ECLBMPMBMLE": {
                "_x": 325.4537048339844,
                "_y": 155.46800231933594,
                "_z": 459.8977966308594
            },
            "NBLDNHLJLIN": true,
            "OGLCIHHLECO": "",
            "EIHBECKFELM": "",
            "NBPLDPOGDAA": "",
            "NPLFHDBONNK": "NoReviveRegion",
            "MCNOGNBMIDN": {
                "$type": "LLNPBLICDHC",
                "GKIBEHOFNBF": true,
                "BJFNPGBKPHH": 10.0,
                "PGAJCDACFCA": "Center",
                "IJDCDHPEIEK": 25.0,
                "KMCIHHPLFHL": 20.0
            },
            "LEPALCGBCKG": ""
        },
        "11": {
            "$type": "AMEIDNAJKIJ",
            "ILIFEDBAGLB": 70010006,
            "ECLBMPMBMLE": {
                "_x": 308.2439880371094,
                "_y": 147.552001953125,
                "_z": 294.75250244140625
            },
            "NBLDNHLJLIN": true,
            "OGLCIHHLECO": "",
            "EIHBECKFELM": "",
            "NBPLDPOGDAA": "",
            "NPLFHDBONNK": "DeadRegion",
            "MCNOGNBMIDN": {
                "$type": "LLNPBLICDHC",
                "GKIBEHOFNBF": true,
                "BJFNPGBKPHH": 20.0,
                "PGAJCDACFCA": "Center",
                "IJDCDHPEIEK": 45.0,
                "KMCIHHPLFHL": 40.0
            },
            "LEPALCGBCKG": ""
        },
        "2": {
            "$type": "AMEIDNAJKIJ",
            "ILIFEDBAGLB": 70010006,
            "ECLBMPMBMLE": {
                "_x": 202.160400390625,
                "_y": 181.37579345703125,
                "_z": 364.9674987792969
            },
            "NBLDNHLJLIN": true,
            "OGLCIHHLECO": "",
            "EIHBECKFELM": "",
            "NBPLDPOGDAA": "",
            "NPLFHDBONNK": "DeadRegion",
            "MCNOGNBMIDN": {
                "$type": "LLNPBLICDHC",
                "GKIBEHOFNBF": true,
                "BJFNPGBKPHH": 10.0,
                "PGAJCDACFCA": "Center",
                "IJDCDHPEIEK": 22.0,
                "KMCIHHPLFHL": 30.0
            },
            "LEPALCGBCKG": ""
        },
        "3": {
            "$type": "AMEIDNAJKIJ",
            "ILIFEDBAGLB": 70010006,
            "ECLBMPMBMLE": {
                "_x": 293.8663024902344,
                "_y": 147.77130126953125,
                "_z": 441.69891357421875
            },
            "NBLDNHLJLIN": true,
            "OGLCIHHLECO": "",
            "EIHBECKFELM": "",
            "NBPLDPOGDAA": "",
            "NPLFHDBONNK": "DeadRegion",
            "MCNOGNBMIDN": {
                "$type": "LLNPBLICDHC",
                "GKIBEHOFNBF": true,
                "BJFNPGBKPHH": 10.0,
                "PGAJCDACFCA": "Center",
                "IJDCDHPEIEK": 40.0,
                "KMCIHHPLFHL": 25.0
            },
            "LEPALCGBCKG": ""
        },
        "4": {
            "$type": "AMEIDNAJKIJ",
            "ILIFEDBAGLB": 70010006,
            "ECLBMPMBMLE": {
                "_x": 325.4537048339844,
                "_y": 147.77130126953125,
                "_z": 432.6028137207031
            },
            "NBLDNHLJLIN": true,
            "OGLCIHHLECO": "",
            "EIHBECKFELM": "",
            "NBPLDPOGDAA": "",
            "NPLFHDBONNK": "DeadRegion",
            "MCNOGNBMIDN": {
                "$type": "LLNPBLICDHC",
                "GKIBEHOFNBF": true,
                "BJFNPGBKPHH": 10.0,
                "PGAJCDACFCA": "Center",
                "IJDCDHPEIEK": 25.0,
                "KMCIHHPLFHL": 80.0
            },
            "LEPALCGBCKG": ""
        },
        "5": {
            "$type": "AMEIDNAJKIJ",
            "ILIFEDBAGLB": 70010006,
            "ECLBMPMBMLE": {
                "_x": 318.4115905761719,
                "_y": 142.1822052001953,
                "_z": 294.75250244140625
            },
            "NBLDNHLJLIN": true,
            "OGLCIHHLECO": "",
            "EIHBECKFELM": "",
            "NBPLDPOGDAA": "",
            "NPLFHDBONNK": "DeadRegion",
            "MCNOGNBMIDN": {
                "$type": "LLNPBLICDHC",
                "GKIBEHOFNBF": true,
                "BJFNPGBKPHH": 10.0,
                "PGAJCDACFCA": "Center",
                "IJDCDHPEIEK": 40.0,
                "KMCIHHPLFHL": 40.0
            },
            "LEPALCGBCKG": ""
        },
        "6": {
            "$type": "AMEIDNAJKIJ",
            "ILIFEDBAGLB": 70010006,