{
    "OKJIDAEFIOD": {
        "1": {
            "$type": "IHPOJHMBEPF",
            "ILIFEDBAGLB": 70010002,
            "ECLBMPMBMLE": {
                "_x": -0.055811818689107895,
                "_y": 0.1999989002943039,
                "_z": 12.945050239562988
            },
            "GKOBOKNGMNE": {
                "_x": -2536.7529296875,
                "_y": 275.8833923339844,
                "_z": -4621.15478515625
            },
            "CPDMGEEENAG": {
                "_y": 277.0
            },
            "NBLDNHLJLIN": true,
            "OGLCIHHLECO": "",
            "EIHBECKFELM": "",
            "NBPLDPOGDAA": "",
            "FHLEHKCJMID": 3,
            "NGPHJOMILAN": "UI_SCENE_ENTRY_EXIT_SHEFENGXING",
            "DPIPPIKIPMA": {
                "_x": 3.0,
                "_y": 3.0,
                "_z": 3.0
            },
            "NDFGICFJMAE": 24.0
        }
    },
    "HNNNIMLDONJ": {}
}