{
    "NEKGGALFGNE": {
        "1": {
            "$type": "HLNNHPGMKBL",
            "gadgetId": 70120004,
            "pos": {
                "x": -36.885990142822266,
                "y": -3.4712419509887695,
                "z": -50.220890045166016
            },
            "tranPos": {
                "x": -36.885990142822266,
                "y": -3.4712419509887695,
                "z": -50.220890045166016
            },
            "alias": "",
            "OJICGFEJFHF": "",
            "NIIGCOHDBPF": ""
        },
        "10": {
            "$type": "GHAENHOMJDL",
            "gadgetId": 70010006,
            "pos": {
                "x": 120.806396484375,
                "y": 85.76946258544922,
                "z": 750.475830078125
            },
            "rot": {
                "y": 308.2892150878906
            },
            "tranPos": {
                "x": 120.806396484375,
                "y": 85.76946258544922,
                "z": 750.475830078125
            },
            "tranRot": {
                "y": 308.2892150878906
            },
            "alias": "",
            "OJICGFEJFHF": "",
            "NIIGCOHDBPF": "",
            "size": {
                "x": 8.0,
                "y": 15.0,
                "z": 8.0
            }
        },
        "11": {
            "$type": "DBLPHPBFHCE",
            "gadgetId": 70010006,
            "pos": {
                "x": 120.806396484375,
                "y": 85.76946258544922,
                "z": 750.475830078125
            },
            "rot": {
                "y": 308.2892150878906
            },
            "tranPos": {
                "x": 120.806396484375,
                "y": 85.76946258544922,
                "z": 750.475830078125
            },
            "tranRot": {
                "y": 308.2892150878906
            },
            "alias": "",
            "OJICGFEJFHF": "",
            "NIIGCOHDBPF": "",
            "size": {
                "x": 8.0,
                "y": 15.0,
                "z": 8.0
            }
        },
        "12": {
            "$type": "GHAENHOMJDL",
            "gadgetId": 70010006,
            "pos": {
                "x": 71.939208984375,
                "y": 107.04879760742188,
                "z": 921.1688842773438
            },
            "rot": {
                "y": 14.098600387573242
            },
            "tranPos": {
                "x": 71.939208984375,
                "y": 107.04879760742188,
                "z": 921.1688842773438
            },
            "tranRot": {
                "y": 14.098560333251953
            },
            "alias": "",
            "OJICGFEJFHF": "",
            "NIIGCOHDBPF": "",
            "size": {
                "x": 8.0,
                "y": 15.0,
                "z": 8.0
            }
        },
        "13": {
            "$type": "DBLPHPBFHCE",
            "gadgetId": 70010006,
            "pos": {
                "x": 71.939208984375,
                "y": 107.04879760742188,
                "z": 921.1688842773438
            },
            "rot": {
                "y": 14.098600387573242
            },
            "tranPos": {
                "x": 71.939208984375,
                "y": 107.04879760742188,
                "z": 921.1688842773438
            },
            "tranRot": {
                "y": 14.098560333251953
            },
            "alias": "",
            "OJICGFEJFHF": "",
            "NIIGCOHDBPF": "",
            "size": {
                "x": 8.0,
                "y": 15.0,
                "z": 8.0
            }
        },
        "3": {
            "$type": "GHAENHOMJDL",
            "gadgetId": 70010006,
            "pos": {
                "x": 41.555538177490234,
                "y": 70.88739776611328,
                "z": 465.7925109863281
            },
            "tranPos": {
                "x": 41.555538177490234,
                "y": 70.88739776611328,
                "z": 465.7925109863281
            },
            "alias": "",
            "OJICGFEJFHF": "",
            "NIIGCOHDBPF": "",
            "size": {
                "x": 30.0,
                "y": 15.0,
                "z": 30.0
            }
        },
        "5": {
            "$type": "DBLPHPBFHCE",
            "gadgetId": 70010006,
            "pos": {
                "x": -0.24105750024318695,
                "y": 35.90631103515625,
                "z": 224.2729034423828
            },
            "tranPos": {
                "x": -0.24105750024318695,
                "y": 35.90631103515625,
                "z": 224.2729034423828
            },
            "alias": "",
            "OJICGFEJFHF": "",
            "NIIGCOHDBPF": "",
            "size": {
                "x": 30.0,
                "y": 15.0,
                "z": 30.0
            }
        },
        "6": {
            "$type": "GHAENHOMJDL",
            "gadgetId": 70010006,
            "pos": {
                "x": -0.24105750024318695,
                "y": 35.90631103515625,
                "z": 224.2729034423828
            },
            "tranPos": {
                "x": -0.24105750024318695,
                "y": 35.90631103515625,
                "z": 224.2729034423828
            },
            "alias": "",
            "OJICGFEJFHF": "",
            "NIIGCOHDBPF": "",
            "size": {
                "x": 30.0,
                "y": 15.0,
                "z": 30.0
            }
        },
        "7": {
            "$type": "DBLPHPBFHCE",
            "gadgetId": 70010006,
            "pos": {
                "x": 41.555538177490234,
                "y": 70.88739776611328,
                "z": 465.7925109863281
            },
            "tranPos": {
                "x": 41.555538177490234,
                "y": 70.88739776611328,
                "z": 465.7925109863281
            },
            "alias": "",
            "OJICGFEJFHF": "",
            "NIIGCOHDBPF": "",
            "size": {
                "x": 30.0,
                "y": 15.0,
                "z": 30.0
            }
        },
        "8": {
            "$type": "GHAENHOMJDL",
            "gadgetId": 70010006,
            "pos": {
                "x": 46.72740936279297,
                "y": 85.60855865478516,
                "z": 599.1566162109375
            },
            "tranPos": {
                "x": 46.72740936279297,
                "y": 85.60855865478516,
                "z": 599.1566162109375
            },
            "alias": "",
            "OJICGFEJFHF": "",
            "NIIGCOHDBPF": "",
            "size": {
                "x": 30.0,
                "y": 15.0,
                "z": 15.0
            }
        },
        "9": {
            "$type": "DBLPHPBFHCE",
            "gadgetId": 70010006,
            "pos": {
                "x": 46.72740936279297,
                "y": 85.60855865478516,
                "z": 599.1566162109375
            },
            "tranPos": {
                "x": 46.72740936279297,
                "y": 85.60855865478516,
                "z": 599.1566162109375
            },
            "alias": "",
            "OJICGFEJFHF": "",
            "NIIGCOHDBPF": "",
            "size": {
                "x": 30.0,
                "y": 15.0,
                "z": 15.0
            }
        }
    },
    "entities": {
        "1": {
            "$type": "EMBAKBDCMLP",
            "gadgetId": 70010006,
            "pos": {
                "x": 51.57278823852539,
                "y": 12.739640235900879,
                "z": 435.4997863769531
            },
            "tranPos": {
                "x": -52.1109619140625,
                "y": -5.562540054321289,
                "z": -62.31879806518555
            },
            "unlocked": true,
            "alias": "",
            "OJICGFEJFHF": "",
            "NIIGCOHDBPF": "",
            "KBOGLJLDGMC": 1000.0,
            "triggerFlag": "DeadRegion",
            "shape": {
                "$type": "NDFENLCJONG",
                "KMPIJPHJAEN": true,