{
    "FEFNCDLEHGL": {
        "1": {
            "$type": "DungeonQuitPoint",
            "gadgetId": 70120004,
            "pos": {
                "x": -14.283169746398926,
                "y": 44.82781982421875,
                "z": -66.75679016113281
            },
            "rot": {
                "y": 270.0
            },
            "unlocked": true,
            "alias": "",
            "ADNDKHDKAEC": "",
            "BEDBEJAACAH": "",
            "size": {
                "x": 3.0,
                "y": 3.0,
                "z": 3.0
            }
        },
        "10": {
            "$type": "DungeonWayPoint",
            "gadgetId": 70010006,
            "pos": {
                "x": -158.05459594726562,
                "y": 3.0732359886169434,
                "z": -63.62168884277344
            },
            "rot": {
                "y": 90.0
            },
            "unlocked": true,
            "alias": "",
            "ADNDKHDKAEC": "",
            "BEDBEJAACAH": "",
            "size": {
                "x": 25.0,
                "y": 25.0,
                "z": 25.0
            }
        },
        "11": {
            "$type": "DungeonWayPoint",
            "gadgetId": 70010006,
            "pos": {
                "x": -134.03419494628906,
                "y": 1.4139139652252197,
                "z": -72.79366302490234
            },
            "rot": {
                "y": 180.0
            },
            "unlocked": true,
            "alias": "",
            "ADNDKHDKAEC": "",
            "BEDBEJAACAH": "",
            "size": {
                "x": 10.0,
                "y": 15.0,
                "z": 15.0
            }
        },
        "2": {
            "$type": "DungeonSlipRevivePoint",
            "gadgetId": 70010006,
            "pos": {
                "x": 14.159709930419922,
                "y": 39.86391830444336,
                "z": -79.31551361083984
            },
            "rot": {
                "y": 270.0
            },
            "unlocked": true,
            "alias": "",
            "ADNDKHDKAEC": "",
            "BEDBEJAACAH": "",
            "size": {
                "x": 40.0,
                "y": 20.0,
                "z": 20.0
            }
        },
        "3": {
            "$type": "DungeonWayPoint",
            "gadgetId": 70120003,
            "pos": {
                "x": -34.701351165771484,
                "y": 39.88058090209961,
                "z": -6.318297863006592
            },
            "rot": {
                "y": 90.0
            },
            "unlocked": true,
            "alias": "",
            "ADNDKHDKAEC": "",
            "BEDBEJAACAH": "",
            "size": {
                "x": 45.0,
                "y": 20.0,
                "z": 20.0
            }
        },
        "4": {
            "$type": "DungeonWayPoint",
            "gadgetId": 70120003,
            "pos": {
                "x": -34.65502166748047,
                "y": 34.17808151245117,
                "z": -105.03309631347656
            },
            "unlocked": true,
            "alias": "",
            "ADNDKHDKAEC": "",
            "BEDBEJAACAH": "",
            "size": {
                "x": 20.0,
                "y": 20.0,
                "z": 20.0
            }
        },
        "5": {
            "$type": "DungeonWayPoint",
            "gadgetId": 70120003,
            "pos": {
                "x": -64.20130920410156,
                "y": 27.03204917907715,
                "z": 4.62418794631958
            },
            "unlocked": true,
            "alias": "",
            "ADNDKHDKAEC": "",
            "BEDBEJAACAH": "",
            "size": {
                "x": 8.0,
                "y": 8.0,
                "z": 20.0
            }
        },
        "6": {
            "$type": "DungeonSlipRevivePoint",
            "gadgetId": 70010006,
            "pos": {
                "x": -28.691490173339844,
                "y": 44.73678970336914,
                "z": -49.76639938354492
            },
            "unlocked": true,
            "alias": "",
            "ADNDKHDKAEC": "",
            "BEDBEJAACAH": "",
            "size": {
                "x": 14.0,
                "y": 8.0,
                "z": 5.0
            }
        },
        "7": {
            "$type": "DungeonSlipRevivePoint",
            "gadgetId": 70010006,
            "pos": {
                "x": -134.33279418945312,
                "y": 1.4051820039749146,
                "z": -72.65930938720703
            },
            "rot": {
                "y": 180.0
            },
            "unlocked": true,
            "alias": "",
            "ADNDKHDKAEC": "",
            "BEDBEJAACAH": "",
            "size": {
                "x": 20.0,
                "y": 20.0,
                "z": 20.0
            }
        },
        "8": {
            "$type": "DungeonSlipRevivePoint",
            "gadgetId": 70010006,
            "pos": {
                "x": -116.06790161132812,
                "y": -4.805201053619385,
                "z": 22.44120979309082
            },
            "rot": {
                "y": 270.0
            },
            "unlocked": true,
            "alias": "",
            "ADNDKHDKAEC": "",
            "BEDBEJAACAH": "",
            "size": {
                "x": 20.0,
                "y": 20.0,
                "z": 20.0
            }
        },
        "9": {
            "$type": "DungeonWayPoint",
            "gadgetId": 70010006,
            "pos": {
                "x": -121.60379791259766,
                "y": -6.7554779052734375,
                "z": 22.243820190429688
            },
            "rot": {
                "y": 270.0
            },
            "unlocked": true,
            "alias": "",
            "ADNDKHDKAEC": "",
            "BEDBEJAACAH": "",
            "size": {
                "x": 20.0,
                "y": 20.0,
                "z": 20.0
            }
        }
    },
    "entities": {
        "1": {
            "$type": "ConfigLocalTrigger",
            "gadgetId": 70010006,
            "pos": {
                "x": -107.98429870605469,
                "y": -9.34231185913086,
                "z": -87.27780151367188
            },
            "unlocked": true,
            "alias": "",
            "ADNDKHDKAEC": "",
            "BEDBEJAACAH": "",
            "triggerFlag": "DeadRegion",
            "shape": {
                "$type": "ConfigShapeRect",
                "useHeight": true,
                "height": 20.0,
                "centerType": "Center",
                "width": 50.0,
                "length": 60.0
            },
            "stringParam": ""
        },
        "10": {
            "$type": "ConfigLocalTrigger",
            "gadgetId": 70010006,
            "pos": {
                "x": 56.96577072143555,
                "y": 6.680751800537109,
                "z": -95.79206848144531
            },
            "unlocked": true,
            "alias": "",
            "ADNDKHDKAEC": "",
            "BEDBEJAACAH": "",
            "triggerFlag": "NoReviveRegion",
            "shape": {
                "$type": "ConfigShapeRect",
                "useHeight": true,
                "height": 200.0,
                "centerType": "Center",
                "width": 20.0,
                "length": 400.0
            },
            "stringParam": ""
        },
        "2": {
            "$type": "ConfigLocalTrigger",
            "gadgetId": 70010006,
            "pos": {
                "x": -60.42449951171875,
                "y": 6.8022332191467285,
                "z": -91.11772918701172
            },
            "unlocked": true,
            "alias": "",
            "ADNDKHDKAEC": "",