{
    "NAFEKMENODO": {
        "1": {
            "$type": "JNHGEONJENN",
            "gadgetId": 70010002,
            "pos": {
                "x": 0.15391559898853302,
                "y": 0.009000354446470737,
                "z": -8.170223236083984
            },
            "tranPos": {
                "x": -539.5250244140625,
                "y": 227.9600067138672,
                "z": 360.6000061035156
            },
            "tranRot": {
                "y": 320.0
            },
            "unlocked": true,
            "alias": "",
            "FOGDFAPNFKB": "",
            "FMDFPCLHCKJ": "",
            "ABOGKLCHKJF": 3,
            "OBGAPLGABIP": "UI_SCENE_ENTRY_EXIT_Liuliting",
            "PLPIFBLBKKM": {
                "x": 2.0,
                "y": 2.0,
                "z": 2.0
            },
            "BGEPFGCEFNC": 24.0
        }
    }
}