{
    "NAFEKMENODO": {
        "1": {
            "$type": "EEALIHOHGHO",
            "gadgetId": 70120004,
            "pos": {
                "x": 485.9366149902344,
                "y": 144.92300415039062,
                "z": 411.1315002441406
            },
            "rot": {
                "x": 0.057599280029535294,
                "y": 353.7840881347656,
                "z": 1.2278889417648315
            },
            "tranPos": {
                "x": 526.8046264648438,
                "y": 136.49559020996094,
                "z": 442.0238952636719
            },
            "alias": "",
            "FOGDFAPNFKB": "",
            "FMDFPCLHCKJ": "",
            "size": {
                "x": 5.0,
                "y": 5.0,
                "z": 5.0
            }
        }
    }
}