{
    "NEKGGALFGNE": {
        "1": {
            "$type": "HLNNHPGMKBL",
            "gadgetId": 70360001,
            "pos": {
                "x": 60.461090087890625,
                "y": -2.9886178970336914,
                "z": -69.87960815429688
            },
            "rot": {
                "y": 268.0694885253906
            },
            "unlocked": true,
            "alias": "",
            "OJICGFEJFHF": "",
            "NIIGCOHDBPF": "",
            "size": {
                "x": 1.0,
                "y": 1.0,
                "z": 1.0
            }
        }
    },
    "GIFOHNONNCM": {}
}