{
    "NAFEKMENODO": {
        "1": {
            "$type": "EEALIHOHGHO",
            "gadgetId": 70120004,
            "pos": {
                "x": 2.9157369136810303,
                "y": -2.547797918319702,
                "z": 52.56494903564453
            },
            "rot": {
                "y": 90.0
            },
            "unlocked": true,
            "alias": "",
            "FOGDFAPNFKB": "",
            "FMDFPCLHCKJ": "",
            "size": {
                "x": 3.0,
                "y": 3.0,
                "z": 3.0
            }
        },
        "2": {
            "$type": "HGLFPLHHAEO",
            "gadgetId": 70010006,
            "pos": {
                "x": -77.86196899414062,
                "y": 1.805999994277954,
                "z": 52.256629943847656
            },
            "rot": {
                "y": 90.0
            },
            "unlocked": true,
            "alias": "",
            "FOGDFAPNFKB": "",
            "FMDFPCLHCKJ": "",
            "size": {
                "x": 15.0,
                "y": 15.0,
                "z": 15.0
            }
        },
        "3": {
            "$type": "HGLFPLHHAEO",
            "gadgetId": 70010006,
            "pos": {
                "x": -32.97877883911133,
                "y": -10.66886043548584,
                "z": 42.44499969482422
            },
            "unlocked": true,
            "alias": "",
            "FOGDFAPNFKB": "",
            "FMDFPCLHCKJ": "",
            "size": {
                "x": 20.0,
                "y": 10.0,
                "z": 20.0
            }
        },
        "4": {
            "$type": "KKIIGADKBKE",
            "gadgetId": 70010006,
            "pos": {
                "x": 7.750575065612793,
                "y": -9.037613868713379,
                "z": 52.74357986450195
            },
            "rot": {
                "y": 90.0
            },
            "unlocked": true,
            "alias": "",
            "FOGDFAPNFKB": "",
            "FMDFPCLHCKJ": "",
            "size": {
                "x": 5.0,
                "y": 10.0,
                "z": 5.0
            }
        },
        "5": {
            "$type": "HGLFPLHHAEO",
            "gadgetId": 70010006,
            "pos": {
                "x": -16.9876708984375,
                "y": 1.899999976158142,
                "z": 52.16355895996094
            },
            "unlocked": true,
            "alias": "",
            "FOGDFAPNFKB": "",
            "FMDFPCLHCKJ": "",
            "size": {
                "x": 4.0,
                "y": 10.0,
                "z": 35.0
            }
        }
    },
    "entities": {
        "1": {
            "$type": "CIJDAELJICH",
            "gadgetId": 70010006,
            "pos": {
                "x": -32.59151840209961,
                "y": -16.917930603027344,
                "z": 55.783241271972656
            },
            "unlocked": true,
            "alias": "",
            "FOGDFAPNFKB": "",
            "FMDFPCLHCKJ": "",
            "triggerFlag": "DeadRegion",
            "shape": {
                "$type": "KLMBGIDHBDA",
                "MNJJPFENMPD": true,
                "height": 10.0,
                "JELJIJGLKLO": "Center",
                "width": 40.0,
                "length": 80.0
            },
            "KFMDCCEEGGJ": ""
        },
        "2": {
            "$type": "CIJDAELJICH",
            "gadgetId": 70010006,
            "pos": {
                "x": 16.726110458374023,
                "y": -15.828920364379883,
                "z": 52.4503288269043
            },
            "unlocked": true,
            "alias": "",
            "FOGDFAPNFKB": "",
            "FMDFPCLHCKJ": "",
            "triggerFlag": "DeadRegion",
            "shape": {
                "$type": "KLMBGIDHBDA",
                "MNJJPFENMPD": true,
                "height": 10.0,
                "JELJIJGLKLO": "Center",
                "width": 20.0,
                "length": 30.0
            },
            "KFMDCCEEGGJ": ""
        },
        "3": {
            "$type": "CIJDAELJICH",
            "gadgetId": 70010006,
            "pos": {
                "x": -23.36090087890625,
                "y": -18.0,
                "z": 31.48386001586914
            },
            "unlocked": true,
            "alias": "",
            "FOGDFAPNFKB": "",
            "FMDFPCLHCKJ": "",
            "triggerFlag": "DeadRegion",
            "shape": {
                "$type": "KLMBGIDHBDA",
                "MNJJPFENMPD": true,
                "height": 5.0,
                "JELJIJGLKLO": "Center",
                "width": 22.0,
                "length": 15.0
            },
            "KFMDCCEEGGJ": ""
        },
        "4": {
            "$type": "CIJDAELJICH",
            "gadgetId": 70010006,
            "pos": {
                "x": -22.747100830078125,
                "y": -19.0,
                "z": 31.5670108795166
            },
            "unlocked": true,
            "alias": "",
            "FOGDFAPNFKB": "",
            "FMDFPCLHCKJ": "",
            "triggerFlag": "NoReviveRegion",
            "shape": {
                "$type": "KLMBGIDHBDA",
                "MNJJPFENMPD": true,
                "height": 5.0,
                "JELJIJGLKLO": "Center",
                "width": 200.0,
                "length": 200.0
            },
            "KFMDCCEEGGJ": ""
        },
        "5": {
            "$type": "CIJDAELJICH",
            "gadgetId": 70010006,
            "pos": {
                "x": -52.0253791809082,
                "y": -1.2540489435195923,
                "z": 93.6066665649414
            },
            "tranPos": {
                "x": -32.87094497680664,
                "y": 0.460038959980011,
                "z": 50.67771911621094
            },
            "unlocked": true,
            "alias": "",
            "FOGDFAPNFKB": "",
            "FMDFPCLHCKJ": "",
            "triggerFlag": "DeadRegion",
            "shape": {
                "$type": "KLMBGIDHBDA",
                "MNJJPFENMPD": true,
                "height": 5.0,
                "JELJIJGLKLO": "Center",
                "width": 22.0,
                "length": 15.0
            },
            "KFMDCCEEGGJ": ""
        }
    }
}