{
    "OKJIDAEFIOD": {
        "1": {
            "$type": "NIPJPDIBHHL",
            "ILIFEDBAGLB": 70120004,
            "ECLBMPMBMLE": {
                "_x": 68.99080657958984,
                "_y": 77.01000213623047,
                "_z": -81.0947036743164
            },
            "GKOBOKNGMNE": {
                "_x": 37.614532470703125,
                "_y": 77.01000213623047,
                "_z": -81.0947036743164
            },
            "OGLCIHHLECO": "",
            "EIHBECKFELM": "",
            "NBPLDPOGDAA": "",
            "KDKNEEKBHOC": {
                "_x": 2.0,
                "_y": 2.0,
                "_z": 2.0
            }
        }
    },
    "HNNNIMLDONJ": {}
}