{
    "NAFEKMENODO": {
        "1": {
            "$type": "JNHGEONJENN",
            "gadgetId": 70010002,
            "pos": {
                "y": 0.20828869938850403,
                "z": 14.39404010772705
            },
            "tranPos": {
                "x": 2243.9951171875,
                "y": 238.7061004638672,
                "z": -780.5136108398438
            },
            "tranRot": {
                "y": 161.0
            },
            "unlocked": true,
            "alias": "",
            "FOGDFAPNFKB": "",
            "FMDFPCLHCKJ": "",
            "ABOGKLCHKJF": 3,
            "OBGAPLGABIP": "UI_SCENE_ENTRY_EXIT_KNIGHT",
            "PLPIFBLBKKM": {
                "x": 3.0,
                "y": 3.0,
                "z": 3.0
            },
            "BGEPFGCEFNC": 24.0
        }
    },
    "doors": {
        "1": {
            "gadgetId": 40100201,
            "pos": {
                "x": -10.388999938964844,
                "z": -7.5370001792907715
            },
            "rot": {
                "y": 90.0
            },
            "unlocked": true,
            "alias": "",
            "FOGDFAPNFKB": "",
            "FMDFPCLHCKJ": "",
            "room1": 1,
            "room2": 100401
        },
        "2": {
            "gadgetId": 40100201,
            "pos": {
                "x": -10.388999938964844,
                "z": 7.501999855041504
            },
            "rot": {
                "y": 90.0
            },
            "unlocked": true,
            "alias": "",
            "FOGDFAPNFKB": "",
            "FMDFPCLHCKJ": "",
            "room1": 1,
            "room2": 100401
        },
        "3": {
            "gadgetId": 40100201,
            "pos": {
                "x": 10.404999732971191,
                "z": 7.501999855041504
            },
            "rot": {
                "y": 90.0
            },
            "unlocked": true,
            "alias": "",
            "FOGDFAPNFKB": "",
            "FMDFPCLHCKJ": "",
            "room1": 1,
            "room2": 100402
        }
    }
}