{
    "NEKGGALFGNE": {
        "1": {
            "$type": "AFNCNGJBKBG",
            "gadgetId": 70010002,
            "pos": {
                "x": 0.03945564851164818,
                "y": 1.4141529902644834e-07,
                "z": 0.3230639100074768
            },
            "tranPos": {
                "x": -372.756103515625,
                "y": 254.1428985595703,
                "z": 2740.721923828125
            },
            "tranRot": {
                "y": 147.17739868164062
            },
            "unlocked": true,
            "alias": "",
            "OJICGFEJFHF": "",
            "NIIGCOHDBPF": "",
            "PHNNFINFNNC": 3,
            "EGCNDBOGOFN": "UI_SCENE_ENTRY_EXIT_SumeruHome",
            "JJOKNKFCEFD": {
                "x": 3.0,
                "y": 3.0,
                "z": 3.0
            },
            "NKHFFAECDLM": 24.0
        }
    },
    "GIFOHNONNCM": {}
}