{
    "EIAKLLDIBOG": {
        "1": {
            "$type": "PersonalSceneJumpPoint",
            "gadgetId": 70010002,
            "pos": {
                "x": 0.03945564851164818,
                "y": 1.4141529902644834e-07,
                "z": 0.3230639100074768
            },
            "tranPos": {
                "x": -374.0,
                "y": 254.48350524902344,
                "z": 2743.783935546875
            },
            "tranRot": {
                "y": 147.1656036376953
            },
            "unlocked": true,
            "alias": "",
            "OKBHIJJFEKD": "",
            "BKAILKIEBDH": "",
            "tranSceneId": 3,
            "titleTextID": "UI_SCENE_ENTRY_EXIT_SumeruHome",
            "triggerSize": {
                "x": 3.0,
                "y": 3.0,
                "z": 3.0
            },
            "closeTime": 24.0
        }
    }
}