{
    "FEFNCDLEHGL": {
        "1": {
            "$type": "DungeonQuitPoint",
            "gadgetId": 70120004,
            "pos": {
                "x": 646.1666259765625,
                "y": 57.79877853393555,
                "z": 469.1991882324219
            },
            "rot": {
                "y": 270.0
            },
            "tranPos": {
                "x": 11.312528610229492,
                "y": -46.0,
                "z": -3.717000722885132
            },
            "unlocked": true,
            "alias": "",
            "ADNDKHDKAEC": "",
            "BEDBEJAACAH": "",
            "size": {
                "x": 3.0,
                "y": 3.0,
                "z": 3.0
            }
        },
        "2": {
            "$type": "DungeonWayPoint",
            "gadgetId": 70010006,
            "pos": {
                "x": -30.01333999633789,
                "y": -20.10032081604004,
                "z": 72.55071258544922
            },
            "unlocked": true,
            "alias": "",
            "ADNDKHDKAEC": "",
            "BEDBEJAACAH": "",
            "size": {
                "x": 20.0,
                "y": 30.0,
                "z": 30.0
            }
        },
        "3": {
            "$type": "DungeonWayPoint",
            "gadgetId": 70010006,
            "pos": {
                "x": -150.3000946044922,
                "y": -45.209999084472656,
                "z": 62.88777160644531
            },
            "unlocked": true,
            "alias": "",
            "ADNDKHDKAEC": "",
            "BEDBEJAACAH": "",
            "size": {
                "x": 8.0,
                "y": 15.0,
                "z": 5.0
            }
        },
        "4": {
            "$type": "DungeonWayPoint",
            "gadgetId": 70010006,
            "pos": {
                "x": -138.4691925048828,
                "y": -9.771191596984863,
                "z": 81.580078125
            },
            "unlocked": true,
            "alias": "",
            "ADNDKHDKAEC": "",
            "BEDBEJAACAH": "",
            "size": {
                "x": 15.0,
                "y": 15.0,
                "z": 5.0
            }
        },
        "5": {
            "$type": "DungeonWayPoint",
            "gadgetId": 70010006,
            "pos": {
                "x": -138.38710021972656,
                "y": 2.97999906539917,
                "z": 60.396270751953125
            },
            "unlocked": true,
            "alias": "",
            "ADNDKHDKAEC": "",
            "BEDBEJAACAH": "",
            "size": {
                "x": 35.0,
                "y": 5.0,
                "z": 50.0
            }
        },
        "6": {
            "$type": "DungeonWayPoint",
            "gadgetId": 70010006,
            "pos": {
                "x": 679.5640258789062,
                "y": 56.61954116821289,
                "z": 424.79168701171875
            },
            "unlocked": true,
            "alias": "",
            "ADNDKHDKAEC": "",
            "BEDBEJAACAH": "",
            "size": {
                "x": 35.0,
                "y": 15.0,
                "z": 35.0
            }
        }
    }
}