{
    "OKJIDAEFIOD": {
        "1": {
            "$type": "BPDFMEHKDPN",
            "ILIFEDBAGLB": 70350085,
            "ECLBMPMBMLE": {
                "_x": 25.910430908203125,
                "_y": 2.3429999351501465,
                "_z": -19.464460372924805
            },
            "FANCKABFCPH": {
                "_y": 90.0
            },
            "GKOBOKNGMNE": {
                "_x": 25.910432815551758,
                "_y": 2.3429999351501465,
                "_z": -19.464460372924805
            },
            "CPDMGEEENAG": {
                "_y": -90.0
            },
            "OGLCIHHLECO": "",
            "EIHBECKFELM": "",
            "NBPLDPOGDAA": "",
            "FLBINLKKIAL": "",
            "LELDPEMDMKE": [
                1131
            ],
            "BODOMIDLEIP": {},
            "KDKNEEKBHOC": {
                "_x": 5.0,
                "_y": 5.0,
                "_z": 5.0
            },
            "NGPHJOMILAN": "UI_DUNGEON_ENTRY_560",
            "LOMOLKGDFFL": "UI_Icon_Intee_Talk",
            "GKHLDOHOAAE": true
        },
        "2": {
            "$type": "LCCHBOCLBLM",
            "ILIFEDBAGLB": 70350085,
            "ECLBMPMBMLE": {
                "_x": 15.446499824523926,
                "_y": 2.3429999351501465,
                "_z": -20.285709381103516
            },
            "FANCKABFCPH": {
                "_y": 87.93830108642578
            },
            "GKOBOKNGMNE": {
                "_x": 15.446499824523926,
                "_y": 2.3429999351501465,
                "_z": -20.285709381103516
            },
            "CPDMGEEENAG": {
                "_y": 87.93830108642578
            },
            "NBLDNHLJLIN": true,
            "OGLCIHHLECO": "",
            "EIHBECKFELM": "",
            "NBPLDPOGDAA": "",
            "PBAAJGJEMNE": 1
        },
        "3": {
            "$type": "BPDFMEHKDPN",
            "ILIFEDBAGLB": 70350085,
            "ECLBMPMBMLE": {
                "_x": -22.087539672851562,
                "_y": 8.968098640441895,
                "_z": -35.64405059814453
            },
            "FANCKABFCPH": {
                "_y": 329.1330871582031
            },
            "GKOBOKNGMNE": {
                "_x": -22.194414138793945,
                "_y": 8.968098640441895,
                "_z": -35.71810531616211
            },
            "CPDMGEEENAG": {
                "_y": 329.13299560546875
            },
            "OGLCIHHLECO": "",
            "EIHBECKFELM": "",
            "NBPLDPOGDAA": "",
            "FLBINLKKIAL": "",
            "LELDPEMDMKE": [
                1132
            ],
            "BODOMIDLEIP": {},
            "KDKNEEKBHOC": {
                "_x": 5.0,
                "_y": 5.0,
                "_z": 5.0
            },
            "NGPHJOMILAN": "UI_DUNGEON_ENTRY_561",
            "LOMOLKGDFFL": "UI_Icon_Intee_Talk",
            "MMABCGFHJBI": true
        },
        "4": {
            "$type": "LCCHBOCLBLM",
            "ILIFEDBAGLB": 70350085,
            "ECLBMPMBMLE": {
                "_x": -26.521160125732422,
                "_y": 9.060977935791016,
                "_z": -28.067659378051758
            },
            "FANCKABFCPH": {
                "_y": 143.75289916992188
            },
            "GKOBOKNGMNE": {
                "_x": -26.521160125732422,
                "_y": 9.060977935791016,
                "_z": -28.067659378051758
            },
            "CPDMGEEENAG": {
                "_y": 143.75289916992188
            },
            "NBLDNHLJLIN": true,
            "OGLCIHHLECO": "",
            "EIHBECKFELM": "",
            "NBPLDPOGDAA": "",
            "PBAAJGJEMNE": 3
        },
        "5": {
            "$type": "BPDFMEHKDPN",
            "ILIFEDBAGLB": 70350085,
            "ECLBMPMBMLE": {
                "_x": 25.90045928955078,
                "_y": 2.3429999351501465,
                "_z": 2.0488529205322266
            },
            "GKOBOKNGMNE": {
                "_x": 25.322994232177734,
                "_y": 2.3429999351501465,
                "_z": 1.8655831813812256
            },
            "CPDMGEEENAG": {
                "_y": 275.42169189453125
            },
            "OGLCIHHLECO": "",
            "EIHBECKFELM": "",
            "NBPLDPOGDAA": "",
            "FLBINLKKIAL": "",
            "LELDPEMDMKE": [
                1133
            ],
            "BODOMIDLEIP": {},
            "KDKNEEKBHOC": {
                "_x": 5.0,
                "_y": 5.0,
                "_z": 5.0
            },
            "NGPHJOMILAN": "UI_DUNGEON_ENTRY_562",
            "LOMOLKGDFFL": "UI_Icon_Intee_Talk",
            "MMABCGFHJBI": true
        },
        "6": {
            "$type": "LCCHBOCLBLM",
            "ILIFEDBAGLB": 70350085,
            "ECLBMPMBMLE": {
                "_x": 16.127559661865234,
                "_y": 2.517096996307373,
                "_z": 0.6769834756851196
            },
            "FANCKABFCPH": {
                "_y": 80.43370056152344
            },
            "GKOBOKNGMNE": {
                "_x": 16.127559661865234,
                "_y": 2.517096996307373,
                "_z": 0.6769834756851196
            },
            "CPDMGEEENAG": {
                "_y": 80.43370056152344
            },
            "NBLDNHLJLIN": true,
            "OGLCIHHLECO": "",
            "EIHBECKFELM": "",
            "NBPLDPOGDAA": "",
            "PBAAJGJEMNE": 5
        },
        "7": {
            "$type": "BPDFMEHKDPN",
            "ILIFEDBAGLB": 70360001,
            "ECLBMPMBMLE": {
                "_x": 1.8291950225830078,
                "_y": 5.532073974609375,
                "_z": -46.70882034301758
            },
            "FANCKABFCPH": {
                "_y": 251.76849365234375
            },
            "GKOBOKNGMNE": {
                "_x": 1.2446115016937256,
                "_y": 5.532074451446533,
                "_z": -46.92095184326172
            },
            "CPDMGEEENAG": {
                "_y": 251.7682647705078
            },
            "OGLCIHHLECO": "",
            "EIHBECKFELM": "",
            "NBPLDPOGDAA": "",
            "FDLKICBBLBD": "OnUnlocked",
            "FLBINLKKIAL": "",
            "LELDPEMDMKE": [
                7601,
                7602,
                7603,
                7604,
                7605,
                7606,
                7607,
                7608,
                7609,
                7610,
                7611,
                7612,
                7613,
                7614,
                7615,
                7616,
                7617,
                7618
            ],
            "BODOMIDLEIP": {},
            "KDKNEEKBHOC": {
                "_x": 3.0,
                "_y": 3.0,
                "_z": 3.0
            },
            "NGPHJOMILAN": "UI_ACTIVITY_ROGUEDIARY_DUNGEONENTRY",
            "LOMOLKGDFFL": "UI_Icon_Intee_Talk",
            "KCKMAFPKNOO": "RogueDiary",
            "GKHLDOHOAAE": true
        },
        "8": {
            "$type": "IHPOJHMBEPF",
            "ILIFEDBAGLB": 70010002,
            "ECLBMPMBMLE": {
                "_x": 1.7721970081329346,
                "_y": 5.674503803253174,
                "_z": -49.643741607666016
            },
            "GKOBOKNGMNE": {
                "_x": 360.22589111328125,
                "_y": 48.257381439208984,
                "_z": 1355.5770263671875
            },
            "OGLCIHHLECO": "",
            "EIHBECKFELM": "",
            "NBPLDPOGDAA": "",
            "FHLEHKCJMID": 6,
            "NGPHJOMILAN": "",
            "DPIPPIKIPMA": {
                "_x": 3.0,
                "_y": 3.0,
                "_z": 3.0
            },