{
    "OKJIDAEFIOD": {
        "1": {
            "$type": "NIPJPDIBHHL",
            "ILIFEDBAGLB": 70120004,
            "ECLBMPMBMLE": {
                "_x": 6.834465026855469,
                "_y": -1.433272984741052e-07,
                "_z": 1.4142990112304688
            },
            "GKOBOKNGMNE": {
                "_x": 6.0217413902282715,
                "_y": -1.433272984741052e-07,
                "_z": 1.4142992496490479
            },
            "OGLCIHHLECO": "",
            "EIHBECKFELM": "",
            "NBPLDPOGDAA": "",
            "KDKNEEKBHOC": {
                "_x": 3.0,
                "_y": 3.0,
                "_z": 3.0
            }
        }
    },
    "HNNNIMLDONJ": {}
}