{
    "OKJIDAEFIOD": {
        "1": {
            "$type": "NIPJPDIBHHL",
            "ILIFEDBAGLB": 70120004,
            "ECLBMPMBMLE": {
                "_x": -162.4842071533203,
                "_y": 0.407527893781662,
                "_z": -66.65971374511719
            },
            "GKOBOKNGMNE": {
                "_x": -154.80116271972656,
                "_y": 0.4075279235839844,
                "_z": -66.65971374511719
            },
            "OGLCIHHLECO": "",
            "EIHBECKFELM": "",
            "NBPLDPOGDAA": "",
            "KDKNEEKBHOC": {
                "_x": 2.0,
                "_y": 2.0,
                "_z": 2.0
            }
        },
        "2": {
            "$type": "JMLCJLEOKLI",
            "ILIFEDBAGLB": 70010006,
            "ECLBMPMBMLE": {
                "_x": -121.45760345458984,
                "_y": 1.337319016456604,
                "_z": -66.45899963378906
            },
            "FANCKABFCPH": {
                "_y": 270.0
            },
            "NBLDNHLJLIN": true,
            "OGLCIHHLECO": "",
            "EIHBECKFELM": "",
            "NBPLDPOGDAA": "",
            "KDKNEEKBHOC": {
                "_x": 10.0,
                "_y": 20.0,
                "_z": 20.0
            }
        }
    },
    "HNNNIMLDONJ": {}
}