{
    "NAFEKMENODO": {
        "1": {
            "$type": "EEALIHOHGHO",
            "gadgetId": 70120004,
            "pos": {
                "x": 29.288349151611328,
                "y": 16.98904037475586,
                "z": 23.136640548706055
            },
            "tranPos": {
                "x": 29.288352966308594,
                "y": 16.989036560058594,
                "z": 23.136638641357422
            },
            "alias": "",
            "FOGDFAPNFKB": "",
            "FMDFPCLHCKJ": "",
            "size": {
                "x": 3.0,
                "y": 3.0,
                "z": 3.0
            }
        }
    }
}