{
    "OKJIDAEFIOD": {
        "1": {
            "$type": "NIPJPDIBHHL",
            "OMNDEBJIOCP": "TOWER",
            "ILIFEDBAGLB": 70120004,
            "ECLBMPMBMLE": {
                "_x": 37.343650817871094,
                "_y": 5.740199089050293,
                "_z": 133.4333038330078
            },
            "GKOBOKNGMNE": {
                "_x": 37.34364700317383,
                "_y": 5.740199089050293,
                "_z": 133.43328857421875
            },
            "OGLCIHHLECO": "",
            "EIHBECKFELM": "",
            "NBPLDPOGDAA": "",
            "KDKNEEKBHOC": {
                "_x": 3.0,
                "_y": 3.0,
                "_z": 3.0
            }
        }
    },
    "HNNNIMLDONJ": {}
}