{
    "OKJIDAEFIOD": {
        "1": {
            "$type": "NIPJPDIBHHL",
            "ILIFEDBAGLB": 70120004,
            "ECLBMPMBMLE": {
                "_x": 499.985595703125,
                "_y": 612.2706909179688,
                "_z": -1569.239013671875
            },
            "GKOBOKNGMNE": {
                "_x": -1.3307570219039917,
                "_y": -7.232944965362549,
                "_z": 93.71742248535156
            },
            "OGLCIHHLECO": "",
            "EIHBECKFELM": "",
            "NBPLDPOGDAA": "",
            "KDKNEEKBHOC": {
                "_x": 3.0,
                "_y": 3.0,
                "_z": 3.0
            }
        },
        "2": {
            "$type": "JMLCJLEOKLI",
            "ILIFEDBAGLB": 70310387,
            "ECLBMPMBMLE": {
                "_x": 229.46290588378906,
                "_y": 637.7000122070312,
                "_z": -1709.155029296875
            },
            "FANCKABFCPH": {
                "_y": 148.77149963378906
            },
            "GKOBOKNGMNE": {
                "_x": 232.0,
                "_y": 637.0,
                "_z": -1714.0
            },
            "NBLDNHLJLIN": true,
            "OGLCIHHLECO": "",
            "EIHBECKFELM": "",
            "NBPLDPOGDAA": "",
            "KDKNEEKBHOC": {
                "_x": 10.0,
                "_y": 10.0,
                "_z": 10.0
            }
        },
        "3": {
            "$type": "JMLCJLEOKLI",
            "ILIFEDBAGLB": 70310387,
            "ECLBMPMBMLE": {
                "_x": 463.85211181640625,
                "_y": 612.77001953125,
                "_z": -1609.843017578125
            },
            "FANCKABFCPH": {
                "_y": 242.74620056152344
            },
            "GKOBOKNGMNE": {
                "_x": 454.0,
                "_y": 612.0,
                "_z": -1612.0
            },
            "NBLDNHLJLIN": true,
            "OGLCIHHLECO": "",
            "EIHBECKFELM": "",
            "NBPLDPOGDAA": "",
            "KDKNEEKBHOC": {
                "_x": 10.0,
                "_y": 10.0,
                "_z": 10.0
            }
        },
        "4": {
            "$type": "JMLCJLEOKLI",
            "ILIFEDBAGLB": 70310387,
            "ECLBMPMBMLE": {
                "_x": 315.67401123046875,
                "_y": 625.3599853515625,
                "_z": -1656.927978515625
            },
            "FANCKABFCPH": {
                "_y": 151.11419677734375
            },
            "GKOBOKNGMNE": {
                "_x": 318.0,
                "_y": 625.0,
                "_z": -1662.0
            },
            "OGLCIHHLECO": "",
            "EIHBECKFELM": "",
            "NBPLDPOGDAA": "",
            "KDKNEEKBHOC": {
                "_x": 15.0,
                "_y": 15.0,
                "_z": 35.0
            }
        }
    },
    "LHHAHFPKBCM": {
        "1": {
            "$type": "AMEIDNAJKIJ",
            "ILIFEDBAGLB": 70010006,
            "ECLBMPMBMLE": {
                "_x": 233.82369995117188,
                "_y": 607.9987182617188,
                "_z": -1718.9949951171875
            },
            "FANCKABFCPH": {
                "_y": 327.2862854003906
            },
            "GKOBOKNGMNE": {
                "_x": 452.0,
                "_y": 613.0,
                "_z": -1615.0
            },
            "NBLDNHLJLIN": true,
            "OGLCIHHLECO": "",
            "EIHBECKFELM": "",
            "NBPLDPOGDAA": "",
            "PPHNNDLJOEG": 200.0,
            "NPLFHDBONNK": "DeadRegion",
            "MCNOGNBMIDN": {
                "$type": "LLNPBLICDHC",
                "GKIBEHOFNBF": true,
                "BJFNPGBKPHH": 10.0,
                "PGAJCDACFCA": "Center",
                "IJDCDHPEIEK": 200.0,
                "KMCIHHPLFHL": 200.0
            },
            "LEPALCGBCKG": ""
        },
        "2": {
            "$type": "AMEIDNAJKIJ",
            "ILIFEDBAGLB": 70010006,
            "ECLBMPMBMLE": {
                "_x": 363.47979736328125,
                "_y": 580.8363037109375,
                "_z": -1635.7130126953125
            },
            "FANCKABFCPH": {
                "_y": 327.2862854003906
            },
            "GKOBOKNGMNE": {
                "_x": 452.0,
                "_y": 613.0,
                "_z": -1615.0
            },
            "NBLDNHLJLIN": true,
            "OGLCIHHLECO": "",
            "EIHBECKFELM": "",
            "NBPLDPOGDAA": "",
            "PPHNNDLJOEG": 200.0,
            "NPLFHDBONNK": "DeadRegion",
            "MCNOGNBMIDN": {
                "$type": "LLNPBLICDHC",
                "GKIBEHOFNBF": true,
                "BJFNPGBKPHH": 10.0,
                "PGAJCDACFCA": "Center",
                "IJDCDHPEIEK": 200.0,
                "KMCIHHPLFHL": 200.0
            },
            "LEPALCGBCKG": ""
        },
        "3": {
            "$type": "AMEIDNAJKIJ",
            "ILIFEDBAGLB": 70010006,
            "ECLBMPMBMLE": {
                "_x": 271.3297119140625,
                "_y": 642.9987182617188,
                "_z": -1814.7120361328125
            },
            "FANCKABFCPH": {
                "_y": 327.2862854003906
            },
            "GKOBOKNGMNE": {
                "_x": 452.0,
                "_y": 613.0,
                "_z": -1615.0
            },
            "NBLDNHLJLIN": true,
            "OGLCIHHLECO": "",
            "EIHBECKFELM": "",
            "NBPLDPOGDAA": "",
            "PPHNNDLJOEG": 1000.0,
            "NPLFHDBONNK": "DeadRegion",
            "MCNOGNBMIDN": {
                "$type": "LLNPBLICDHC",
                "GKIBEHOFNBF": true,
                "BJFNPGBKPHH": 100.0,
                "PGAJCDACFCA": "Center",
                "IJDCDHPEIEK": 1000.0,
                "KMCIHHPLFHL": 1.0
            },
            "LEPALCGBCKG": ""
        },
        "4": {
            "$type": "AMEIDNAJKIJ",
            "ILIFEDBAGLB": 70010006,
            "ECLBMPMBMLE": {
                "_x": 69.88838958740234,
                "_y": 603.4838256835938,
                "_z": -1824.2950439453125
            },
            "FANCKABFCPH": {
                "_y": 327.2862854003906
            },
            "GKOBOKNGMNE": {
                "_x": 452.0,
                "_y": 613.0,
                "_z": -1615.0
            },
            "NBLDNHLJLIN": true,
            "OGLCIHHLECO": "",
            "EIHBECKFELM": "",
            "NBPLDPOGDAA": "",
            "PPHNNDLJOEG": 300.0,
            "NPLFHDBONNK": "DeadRegion",
            "MCNOGNBMIDN": {
                "$type": "LLNPBLICDHC",
                "GKIBEHOFNBF": true,
                "BJFNPGBKPHH": 10.0,
                "PGAJCDACFCA": "Center",
                "IJDCDHPEIEK": 200.0,
                "KMCIHHPLFHL": 200.0
            },
            "LEPALCGBCKG": ""
        },
        "5": {
            "$type": "AMEIDNAJKIJ",
            "ILIFEDBAGLB": 70010006,
            "ECLBMPMBMLE": {
                "_x": 174.46490478515625,
                "_y": 642.9987182617188,
                "_z": -1663.9090576171875
            },
            "FANCKABFCPH": {
                "_y": 327.2862854003906
            },
            "GKOBOKNGMNE": {
                "_x": 452.0,
                "_y": 613.0,
                "_z": -1615.0
            },
            "NBLDNHLJLIN": true,
            "OGLCIHHLECO": "",
            "EIHBECKFELM": "",
            "NBPLDPOGDAA": "",
            "PPHNNDLJOEG": 1000.0,
            "NPLFHDBONNK": "DeadRegion",
            "MCNOGNBMIDN": {
                "$type": "LLNPBLICDHC",
                "GKIBEHOFNBF": true,
                "BJFNPGBKPHH": 100.0,
                "PGAJCDACFCA": "Center",
                "IJDCDHPEIEK": 1000.0,
                "KMCIHHPLFHL": 1.0
            },
            "LEPALCGBCKG": ""
        }
    },
    "HNNNIMLDONJ": {}
}