{
    "FEFNCDLEHGL": {
        "1": {
            "$type": "DungeonQuitPoint",
            "gadgetId": 70010001,
            "pos": {
                "x": 80.0,
                "y": 32.99306869506836,
                "z": 628.703125
            },
            "tranPos": {
                "x": 80.0,
                "y": -0.5823365449905396,
                "z": 600.0
            },
            "alias": "",
            "ADNDKHDKAEC": "",
            "BEDBEJAACAH": "",
            "size": {
                "x": 5.0,
                "y": 5.0,
                "z": 5.0
            }
        }
    }
}