{
    "NAFEKMENODO": {
        "1": {
            "$type": "EEALIHOHGHO",
            "type": "TOWER",
            "gadgetId": 70120004,
            "pos": {
                "x": 32.42311096191406,
                "y": 6.21035623550415,
                "z": 134.07989501953125
            },
            "tranPos": {
                "x": 32.348236083984375,
                "y": 6.210355758666992,
                "z": 127.70953369140625
            },
            "alias": "",
            "FOGDFAPNFKB": "",
            "FMDFPCLHCKJ": "",
            "size": {
                "x": 3.0,
                "y": 3.0,
                "z": 3.0
            }
        }
    }
}