{
    "NEKGGALFGNE": {
        "1": {
            "$type": "HLNNHPGMKBL",
            "gadgetId": 70120004,
            "pos": {
                "x": 489.18438720703125,
                "y": 144.62269592285156,
                "z": 409.6637878417969
            },
            "rot": {
                "y": 335.3835144042969
            },
            "tranPos": {
                "x": 499.1557922363281,
                "y": 128.1465606689453,
                "z": 453.9710693359375
            },
            "alias": "",
            "OJICGFEJFHF": "",
            "NIIGCOHDBPF": "",
            "size": {
                "x": 5.0,
                "y": 5.0,
                "z": 5.0
            }
        },
        "2": {
            "$type": "GHAENHOMJDL",
            "gadgetId": 70010006,
            "pos": {
                "x": 467.2511901855469,
                "y": 142.38490295410156,
                "z": 479.5869140625
            },
            "rot": {
                "y": 163.67860412597656
            },
            "tranPos": {
                "x": 467.0406799316406,
                "y": 142.38494873046875,
                "z": 479.99188232421875
            },
            "unlocked": true,
            "alias": "",
            "OJICGFEJFHF": "",
            "NIIGCOHDBPF": "",
            "size": {
                "x": 20.0,
                "y": 20.0,
                "z": 20.0
            }
        }
    },
    "GIFOHNONNCM": {}
}