{
    "EIAKLLDIBOG": {
        "1": {
            "$type": "DungeonQuitPoint",
            "gadgetId": 70120004,
            "pos": {
                "x": 54.5260009765625,
                "y": 25.610000610351562,
                "z": 94.31713104248047
            },
            "tranPos": {
                "x": 491.4590148925781,
                "y": 100.54150390625,
                "z": 487.8755187988281
            },
            "alias": "",
            "OKBHIJJFEKD": "",
            "BKAILKIEBDH": "",
            "size": {
                "x": 2.0,
                "y": 2.0,
                "z": 2.0
            }
        }
    }
}