{
    "EIAKLLDIBOG": {
        "1": {
            "$type": "PersonalSceneJumpPoint",
            "gadgetId": 70010002,
            "pos": {
                "x": 0.15391559898853302,
                "y": 0.009000354446470737,
                "z": -8.170223236083984
            },
            "tranPos": {
                "x": -539.5250244140625,
                "y": 227.9600067138672,
                "z": 360.6000061035156
            },
            "tranRot": {
                "y": 320.0
            },
            "unlocked": true,
            "alias": "",
            "OKBHIJJFEKD": "",
            "BKAILKIEBDH": "",
            "tranSceneId": 3,
            "titleTextID": "UI_SCENE_ENTRY_EXIT_Liuliting",
            "triggerSize": {
                "x": 2.0,
                "y": 2.0,
                "z": 2.0
            },
            "closeTime": 24.0
        }
    }
}