{
    "OKJIDAEFIOD": {
        "2": {
            "$type": "NIPJPDIBHHL",
            "ILIFEDBAGLB": 70120004,
            "ECLBMPMBMLE": {
                "_x": -43.4039306640625,
                "_y": 0.5993924140930176,
                "_z": 72.86506652832031
            },
            "FANCKABFCPH": {
                "_y": 270.0
            },
            "GKOBOKNGMNE": {
                "_x": -46.055503845214844,
                "_y": 0.592083215713501,
                "_z": 72.4129409790039
            },
            "OGLCIHHLECO": "",
            "EIHBECKFELM": "",
            "NBPLDPOGDAA": "",
            "KDKNEEKBHOC": {
                "_x": 5.0,
                "_y": 5.0,
                "_z": 5.0
            }
        }
    },
    "HNNNIMLDONJ": {}
}