{
    "NAFEKMENODO": {
        "1": {
            "$type": "EEALIHOHGHO",
            "gadgetId": 70120004,
            "pos": {
                "x": 40.89447021484375,
                "y": 1.3317189768713433e-06,
                "z": -30.4661808013916
            },
            "tranPos": {
                "x": 40.894466400146484,
                "y": 1.3317189768713433e-06,
                "z": -30.46617889404297
            },
            "alias": "",
            "FOGDFAPNFKB": "",
            "FMDFPCLHCKJ": "",
            "size": {
                "x": 3.0,
                "y": 3.0,
                "z": 3.0
            }
        }
    }
}