{
    "FEFNCDLEHGL": {
        "1": {
            "$type": "DungeonQuitPoint",
            "gadgetId": 70360001,
            "pos": {
                "x": 51.61130142211914,
                "y": 11.803230285644531,
                "z": -52.877960205078125
            },
            "tranPos": {
                "x": 8.2332763671875,
                "y": -7.100188255310059,
                "z": -50.177894592285156
            },
            "unlocked": true,
            "alias": "",
            "ADNDKHDKAEC": "",
            "BEDBEJAACAH": "",
            "size": {
                "x": 1.0,
                "y": 1.0,
                "z": 1.0
            }
        }
    }
}