{
    "OKJIDAEFIOD": {
        "1": {
            "$type": "NIPJPDIBHHL",
            "ILIFEDBAGLB": 70120004,
            "ECLBMPMBMLE": {
                "_x": -78.79102325439453,
                "_y": 109.02349853515625,
                "_z": 27.238380432128906
            },
            "FANCKABFCPH": {
                "_y": 43.537498474121094
            },
            "NBLDNHLJLIN": true,
            "OGLCIHHLECO": "",
            "EIHBECKFELM": "",
            "NBPLDPOGDAA": "",
            "KDKNEEKBHOC": {
                "_x": 5.0,
                "_y": 5.0,
                "_z": 5.0
            }
        }
    },
    "HNNNIMLDONJ": {}
}