{
    "NEKGGALFGNE": {
        "1": {
            "$type": "HLNNHPGMKBL",
            "gadgetId": 70120004,
            "pos": {
                "x": -89.42375183105469,
                "y": 10.462010383605957,
                "z": -13.769940376281738
            },
            "rot": {
                "y": 90.0
            },
            "unlocked": true,
            "alias": "",
            "OJICGFEJFHF": "",
            "NIIGCOHDBPF": "",
            "size": {
                "x": 5.0,
                "y": 5.0,
                "z": 5.0
            }
        },
        "2": {
            "$type": "GHAENHOMJDL",
            "gadgetId": 70120003,
            "pos": {
                "x": 173.34530639648438,
                "y": 6.187446117401123,
                "z": -33.93204879760742
            },
            "rot": {
                "y": 180.0
            },
            "unlocked": true,
            "alias": "",
            "OJICGFEJFHF": "",
            "NIIGCOHDBPF": "",
            "size": {
                "x": 5.0,
                "y": 10.0,
                "z": 100.0
            }
        },
        "3": {
            "$type": "GHAENHOMJDL",
            "gadgetId": 70120003,
            "pos": {
                "x": 283.9884033203125,
                "y": -4.118801116943359,
                "z": -8.98561954498291
            },
            "rot": {
                "y": 180.981201171875
            },
            "unlocked": true,
            "alias": "",
            "OJICGFEJFHF": "",
            "NIIGCOHDBPF": "",
            "size": {
                "x": 20.0,
                "y": 20.0,
                "z": 70.0
            }
        },
        "4": {
            "$type": "GHAENHOMJDL",
            "gadgetId": 70120003,
            "pos": {
                "x": 349.4570007324219,
                "y": 11.570549964904785,
                "z": -8.815197944641113
            },
            "rot": {
                "y": 270.0
            },
            "unlocked": true,
            "alias": "",
            "OJICGFEJFHF": "",
            "NIIGCOHDBPF": "",
            "size": {
                "x": 50.0,
                "y": 20.0,
                "z": 70.0
            }
        },
        "5": {
            "$type": "GHAENHOMJDL",
            "gadgetId": 70120003,
            "pos": {
                "x": -52.26171112060547,
                "y": 10.019280433654785,
                "z": -4.559332847595215
            },
            "rot": {
                "y": 271.0138854980469
            },
            "unlocked": true,
            "alias": "",
            "OJICGFEJFHF": "",
            "NIIGCOHDBPF": "",
            "size": {
                "x": 50.0,
                "y": 6.0,
                "z": 8.0
            }
        }
    },
    "forces": {
        "1": {
            "$type": "MOMLOOMLFBP",
            "gadgetId": 70610102,
            "pos": {
                "x": 166.05059814453125,
                "y": -9.0,
                "z": -25.54136085510254
            },
            "alias": "",
            "OJICGFEJFHF": "",
            "NIIGCOHDBPF": "",
            "velocity": 10.0,
            "stayEffect": "Eff_Windfield_Stay",
            "enterEffect": "Eff_Windfield_Enter"
        }
    },
    "entities": {
        "1": {
            "$type": "EMBAKBDCMLP",
            "gadgetId": 70010006,
            "pos": {
                "x": 170.1082000732422,
                "y": -34.9310188293457,
                "z": -7.5309600830078125
            },
            "unlocked": true,
            "alias": "",
            "OJICGFEJFHF": "",
            "NIIGCOHDBPF": "",
            "KBOGLJLDGMC": 500.0,
            "triggerFlag": "DeadRegion",
            "shape": {
                "$type": "NDFENLCJONG",
                "KMPIJPHJAEN": true,
                "height": 50.0,
                "GHAGDAIJFHJ": "Center",
                "width": 700.0,
                "length": 500.0
            },
            "CGADHNOAGIB": ""
        },
        "10": {
            "$type": "EMBAKBDCMLP",
            "gadgetId": 70010006,
            "pos": {
                "x": 27.132930755615234,
                "y": -11.826519966125488,
                "z": -13.932290077209473
            },
            "unlocked": true,
            "alias": "",
            "OJICGFEJFHF": "",
            "NIIGCOHDBPF": "",
            "KBOGLJLDGMC": 500.0,
            "triggerFlag": "NoReviveRegion",
            "shape": {
                "$type": "NDFENLCJONG",
                "KMPIJPHJAEN": true,
                "height": 50.0,
                "GHAGDAIJFHJ": "Center",
                "width": 50.0,
                "length": 100.0
            },
            "CGADHNOAGIB": ""
        },
        "11": {
            "$type": "EMBAKBDCMLP",
            "gadgetId": 70010006,
            "pos": {
                "x": -44.845359802246094,
                "y": -1.2520090341567993,
                "z": -16.928789138793945
            },
            "unlocked": true,
            "alias": "",
            "OJICGFEJFHF": "",
            "NIIGCOHDBPF": "",
            "KBOGLJLDGMC": 500.0,
            "NGBJGPGAHFP": true,
            "triggerFlag": "DeadRegion",
            "shape": {
                "$type": "NDFENLCJONG",
                "KMPIJPHJAEN": true,
                "height": 20.0,
                "GHAGDAIJFHJ": "Center",
                "width": 20.0,
                "length": 100.0
            },
            "CGADHNOAGIB": ""
        },
        "12": {
            "$type": "EMBAKBDCMLP",
            "gadgetId": 70010006,
            "pos": {
                "x": 233.1903076171875,
                "y": -4.1816020011901855,
                "z": -14.236310005187988
            },
            "unlocked": true,
            "alias": "",
            "OJICGFEJFHF": "",
            "NIIGCOHDBPF": "",
            "KBOGLJLDGMC": 500.0,
            "NGBJGPGAHFP": true,
            "triggerFlag": "DeadRegion",
            "shape": {
                "$type": "NDFENLCJONG",
                "KMPIJPHJAEN": true,
                "height": 5.0,
                "GHAGDAIJFHJ": "Center",
                "width": 20.0,
                "length": 10.0
            },
            "CGADHNOAGIB": ""
        },
        "13": {
            "$type": "EMBAKBDCMLP",
            "gadgetId": 70010006,
            "pos": {
                "x": 220.1356964111328,
                "y": -2.5607199668884277,
                "z": -22.653589248657227
            },
            "unlocked": true,
            "alias": "",
            "OJICGFEJFHF": "",
            "NIIGCOHDBPF": "",
            "KBOGLJLDGMC": 500.0,
            "NGBJGPGAHFP": true,
            "triggerFlag": "DeadRegion",
            "shape": {
                "$type": "NDFENLCJONG",
                "KMPIJPHJAEN": true,
                "height": 5.0,
                "GHAGDAIJFHJ": "Center",
                "width": 10.0,
                "length": 15.0
            },
            "CGADHNOAGIB": ""
        },
        "2": {
            "$type": "EMBAKBDCMLP",
            "gadgetId": 70010006,
            "pos": {
                "x": 315.3622131347656,
                "y": 3.637840986251831,
                "z": -33.528770446777344
            },
            "unlocked": true,
            "alias": "",
            "OJICGFEJFHF": "",
            "NIIGCOHDBPF": "",
            "KBOGLJLDGMC": 500.0,
            "triggerFlag": "ReturnRegion",
            "shape": {
                "$type": "NDFENLCJONG",
                "KMPIJPHJAEN": true,
                "height": 30.0,
                "GHAGDAIJFHJ": "Center",
                "width": 50.0,
                "length": 10.0
            },