{
    "FEFNCDLEHGL": {
        "1": {
            "$type": "DungeonQuitPoint",
            "gadgetId": 70120004,
            "pos": {
                "x": 547.9871215820312,
                "y": 18.287660598754883,
                "z": -257.9739074707031
            },
            "tranPos": {
                "x": 547.987060546875,
                "y": 18.287662506103516,
                "z": -257.973876953125
            },
            "alias": "",
            "ADNDKHDKAEC": "",
            "BEDBEJAACAH": "",
            "size": {
                "x": 3.0,
                "y": 3.0,
                "z": 3.0
            }
        },
        "10": {
            "$type": "DungeonWayPoint",
            "gadgetId": 70010006,
            "pos": {
                "x": 695.3516235351562,
                "y": 78.55000305175781,
                "z": -126.71880340576172
            },
            "tranPos": {
                "x": 695.3516235351562,
                "y": 78.55000305175781,
                "z": -126.71884155273438
            },
            "alias": "",
            "ADNDKHDKAEC": "",
            "BEDBEJAACAH": "",
            "size": {
                "x": 30.0,
                "y": 20.0,
                "z": 30.0
            }
        },
        "11": {
            "$type": "DungeonWayPoint",
            "gadgetId": 70010006,
            "pos": {
                "x": 739.4177856445312,
                "y": 139.28640747070312,
                "z": -33.05970001220703
            },
            "tranPos": {
                "x": 739.4177856445312,
                "y": 139.286376953125,
                "z": -33.0597038269043
            },
            "alias": "",
            "ADNDKHDKAEC": "",
            "BEDBEJAACAH": "",
            "size": {
                "x": 30.0,
                "y": 20.0,
                "z": 30.0
            }
        },
        "12": {
            "$type": "DungeonWayPoint",
            "gadgetId": 70310387,
            "pos": {
                "x": 697.680419921875,
                "y": 73.80999755859375,
                "z": -158.0756072998047
            },
            "tranPos": {
                "x": 697.2938232421875,
                "y": 73.80999755859375,
                "z": -152.10789489746094
            },
            "alias": "",
            "ADNDKHDKAEC": "",
            "BEDBEJAACAH": "",
            "size": {
                "x": 30.0,
                "y": 20.0,
                "z": 30.0
            }
        },
        "2": {
            "$type": "DungeonWayPoint",
            "gadgetId": 70310387,
            "pos": {
                "x": 551.5875244140625,
                "y": 48.5943489074707,
                "z": -258.8617858886719
            },
            "rot": {
                "y": 45.25410079956055
            },
            "tranPos": {
                "x": 553.7918701171875,
                "y": 48.73868179321289,
                "z": -256.36981201171875
            },
            "tranRot": {
                "y": 39.7760009765625
            },
            "alias": "",
            "ADNDKHDKAEC": "",
            "BEDBEJAACAH": "",
            "size": {
                "x": 20.0,
                "y": 20.0,
                "z": 20.0
            }
        },
        "3": {
            "$type": "DungeonSlipRevivePoint",
            "gadgetId": 70010006,
            "pos": {
                "x": 590.1442260742188,
                "y": 73.9593505859375,
                "z": -141.2711944580078
            },
            "rot": {
                "y": 94.4312973022461
            },
            "tranPos": {
                "x": 590.1442260742188,
                "y": 73.9593505859375,
                "z": -141.2711944580078
            },
            "tranRot": {
                "y": 94.43131256103516
            },
            "alias": "",
            "ADNDKHDKAEC": "",
            "BEDBEJAACAH": "",
            "size": {
                "x": 30.0,
                "y": 20.0,
                "z": 30.0
            }
        },
        "4": {
            "$type": "DungeonSlipRevivePoint",
            "gadgetId": 70010006,
            "pos": {
                "x": 551.646728515625,
                "y": 62.408119201660156,
                "z": -201.34620666503906
            },
            "rot": {
                "y": 325.94171142578125
            },
            "tranPos": {
                "x": 551.646728515625,
                "y": 62.408119201660156,
                "z": -201.78749084472656
            },
            "tranRot": {
                "y": 325.94171142578125
            },
            "alias": "",
            "ADNDKHDKAEC": "",
            "BEDBEJAACAH": "",
            "size": {
                "x": 30.0,
                "y": 20.0,
                "z": 30.0
            }
        },
        "5": {
            "$type": "DungeonSlipRevivePoint",
            "gadgetId": 70010006,
            "pos": {
                "x": 679.5388793945312,
                "y": 73.90811920166016,
                "z": -141.82139587402344
            },
            "rot": {
                "y": 83.55380249023438
            },
            "tranPos": {
                "x": 679.5388793945312,
                "y": 73.90811920166016,
                "z": -141.82139587402344
            },
            "tranRot": {
                "y": 83.55381774902344
            },
            "alias": "",
            "ADNDKHDKAEC": "",
            "BEDBEJAACAH": "",
            "size": {
                "x": 15.0,
                "y": 10.0,
                "z": 15.0
            }
        },
        "9": {
            "$type": "DungeonWayPoint",
            "gadgetId": 70010006,
            "pos": {
                "x": 589.8397216796875,
                "y": 73.9593505859375,
                "z": -141.82339477539062
            },
            "rot": {
                "y": 91.20339965820312
            },
            "tranPos": {
                "x": 589.8396606445312,
                "y": 73.9593505859375,
                "z": -141.8233642578125
            },
            "tranRot": {
                "y": 91.203369140625
            },
            "alias": "",
            "ADNDKHDKAEC": "",
            "BEDBEJAACAH": "",
            "size": {
                "x": 30.0,
                "y": 20.0,
                "z": 30.0
            }
        }
    },
    "entities": {
        "1": {
            "$type": "ConfigLocalTrigger",
            "gadgetId": 70010006,
            "pos": {
                "x": 594.1798706054688,
                "y": -60.0,
                "z": -116.52120208740234
            },
            "tranPos": {
                "x": 538.8703002929688,
                "y": 85.10317993164062,
                "z": -213.64349365234375
            },
            "unlocked": true,
            "alias": "",
            "ADNDKHDKAEC": "",
            "BEDBEJAACAH": "",
            "checkDist": 500.0,
            "triggerFlag": "DeadRegion",
            "shape": {
                "$type": "ConfigShapeRect",
                "useHeight": true,
                "height": 20.0,
                "centerType": "Center",
                "width": 500.0,
                "length": 500.0
            },
            "stringParam": ""
        }
    }
}