{
    "NAFEKMENODO": {
        "1": {
            "$type": "EEALIHOHGHO",
            "gadgetId": 70120004,
            "pos": {
                "x": -43.380130767822266,
                "y": 0.5780069828033447,
                "z": 73.03514862060547
            },
            "rot": {
                "y": 90.0
            },
            "tranPos": {
                "x": 525.377685546875,
                "y": 103.91056823730469,
                "z": 371.1046142578125
            },
            "alias": "",
            "FOGDFAPNFKB": "",
            "FMDFPCLHCKJ": "",
            "size": {
                "x": 5.0,
                "y": 5.0,
                "z": 5.0
            }
        }
    }
}