{
    "OKJIDAEFIOD": {
        "1": {
            "$type": "NIPJPDIBHHL",
            "ILIFEDBAGLB": 70120004,
            "ECLBMPMBMLE": {
                "_x": -19.512529373168945,
                "_y": 3.046773910522461,
                "_z": 22.096040725708008
            },
            "GKOBOKNGMNE": {
                "_x": -19.60009002685547,
                "_y": 0.0005555152893066406,
                "_z": 13.18860912322998
            },
            "NBLDNHLJLIN": true,
            "OGLCIHHLECO": "",
            "EIHBECKFELM": "",
            "NBPLDPOGDAA": "",
            "KDKNEEKBHOC": {
                "_x": 5.0,
                "_y": 5.0,
                "_z": 5.0
            }
        },
        "2": {
            "$type": "JMLCJLEOKLI",
            "ILIFEDBAGLB": 70010006,
            "ECLBMPMBMLE": {
                "_x": 126.61589813232422,
                "_y": -3.3257598876953125,
                "_z": -7.365716214735585e-08
            },
            "FANCKABFCPH": {
                "_y": 270.0
            },
            "NBLDNHLJLIN": true,
            "OGLCIHHLECO": "",
            "EIHBECKFELM": "",
            "NBPLDPOGDAA": "",
            "KDKNEEKBHOC": {
                "_x": 10.0,
                "_y": 30.0,
                "_z": 30.0
            }
        }
    },
    "HNNNIMLDONJ": {}
}