{
    "NAFEKMENODO": {
        "1": {
            "$type": "EEALIHOHGHO",
            "gadgetId": 70120004,
            "pos": {
                "x": 12.808270454406738,
                "y": -7.0279998779296875,
                "z": -28.738990783691406
            },
            "tranPos": {
                "x": 13.018146514892578,
                "y": -7.0279998779296875,
                "z": -28.920265197753906
            },
            "unlocked": true,
            "alias": "",
            "FOGDFAPNFKB": "",
            "FMDFPCLHCKJ": "",
            "size": {
                "x": 5.0,
                "y": 5.0,
                "z": 5.0
            }
        }
    }
}