{
    "NAFEKMENODO": {
        "1": {
            "$type": "JNHGEONJENN",
            "gadgetId": 70010002,
            "pos": {
                "x": 0.03945564851164818,
                "y": 1.4141529902644834e-07,
                "z": 0.3230639100074768
            },
            "tranPos": {
                "x": -374.0,
                "y": 254.48350524902344,
                "z": 2743.783935546875
            },
            "tranRot": {
                "y": 147.1656036376953
            },
            "unlocked": true,
            "alias": "",
            "FOGDFAPNFKB": "",
            "FMDFPCLHCKJ": "",
            "ABOGKLCHKJF": 3,
            "OBGAPLGABIP": "UI_SCENE_ENTRY_EXIT_SumeruHome",
            "PLPIFBLBKKM": {
                "x": 3.0,
                "y": 3.0,
                "z": 3.0
            },
            "BGEPFGCEFNC": 24.0
        }
    }
}