{
    "OKJIDAEFIOD": {
        "1": {
            "$type": "NIPJPDIBHHL",
            "ILIFEDBAGLB": 70120004,
            "ECLBMPMBMLE": {
                "_x": 240.0883026123047,
                "_y": 96.65129089355469,
                "_z": 695.44140625
            },
            "FANCKABFCPH": {
                "_y": 96.48809814453125
            },
            "GKOBOKNGMNE": {
                "_x": 240.33851623535156,
                "_y": 89.32501220703125,
                "_z": 697.024658203125
            },
            "OGLCIHHLECO": "",
            "EIHBECKFELM": "",
            "NBPLDPOGDAA": "",
            "KDKNEEKBHOC": {
                "_x": 5.0,
                "_y": 5.0,
                "_z": 5.0
            }
        },
        "2": {
            "$type": "JMLCJLEOKLI",
            "ILIFEDBAGLB": 70010006,
            "ECLBMPMBMLE": {
                "_x": 266.7029113769531,
                "_y": 96.2777328491211,
                "_z": 690.9166259765625
            },
            "FANCKABFCPH": {
                "_y": 282.6134033203125
            },
            "GKOBOKNGMNE": {
                "_x": 268.9283447265625,
                "_y": 96.31503295898438,
                "_z": 690.07080078125
            },
            "OGLCIHHLECO": "",
            "EIHBECKFELM": "",
            "NBPLDPOGDAA": "",
            "KDKNEEKBHOC": {
                "_x": 20.0,
                "_y": 5.0,
                "_z": 50.0
            }
        }
    },
    "HNNNIMLDONJ": {}
}