{
    "NAFEKMENODO": {
        "1": {
            "$type": "JNHGEONJENN",
            "gadgetId": 70010002,
            "pos": {
                "x": 0.08745773136615753,
                "y": 0.01866847090423107,
                "z": 6.383113861083984
            },
            "tranPos": {
                "x": -396.1702880859375,
                "y": 274.6005859375,
                "z": 2839.56201171875
            },
            "tranRot": {
                "y": 205.0
            },
            "alias": "",
            "FOGDFAPNFKB": "",
            "FMDFPCLHCKJ": "",
            "ABOGKLCHKJF": 3,
            "OBGAPLGABIP": "UI_SCENE_ENTRY_EXIT_Zls",
            "PLPIFBLBKKM": {
                "x": 3.0,
                "y": 3.0,
                "z": 3.0
            },
            "BGEPFGCEFNC": 24.0
        }
    }
}