{
    "OKJIDAEFIOD": {
        "1": {
            "$type": "NIPJPDIBHHL",
            "ILIFEDBAGLB": 70360001,
            "ECLBMPMBMLE": {
                "_x": 51.61130142211914,
                "_y": 11.803230285644531,
                "_z": -52.877960205078125
            },
            "GKOBOKNGMNE": {
                "_x": 8.2332763671875,
                "_y": -7.100188255310059,
                "_z": -50.177894592285156
            },
            "NBLDNHLJLIN": true,
            "OGLCIHHLECO": "",
            "EIHBECKFELM": "",
            "NBPLDPOGDAA": "",
            "KDKNEEKBHOC": {
                "_x": 1.0,
                "_y": 1.0,
                "_z": 1.0
            }
        }
    },
    "HNNNIMLDONJ": {}
}