{
    "OKJIDAEFIOD": {
        "1": {
            "$type": "NIPJPDIBHHL",
            "ILIFEDBAGLB": 70120004,
            "ECLBMPMBMLE": {
                "_x": -9.340493202209473,
                "_y": 139.97850036621094,
                "_z": 601.1798095703125
            },
            "GKOBOKNGMNE": {
                "_x": -9.340493202209473,
                "_y": 139.9784698486328,
                "_z": 601.1798095703125
            },
            "OGLCIHHLECO": "",
            "EIHBECKFELM": "",
            "NBPLDPOGDAA": "",
            "KDKNEEKBHOC": {
                "_x": 2.0,
                "_y": 2.0,
                "_z": 2.0
            }
        }
    },
    "HNNNIMLDONJ": {}
}