{
    "FEFNCDLEHGL": {
        "1": {
            "$type": "DungeonQuitPoint",
            "type": "TOWER",
            "gadgetId": 70120004,
            "pos": {
                "x": -80.32392883300781,
                "y": 13.321619987487793,
                "z": 83.70762634277344
            },
            "tranPos": {
                "x": -69.94496154785156,
                "y": 13.321619033813477,
                "z": 83.11944580078125
            },
            "alias": "",
            "ADNDKHDKAEC": "",
            "BEDBEJAACAH": "",
            "size": {
                "x": 3.0,
                "y": 3.0,
                "z": 3.0
            }
        }
    }
}