{
    "FEFNCDLEHGL": {
        "1": {
            "$type": "DungeonQuitPoint",
            "gadgetId": 70120004,
            "pos": {
                "x": 243.27639770507812,
                "y": 157.135498046875,
                "z": 275.4847106933594
            },
            "tranPos": {
                "x": 243.38816833496094,
                "y": 163.382080078125,
                "z": 263.9862365722656
            },
            "alias": "",
            "ADNDKHDKAEC": "",
            "BEDBEJAACAH": "",
            "size": {
                "x": 5.0,
                "y": 5.0,
                "z": 5.0
            }
        },
        "2": {
            "$type": "DungeonWayPoint",
            "gadgetId": 70010006,
            "pos": {
                "x": 242.39830017089844,
                "y": 162.4167022705078,
                "z": 441.74530029296875
            },
            "rot": {
                "y": 90.0
            },
            "tranPos": {
                "x": 221.0177001953125,
                "y": 160.2595977783203,
                "z": 441.8280944824219
            },
            "tranRot": {
                "y": 90.0
            },
            "unlocked": true,
            "alias": "",
            "ADNDKHDKAEC": "",
            "BEDBEJAACAH": "",
            "size": {
                "x": 50.0,
                "y": 20.0,
                "z": 50.0
            }
        },
        "3": {
            "$type": "DungeonWayPoint",
            "gadgetId": 70010006,
            "pos": {
                "x": 243.3647003173828,
                "y": 157.341796875,
                "z": 292.88018798828125
            },
            "rot": {
                "y": 180.0
            },
            "tranPos": {
                "x": 243.14340209960938,
                "y": 160.2104949951172,
                "z": 330.5224914550781
            },
            "tranRot": {
                "y": 180.0
            },
            "unlocked": true,
            "alias": "",
            "ADNDKHDKAEC": "",
            "BEDBEJAACAH": "",
            "size": {
                "x": 50.0,
                "y": 20.0,
                "z": 50.0
            }
        }
    }
}