{
    "NAFEKMENODO": {
        "1": {
            "$type": "EEALIHOHGHO",
            "gadgetId": 70120004,
            "pos": {
                "x": 33.876251220703125,
                "y": 16.719999313354492,
                "z": -132.86549377441406
            },
            "tranPos": {
                "x": 33.87624740600586,
                "y": 16.720001220703125,
                "z": -132.865478515625
            },
            "unlocked": true,
            "alias": "",
            "FOGDFAPNFKB": "",
            "FMDFPCLHCKJ": "",
            "size": {
                "x": 5.0,
                "y": 5.0,
                "z": 5.0
            }
        },
        "2": {
            "$type": "KKIIGADKBKE",
            "gadgetId": 70010006,
            "pos": {
                "x": 32.16946029663086,
                "y": -9.218162536621094,
                "z": 8.511528015136719
            },
            "rot": {
                "y": 180.0
            },
            "tranPos": {
                "x": 32.786861419677734,
                "y": -11.189998626708984,
                "z": 9.550005912780762
            },
            "tranRot": {
                "y": 180.0
            },
            "unlocked": true,
            "alias": "",
            "FOGDFAPNFKB": "",
            "FMDFPCLHCKJ": "",
            "size": {
                "x": 20.0,
                "y": 5.0,
                "z": 5.0
            }
        },
        "3": {
            "$type": "KKIIGADKBKE",
            "gadgetId": 70010006,
            "pos": {
                "x": 31.766599655151367,
                "y": 1.6358410120010376,
                "z": -45.60491180419922
            },
            "rot": {
                "y": 270.0
            },
            "tranPos": {
                "x": 31.766599655151367,
                "y": 0.4349919259548187,
                "z": -45.60491180419922
            },
            "tranRot": {
                "y": 270.0
            },
            "unlocked": true,
            "alias": "",
            "FOGDFAPNFKB": "",
            "FMDFPCLHCKJ": "",
            "size": {
                "x": 5.0,
                "y": 5.0,
                "z": 10.0
            }
        },
        "4": {
            "$type": "KKIIGADKBKE",
            "gadgetId": 70010006,
            "pos": {
                "x": 8.7056884765625,
                "y": -0.9709993004798889,
                "z": -13.393710136413574
            },
            "rot": {
                "y": 90.0
            },
            "tranPos": {
                "x": 8.7056884765625,
                "y": 0.49000006914138794,
                "z": -13.393858909606934
            },
            "tranRot": {
                "y": 90.0
            },
            "unlocked": true,
            "alias": "",
            "FOGDFAPNFKB": "",
            "FMDFPCLHCKJ": "",
            "size": {
                "x": 5.0,
                "y": 5.0,
                "z": 5.0
            }
        },
        "5": {
            "$type": "KKIIGADKBKE",
            "gadgetId": 70010006,
            "pos": {
                "x": 33.10742950439453,
                "y": 15.307869911193848,
                "z": -46.876708984375
            },
            "rot": {
                "y": 180.0
            },
            "tranPos": {
                "x": 33.10742950439453,
                "y": 18.718690872192383,
                "z": -45.56351852416992
            },
            "tranRot": {
                "y": 180.0
            },
            "unlocked": true,
            "alias": "",
            "FOGDFAPNFKB": "",
            "FMDFPCLHCKJ": "",
            "size": {
                "x": 10.0,
                "y": 10.0,
                "z": 10.0
            }
        },
        "6": {
            "$type": "HGLFPLHHAEO",
            "gadgetId": 70010006,
            "pos": {
                "x": 33.10742950439453,
                "y": 14.848830223083496,
                "z": -46.876708984375
            },
            "rot": {
                "y": 180.0
            },
            "tranPos": {
                "x": 33.10742950439453,
                "y": 15.59887981414795,
                "z": -46.876708984375
            },
            "tranRot": {
                "y": 180.0
            },
            "unlocked": true,
            "alias": "",
            "FOGDFAPNFKB": "",
            "FMDFPCLHCKJ": "",
            "size": {
                "x": 10.0,
                "y": 10.0,
                "z": 10.0
            }
        }
    }
}