{
    "OKJIDAEFIOD": {
        "1": {
            "$type": "NIPJPDIBHHL",
            "ILIFEDBAGLB": 70120004,
            "ECLBMPMBMLE": {
                "_x": 492.38861083984375,
                "_y": 100.54149627685547,
                "_z": 488.4555969238281
            },
            "GKOBOKNGMNE": {
                "_x": 492.044921875,
                "_y": 100.54150390625,
                "_z": 487.9795227050781
            },
            "OGLCIHHLECO": "",
            "EIHBECKFELM": "",
            "NBPLDPOGDAA": "",
            "KDKNEEKBHOC": {
                "_x": 3.0,
                "_y": 3.0,
                "_z": 3.0
            }
        }
    },
    "HNNNIMLDONJ": {}
}