{
    "OKJIDAEFIOD": {
        "1": {
            "$type": "NIPJPDIBHHL",
            "ILIFEDBAGLB": 70120004,
            "ECLBMPMBMLE": {
                "_x": 499.985595703125,
                "_y": 612.2706909179688,
                "_z": -1569.239013671875
            },
            "GKOBOKNGMNE": {
                "_x": -1.3307570219039917,
                "_y": -7.232944965362549,
                "_z": 93.71742248535156
            },
            "OGLCIHHLECO": "",
            "EIHBECKFELM": "",
            "NBPLDPOGDAA": "",
            "KDKNEEKBHOC": {
                "_x": 3.0,
                "_y": 3.0,
                "_z": 3.0
            }
        },
        "2": {
            "$type": "JMLCJLEOKLI",
            "ILIFEDBAGLB": 70310387,
            "ECLBMPMBMLE": {
                "_x": 501.389892578125,
                "_y": 608.5012817382812,
                "_z": -1669.85498046875
            },
            "FANCKABFCPH": {
                "_y": 0.16019999980926514
            },
            "GKOBOKNGMNE": {
                "_x": 501.389892578125,
                "_y": 608.5012817382812,
                "_z": -1669.85498046875
            },
            "NBLDNHLJLIN": true,
            "OGLCIHHLECO": "",
            "EIHBECKFELM": "",
            "NBPLDPOGDAA": "",
            "KDKNEEKBHOC": {
                "_x": 10.0,
                "_y": 10.0,
                "_z": 10.0
            }
        }
    },
    "LHHAHFPKBCM": {
        "1": {
            "$type": "AMEIDNAJKIJ",
            "ILIFEDBAGLB": 70010006,
            "ECLBMPMBMLE": {
                "_x": 203.2928924560547,
                "_y": 667.7932739257812,
                "_z": -1877.9329833984375
            },
            "FANCKABFCPH": {
                "_y": 312.3081970214844
            },
            "GKOBOKNGMNE": {
                "_x": 138.61000061035156,
                "_y": 666.6538696289062,
                "_z": -1858.2769775390625
            },
            "NBLDNHLJLIN": true,
            "OGLCIHHLECO": "",
            "EIHBECKFELM": "",
            "NBPLDPOGDAA": "",
            "PPHNNDLJOEG": 200.0,
            "NPLFHDBONNK": "DeadRegion",
            "MCNOGNBMIDN": {
                "$type": "LLNPBLICDHC",
                "GKIBEHOFNBF": true,
                "BJFNPGBKPHH": 200.0,
                "PGAJCDACFCA": "Center",
                "IJDCDHPEIEK": 200.0,
                "KMCIHHPLFHL": 1.0
            },
            "LEPALCGBCKG": ""
        },
        "2": {
            "$type": "AMEIDNAJKIJ",
            "ILIFEDBAGLB": 70010006,
            "ECLBMPMBMLE": {
                "_x": 160.75689697265625,
                "_y": 630.8358764648438,
                "_z": -1839.217041015625
            },
            "FANCKABFCPH": {
                "_y": 312.3081970214844
            },
            "GKOBOKNGMNE": {
                "_x": 138.61000061035156,
                "_y": 666.6538696289062,
                "_z": -1858.2769775390625
            },
            "NBLDNHLJLIN": true,
            "OGLCIHHLECO": "",
            "EIHBECKFELM": "",
            "NBPLDPOGDAA": "",
            "PPHNNDLJOEG": 200.0,
            "NPLFHDBONNK": "DeadRegion",
            "MCNOGNBMIDN": {
                "$type": "LLNPBLICDHC",
                "GKIBEHOFNBF": true,
                "BJFNPGBKPHH": 10.0,
                "PGAJCDACFCA": "Center",
                "IJDCDHPEIEK": 200.0,
                "KMCIHHPLFHL": 200.0
            },
            "LEPALCGBCKG": ""
        },
        "3": {
            "$type": "AMEIDNAJKIJ",
            "ILIFEDBAGLB": 70010006,
            "ECLBMPMBMLE": {
                "_x": 108.55490112304688,
                "_y": 667.7932739257812,
                "_z": -1911.133056640625
            },
            "FANCKABFCPH": {
                "_y": 312.3081970214844
            },
            "GKOBOKNGMNE": {
                "_x": 138.61000061035156,
                "_y": 666.6538696289062,
                "_z": -1858.2769775390625
            },
            "NBLDNHLJLIN": true,
            "OGLCIHHLECO": "",
            "EIHBECKFELM": "",
            "NBPLDPOGDAA": "",
            "PPHNNDLJOEG": 200.0,
            "NPLFHDBONNK": "DeadRegion",
            "MCNOGNBMIDN": {
                "$type": "LLNPBLICDHC",
                "GKIBEHOFNBF": true,
                "BJFNPGBKPHH": 200.0,
                "PGAJCDACFCA": "Center",
                "IJDCDHPEIEK": 1.0,
                "KMCIHHPLFHL": 200.0
            },
            "LEPALCGBCKG": ""
        },
        "4": {
            "$type": "AMEIDNAJKIJ",
            "ILIFEDBAGLB": 70010006,
            "ECLBMPMBMLE": {
                "_x": 100.30460357666016,
                "_y": 667.7932739257812,
                "_z": -1784.1939697265625
            },
            "FANCKABFCPH": {
                "_y": 312.3081970214844
            },
            "GKOBOKNGMNE": {
                "_x": 138.61000061035156,
                "_y": 666.6538696289062,
                "_z": -1858.2769775390625
            },
            "NBLDNHLJLIN": true,
            "OGLCIHHLECO": "",
            "EIHBECKFELM": "",
            "NBPLDPOGDAA": "",
            "PPHNNDLJOEG": 200.0,
            "NPLFHDBONNK": "DeadRegion",
            "MCNOGNBMIDN": {
                "$type": "LLNPBLICDHC",
                "GKIBEHOFNBF": true,
                "BJFNPGBKPHH": 200.0,
                "PGAJCDACFCA": "Center",
                "IJDCDHPEIEK": 200.0,
                "KMCIHHPLFHL": 1.0
            },
            "LEPALCGBCKG": ""
        },
        "5": {
            "$type": "AMEIDNAJKIJ",
            "ILIFEDBAGLB": 70010006,
            "ECLBMPMBMLE": {
                "_x": 230.1593017578125,
                "_y": 667.7932739257812,
                "_z": -1777.530029296875
            },
            "FANCKABFCPH": {
                "_y": 312.3081970214844
            },
            "GKOBOKNGMNE": {
                "_x": 138.61000061035156,
                "_y": 666.6538696289062,
                "_z": -1858.2769775390625
            },
            "NBLDNHLJLIN": true,
            "OGLCIHHLECO": "",
            "EIHBECKFELM": "",
            "NBPLDPOGDAA": "",
            "PPHNNDLJOEG": 200.0,
            "NPLFHDBONNK": "DeadRegion",
            "MCNOGNBMIDN": {
                "$type": "LLNPBLICDHC",
                "GKIBEHOFNBF": true,
                "BJFNPGBKPHH": 200.0,
                "PGAJCDACFCA": "Center",
                "IJDCDHPEIEK": 1.0,
                "KMCIHHPLFHL": 200.0
            },
            "LEPALCGBCKG": ""
        }
    },
    "HNNNIMLDONJ": {}
}