{
    "NAFEKMENODO": {
        "1": {
            "$type": "EEALIHOHGHO",
            "gadgetId": 70120004,
            "pos": {
                "x": 3.6942930221557617,
                "y": 3.7670578956604004,
                "z": 28.226350784301758
            },
            "tranPos": {
                "x": 3.6942925453186035,
                "y": 3.7670583724975586,
                "z": 28.226348876953125
            },
            "alias": "",
            "FOGDFAPNFKB": "",
            "FMDFPCLHCKJ": "",
            "size": {
                "x": 5.0,
                "y": 5.0,
                "z": 5.0
            }
        }
    }
}