{
    "OKJIDAEFIOD": {
        "1": {
            "$type": "NIPJPDIBHHL",
            "ILIFEDBAGLB": 70120004,
            "ECLBMPMBMLE": {
                "_x": 29.288349151611328,
                "_y": 16.98904037475586,
                "_z": 23.136640548706055
            },
            "GKOBOKNGMNE": {
                "_x": 29.288352966308594,
                "_y": 16.989036560058594,
                "_z": 23.136638641357422
            },
            "OGLCIHHLECO": "",
            "EIHBECKFELM": "",
            "NBPLDPOGDAA": "",
            "KDKNEEKBHOC": {
                "_x": 3.0,
                "_y": 3.0,
                "_z": 3.0
            }
        }
    },
    "HNNNIMLDONJ": {}
}