{
    "EIAKLLDIBOG": {
        "1": {
            "$type": "DungeonQuitPoint",
            "gadgetId": 70120004,
            "pos": {
                "x": 868.4398193359375,
                "y": 76.27449798583984,
                "z": 443.03509521484375
            },
            "rot": {
                "y": 61.98569869995117
            },
            "tranPos": {
                "x": 858.8407592773438,
                "y": 76.68614959716797,
                "z": 442.7693176269531
            },
            "alias": "",
            "OKBHIJJFEKD": "",
            "BKAILKIEBDH": "",
            "size": {
                "x": 5.0,
                "y": 5.0,
                "z": 5.0
            }
        }
    }
}