{
    "GEFGGGFIPNP": 1034,
    "MCLCJCHONAE": [
        {
            "id": 100000100,
            "configId": 2146,
            "roomId": 1,
            "pos": {
                "x": 0.0012520999880507588,
                "y": -6.86487112488976e-07,
                "z": -3.674381971359253
            },
            "rot": {
                "y": 179.53819274902344
            }
        },
        {
            "id": 100000101,
            "configId": 2063,
            "roomId": 1,
            "pos": {
                "x": -0.21674419939517975,
                "y": 0.013238510116934776,
                "z": 4.352034091949463
            },
            "rot": {
                "y": 178.61669921875
            }
        }
    ]
}