{
    "GEFGGGFIPNP": 1004,
    "MCLCJCHONAE": [
        {
            "id": 100000011,
            "configId": 1648,
            "roomId": 1,
            "pos": {
                "x": -8.66392707824707,
                "y": -7.100837137841154e-06,
                "z": 5.591423988342285
            },
            "rot": {
                "y": 87.10298156738281
            }
        },
        {
            "id": 100000012,
            "configId": 1649,
            "roomId": 1,
            "pos": {
                "x": 8.741594314575195,
                "y": -4.21592721977504e-06,
                "z": -9.510652542114258
            },
            "rot": {
                "y": 271.455810546875
            }
        },
        {
            "id": 100002144,
            "configId": 1565,
            "roomId": 100401,
            "pos": {
                "x": -31.783870697021484,
                "y": -5.0,
                "z": -13.97268009185791
            },
            "rot": {
                "y": 179.9813995361328
            }
        },
        {
            "id": 100003018,
            "configId": 1642,
            "roomId": 100401,
            "pos": {
                "x": -14.879579544067383,
                "y": -5.999999046325684,
                "z": -19.67555046081543
            },
            "rot": {
                "y": 183.19960021972656
            }
        }
    ]
}