{
    "GEFGGGFIPNP": 7,
    "MCLCJCHONAE": [
        {
            "id": 100018338,
            "configId": 30108,
            "roomId": 1,
            "pos": {
                "x": 298.0625915527344,
                "y": 325.2838134765625,
                "z": 316.10260009765625
            }
        }
    ]
}