{
    "GEFGGGFIPNP": 1035,
    "MCLCJCHONAE": [
        {
            "id": 100001405,
            "configId": 2147,
            "roomId": 1,
            "pos": {
                "x": -1.7855329513549805,
                "y": 4.394480868086248e-07,
                "z": -4.011001110076904
            },
            "rot": {
                "y": 129.99740600585938
            }
        },
        {
            "id": 100001406,
            "configId": 2063,
            "roomId": 1,
            "pos": {
                "x": 4.190518856048584,
                "y": 0.007068532053381205,
                "z": 2.253743886947632
            },
            "rot": {
                "y": 202.5366973876953
            }
        }
    ]
}