{
    "GEFGGGFIPNP": 1057,
    "MCLCJCHONAE": [
        {
            "id": 100007160,
            "configId": 2140,
            "roomId": 1,
            "pos": {
                "x": 2.926309108734131,
                "y": -7.902703762054443,
                "z": -20.293989181518555
            }
        },
        {
            "id": 100007161,
            "configId": 2142,
            "roomId": 1,
            "pos": {
                "x": -1.424180030822754,
                "y": -0.880848228931427,
                "z": -1.470123052597046
            },
            "rot": {
                "y": 164.58859252929688
            }
        },
        {
            "id": 100007162,
            "configId": 2143,
            "roomId": 1,
            "pos": {
                "x": -3.960433006286621,
                "y": 0.31853020191192627,
                "z": 11.564299583435059
            }
        }
    ]
}