{
    "GEFGGGFIPNP": 1068,
    "MCLCJCHONAE": [
        {
            "id": 100000001,
            "configId": 30116,
            "roomId": 1,
            "pos": {
                "x": 4.465951919555664,
                "y": 0.4097940921783447,
                "z": -4.234192848205566
            }
        },
        {
            "id": 100018153,
            "configId": 30113,
            "roomId": 1,
            "pos": {
                "x": -5.170499801635742,
                "y": 0.4097942113876343,
                "z": -4.706735134124756
            }
        },
        {
            "id": 100018154,
            "configId": 30115,
            "roomId": 1,
            "pos": {
                "x": 3.503844976425171,
                "y": 0.4097939133644104,
                "z": -3.0823330879211426
            }
        },
        {
            "id": 100018530,
            "configId": 30114,
            "roomId": 1,
            "pos": {
                "x": 4.111299991607666,
                "y": -2.5580669671398937e-07,
                "z": 1.5701299905776978
            },
            "rot": {
                "y": 270.0
            }
        }
    ]
}