{
    "sceneId": 5,
    "polygons": [
        {
            "localPolygonId": 500800001,
            "yMax": 360.0,
            "yMin": 150.0,
            "vertices": [
                {
                    "x": -116.2725601196289,
                    "y": 239.35145568847656,
                    "z": 152.15953063964844
                },
                {
                    "x": -99.3448257446289,
                    "y": 239.07736206054688,
                    "z": 150.96690368652344
                },
                {
                    "x": -99.1763916015625,
                    "y": 237.09848022460938,
                    "z": 172.38719177246094
                },
                {
                    "x": -112.21558380126953,
                    "y": 238.05288696289062,
                    "z": 172.6862335205078
                }
            ]
        }
    ]
}