{
    "sceneId": 44001,
    "polygons": [
        {
            "yMin": 1,
            "localPolygonId": 83.27323913574219,
            "yMax": 40.498104095458984,
            "vertices": [
                {
                    "_x": 184.34414672851562,
                    "_y": 63.143287658691406,
                    "_z": -37.75732421875
                },
                {
                    "_x": 151.73910522460938,
                    "_y": 60.63215637207031,
                    "_z": -38.78144836425781
                },
                {
                    "_x": 151.9997100830078,
                    "_y": 60.498104095458984,
                    "_z": -3.416219711303711
                },
                {
                    "_x": 184.7975311279297,
                    "_y": 63.27323913574219,
                    "_z": -5.5895161628723145
                }
            ]
        }
    ]
}