{
    "sceneId": 20115,
    "polygons": [
        {
            "localPolygonId": 1,
            "yMax": 80.0,
            "yMin": -60.0,
            "vertices": [
                {
                    "x": 20.297950744628906,
                    "y": -56.271060943603516,
                    "z": -17.178325653076172
                },
                {
                    "x": -20.34589958190918,
                    "y": -56.27104568481445,
                    "z": -17.299198150634766
                },
                {
                    "x": -20.224369049072266,
                    "y": -55.49816131591797,
                    "z": 23.282791137695312
                },
                {
                    "x": 20.25779151916504,
                    "y": -55.498165130615234,
                    "z": 23.33794593811035
                }
            ]
        }
    ]
}