{
    "JOPMNNJKAJC": 20115,
    "EOJFPAGMDLJ": [
        {
            "JCLLKIGJAOM": 1,
            "LPIPLLJKJNN": 80.0,
            "GOBPAFNOCKE": -60.0,
            "CBKMOGJLIHK": [
                {
                    "_x": 20.297950744628906,
                    "_y": -56.271060943603516,
                    "_z": -17.178325653076172
                },
                {
                    "_x": -20.34589958190918,
                    "_y": -56.27104568481445,
                    "_z": -17.299198150634766
                },
                {
                    "_x": -20.224369049072266,
                    "_y": -55.49816131591797,
                    "_z": 23.282791137695312
                },
                {
                    "_x": 20.25779151916504,
                    "_y": -55.498165130615234,
                    "_z": 23.33794593811035
                }
            ]
        }
    ]
}