{
    "sceneId": 40068,
    "polygons": [
        {
            "localPolygonId": 1,
            "yMax": 100.0,
            "yMin": -2.0,
            "vertices": [
                {
                    "x": -29.12000846862793,
                    "y": 0.5707206130027771,
                    "z": -29.531246185302734
                },
                {
                    "x": 31.6561222076416,
                    "y": 1.1313362121582031,
                    "z": -28.45598602294922
                },
                {
                    "x": 30.24087142944336,
                    "y": 0.5707187652587891,
                    "z": 30.167638778686523
                },
                {
                    "x": -29.911788940429688,
                    "y": 0.04244251921772957,
                    "z": 27.414125442504883
                }
            ]
        }
    ]
}