{
    "JOPMNNJKAJC": 40068,
    "EOJFPAGMDLJ": [
        {
            "JCLLKIGJAOM": 1,
            "LPIPLLJKJNN": 100.0,
            "GOBPAFNOCKE": -2.0,
            "CBKMOGJLIHK": [
                {
                    "_x": -29.12000846862793,
                    "_y": 0.5707206130027771,
                    "_z": -29.531246185302734
                },
                {
                    "_x": 31.6561222076416,
                    "_y": 1.1313362121582031,
                    "_z": -28.45598602294922
                },
                {
                    "_x": 30.24087142944336,
                    "_y": 0.5707187652587891,
                    "_z": 30.167638778686523
                },
                {
                    "_x": -29.911788940429688,
                    "_y": 0.04244251921772957,
                    "_z": 27.414125442504883
                }
            ]
        }
    ]
}