{
    "JOPMNNJKAJC": 40070,
    "EOJFPAGMDLJ": [
        {
            "JCLLKIGJAOM": 1,
            "LPIPLLJKJNN": 100.0,
            "GOBPAFNOCKE": -2.0,
            "CBKMOGJLIHK": [
                {
                    "_x": -31.276554107666016,
                    "_y": 0.04244394227862358,
                    "_z": -28.48931884765625
                },
                {
                    "_x": 30.96881675720215,
                    "_y": 0.04244397580623627,
                    "_z": -30.130895614624023
                },
                {
                    "_x": 28.879348754882812,
                    "_y": 0.04244259372353554,
                    "_z": 28.009017944335938
                },
                {
                    "_x": -25.89491844177246,
                    "_y": 0.04244256392121315,
                    "_z": 29.426681518554688
                }
            ]
        }
    ]
}