{
    "sceneId": 40070,
    "polygons": [
        {
            "localPolygonId": 1,
            "yMax": 100.0,
            "yMin": -2.0,
            "vertices": [
                {
                    "x": -31.276554107666016,
                    "y": 0.04244394227862358,
                    "z": -28.48931884765625
                },
                {
                    "x": 30.96881675720215,
                    "y": 0.04244397580623627,
                    "z": -30.130895614624023
                },
                {
                    "x": 28.879348754882812,
                    "y": 0.04244259372353554,
                    "z": 28.009017944335938
                },
                {
                    "x": -25.89491844177246,
                    "y": 0.04244256392121315,
                    "z": 29.426681518554688
                }
            ]
        }
    ]
}