{
    "sceneId": 45003,
    "polygons": [
        {
            "yMin": 1,
            "localPolygonId": 25.823238372802734,
            "yMax": -23.88738250732422,
            "vertices": [
                {
                    "_x": 2.2723987102508545,
                    "_y": 5.823237419128418,
                    "_z": -92.67160034179688
                },
                {
                    "_x": 0.8916752338409424,
                    "_y": 1.070734977722168,
                    "_z": -92.67160034179688
                },
                {
                    "_x": 2.7854318618774414,
                    "_y": -3.887383460998535,
                    "_z": -89.66851043701172
                }
            ]
        }
    ]
}