{
    "sceneId": 40069,
    "polygons": [
        {
            "localPolygonId": 1,
            "yMax": 100.0,
            "yMin": -2.0,
            "vertices": [
                {
                    "x": -31.575584411621094,
                    "y": 0.04244384914636612,
                    "z": -28.176712036132812
                },
                {
                    "x": 28.742719650268555,
                    "y": 0.04244394227862358,
                    "z": -29.80916976928711
                },
                {
                    "x": 29.664827346801758,
                    "y": 0.042442649602890015,
                    "z": 27.980417251586914
                },
                {
                    "x": -30.105754852294922,
                    "y": 0.042442575097084045,
                    "z": 27.858264923095703
                }
            ]
        }
    ]
}