{
    "JOPMNNJKAJC": 40069,
    "EOJFPAGMDLJ": [
        {
            "JCLLKIGJAOM": 1,
            "LPIPLLJKJNN": 100.0,
            "GOBPAFNOCKE": -2.0,
            "CBKMOGJLIHK": [
                {
                    "_x": -31.575584411621094,
                    "_y": 0.04244384914636612,
                    "_z": -28.176712036132812
                },
                {
                    "_x": 28.742719650268555,
                    "_y": 0.04244394227862358,
                    "_z": -29.80916976928711
                },
                {
                    "_x": 29.664827346801758,
                    "_y": 0.042442649602890015,
                    "_z": 27.980417251586914
                },
                {
                    "_x": -30.105754852294922,
                    "_y": 0.042442575097084045,
                    "_z": 27.858264923095703
                }
            ]
        }
    ]
}