{
    "sceneId": 40067,
    "polygons": [
        {
            "localPolygonId": 1,
            "yMax": 100.0,
            "yMin": -2.0,
            "vertices": [
                {
                    "x": 30.994173049926758,
                    "y": 0.04244360327720642,
                    "z": -28.35531234741211
                },
                {
                    "x": -28.011402130126953,
                    "y": 0.5707189440727234,
                    "z": -28.169538497924805
                },
                {
                    "x": -30.624149322509766,
                    "y": 0.5707193613052368,
                    "z": 26.84860610961914
                },
                {
                    "x": 30.266199111938477,
                    "y": 0.04244232177734375,
                    "z": 28.240049362182617
                }
            ]
        }
    ]
}