{
    "JOPMNNJKAJC": 40067,
    "EOJFPAGMDLJ": [
        {
            "JCLLKIGJAOM": 1,
            "LPIPLLJKJNN": 100.0,
            "GOBPAFNOCKE": -2.0,
            "CBKMOGJLIHK": [
                {
                    "_x": 30.994173049926758,
                    "_y": 0.04244360327720642,
                    "_z": -28.35531234741211
                },
                {
                    "_x": -28.011402130126953,
                    "_y": 0.5707189440727234,
                    "_z": -28.169538497924805
                },
                {
                    "_x": -30.624149322509766,
                    "_y": 0.5707193613052368,
                    "_z": 26.84860610961914
                },
                {
                    "_x": 30.266199111938477,
                    "_y": 0.04244232177734375,
                    "_z": 28.240049362182617
                }
            ]
        }
    ]
}