{
    "sceneId": 45005,
    "polygons": [
        {
            "yMin": 1,
            "localPolygonId": 27.40357208251953,
            "yMax": -15.64406967163086,
            "vertices": [
                {
                    "_x": 69.36286926269531,
                    "_y": 7.403572082519531,
                    "_z": 9.475544929504395
                },
                {
                    "_x": 67.95260620117188,
                    "_y": 5.186628341674805,
                    "_z": 13.28156566619873
                },
                {
                    "_x": 65.35386657714844,
                    "_y": 4.355930328369141,
                    "_z": 10.3217134475708
                }
            ]
        }
    ]
}