{
    "sceneId": 42008,
    "polygons": [
        {
            "yMin": 1,
            "localPolygonId": 18.220577239990234,
            "yMax": -33.869415283203125,
            "vertices": [
                {
                    "_x": 107.32869720458984,
                    "_y": -1.7794218063354492,
                    "_z": -18.743274688720703
                },
                {
                    "_x": 109.61084747314453,
                    "_y": -9.201745986938477,
                    "_z": -14.068269729614258
                },
                {
                    "_x": 110.7510757446289,
                    "_y": -7.551324844360352,
                    "_z": -18.669612884521484
                }
            ]
        }
    ]
}