{
    "sceneId": 42005,
    "polygons": [
        {
            "localPolygonId": 1,
            "yMax": 15.083427429199219,
            "yMin": -25.66541290283203,
            "vertices": [
                {
                    "x": 102.42693328857422,
                    "y": -5.479423999786377,
                    "z": -0.5602331161499023
                },
                {
                    "x": 105.442138671875,
                    "y": -5.665413856506348,
                    "z": 0.6744256019592285
                },
                {
                    "x": 104.05296325683594,
                    "y": -4.916572093963623,
                    "z": 3.5654854774475098
                }
            ]
        }
    ]
}