{
    "JOPMNNJKAJC": 42003,
    "EOJFPAGMDLJ": [
        {
            "JCLLKIGJAOM": 1,
            "LPIPLLJKJNN": 27.131874084472656,
            "GOBPAFNOCKE": -12.886825561523438,
            "CBKMOGJLIHK": [
                {
                    "_x": 141.44125366210938,
                    "_y": 7.131874084472656,
                    "_z": -35.57378387451172
                },
                {
                    "_x": 143.33985900878906,
                    "_y": 7.1189351081848145,
                    "_z": -38.073326110839844
                },
                {
                    "_x": 145.4113311767578,
                    "_y": 7.1131744384765625,
                    "_z": -35.62217712402344
                }
            ]
        }
    ]
}