{
    "sceneId": 42006,
    "polygons": [
        {
            "localPolygonId": 1,
            "yMax": 15.637139320373535,
            "yMin": -27.85458755493164,
            "vertices": [
                {
                    "x": 34.077369689941406,
                    "y": -6.104709625244141,
                    "z": -93.11109924316406
                },
                {
                    "x": 32.052005767822266,
                    "y": -4.362860679626465,
                    "z": -91.31017303466797
                },
                {
                    "x": 28.260948181152344,
                    "y": -4.869630813598633,
                    "z": -91.42222595214844
                },
                {
                    "x": 29.883298873901367,
                    "y": -7.854587554931641,
                    "z": -93.86103820800781
                }
            ]
        }
    ]
}