{
    "sceneId": 42002,
    "polygons": [
        {
            "yMin": 1,
            "localPolygonId": 15.933006286621094,
            "yMax": -24.093257904052734,
            "vertices": [
                {
                    "_x": 12.049957275390625,
                    "_y": -4.073861598968506,
                    "_z": -35.476139068603516
                },
                {
                    "_x": 13.016144752502441,
                    "_y": -4.093257427215576,
                    "_z": -38.430320739746094
                },
                {
                    "_x": 16.071069717407227,
                    "_y": -4.088108062744141,
                    "_z": -37.18519592285156
                },
                {
                    "_x": 15.070098876953125,
                    "_y": -4.0669941902160645,
                    "_z": -34.10829162597656
                }
            ]
        }
    ]
}