{
    "sceneId": 42009,
    "polygons": [
        {
            "localPolygonId": 1,
            "yMax": 31.40999984741211,
            "yMin": -8.59000015258789,
            "vertices": [
                {
                    "x": 59.542850494384766,
                    "y": 11.40999984741211,
                    "z": -2.355346202850342
                },
                {
                    "x": 59.23750686645508,
                    "y": 11.40999984741211,
                    "z": -4.65325927734375
                },
                {
                    "x": 61.00124740600586,
                    "y": 11.40999984741211,
                    "z": -3.676576614379883
                }
            ]
        }
    ]
}