{
    "sceneId": 1006,
    "polygons": [
        {
            "yMin": 1,
            "localPolygonId": 100.0,
            "vertices": [
                {
                    "_x": 151.5989227294922,
                    "_y": 59.90834426879883,
                    "_z": -39.45161819458008
                },
                {
                    "_x": 186.07113647460938,
                    "_y": 62.50804901123047,
                    "_z": -41.246971130371094
                },
                {
                    "_x": 187.57037353515625,
                    "_y": 60.45082473754883,
                    "_z": -4.815862655639648
                },
                {
                    "_x": 151.26910400390625,
                    "_y": 60.69881820678711,
                    "_z": -4.005523681640625
                }
            ]
        }
    ]
}