{
    "sceneId": 42004,
    "polygons": [
        {
            "yMin": 1,
            "localPolygonId": 29.044410705566406,
            "yMax": -10.958759307861328,
            "vertices": [
                {
                    "_x": -5.010308265686035,
                    "_y": 9.041240692138672,
                    "_z": -54.408451080322266
                },
                {
                    "_x": -2.794578790664673,
                    "_y": 9.044410705566406,
                    "_z": -48.71957015991211
                },
                {
                    "_x": -8.032288551330566,
                    "_y": 9.04174518585205,
                    "_z": -48.2384033203125
                }
            ]
        }
    ]
}