{
    "sceneId": 42005,
    "polygons": [
        {
            "yMin": 1,
            "localPolygonId": 15.083427429199219,
            "yMax": -25.66541290283203,
            "vertices": [
                {
                    "_x": 102.42693328857422,
                    "_y": -5.479423999786377,
                    "_z": -0.5602331161499023
                },
                {
                    "_x": 105.442138671875,
                    "_y": -5.665413856506348,
                    "_z": 0.6744256019592285
                },
                {
                    "_x": 104.05296325683594,
                    "_y": -4.916572093963623,
                    "_z": 3.5654854774475098
                }
            ]
        }
    ]
}