{
    "JOPMNNJKAJC": 42009,
    "EOJFPAGMDLJ": [
        {
            "JCLLKIGJAOM": 1,
            "LPIPLLJKJNN": 31.40999984741211,
            "GOBPAFNOCKE": -8.59000015258789,
            "CBKMOGJLIHK": [
                {
                    "_x": 59.542850494384766,
                    "_y": 11.40999984741211,
                    "_z": -2.355346202850342
                },
                {
                    "_x": 59.23750686645508,
                    "_y": 11.40999984741211,
                    "_z": -4.65325927734375
                },
                {
                    "_x": 61.00124740600586,
                    "_y": 11.40999984741211,
                    "_z": -3.676576614379883
                }
            ]
        }
    ]
}