{
    "sceneId": 42010,
    "polygons": [
        {
            "localPolygonId": 1,
            "yMax": 34.71849060058594,
            "yMin": -5.3267412185668945,
            "vertices": [
                {
                    "x": 64.73613739013672,
                    "y": 14.707392692565918,
                    "z": -30.7485294342041
                },
                {
                    "x": 60.144798278808594,
                    "y": 14.673258781433105,
                    "z": -31.689002990722656
                },
                {
                    "x": 63.18415069580078,
                    "y": 14.718489646911621,
                    "z": -35.28215026855469
                }
            ]
        }
    ]
}