{
    "sceneId": 42012,
    "polygons": [
        {
            "yMin": 1,
            "localPolygonId": 14.104122161865234,
            "yMax": -25.908233642578125,
            "vertices": [
                {
                    "_x": 127.06684875488281,
                    "_y": -5.904510021209717,
                    "_z": -36.96628952026367
                },
                {
                    "_x": 125.56829071044922,
                    "_y": -5.908233642578125,
                    "_z": -33.49254608154297
                },
                {
                    "_x": 124.17011260986328,
                    "_y": -5.895878314971924,
                    "_z": -35.53977584838867
                }
            ]
        }
    ]
}