{
    "JOPMNNJKAJC": 42013,
    "EOJFPAGMDLJ": [
        {
            "JCLLKIGJAOM": 1,
            "LPIPLLJKJNN": 43.695735931396484,
            "GOBPAFNOCKE": -7.415811538696289,
            "CBKMOGJLIHK": [
                {
                    "_x": 159.0458221435547,
                    "_y": 23.695735931396484,
                    "_z": -54.459774017333984
                },
                {
                    "_x": 157.52964782714844,
                    "_y": 18.782211303710938,
                    "_z": -56.49543762207031
                },
                {
                    "_x": 156.197265625,
                    "_y": 12.584188461303711,
                    "_z": -52.35710525512695
                }
            ]
        }
    ]
}